game_id,game_name,year_month,peak_player_count,average_player_count
271590,Grand Theft Auto V Legacy,2026-04,108812,61797.66
271590,Grand Theft Auto V Legacy,2026-03,127424,69770.16
271590,Grand Theft Auto V Legacy,2026-02,127027,77909.39
271590,Grand Theft Auto V Legacy,2026-01,129542,80873.87
271590,Grand Theft Auto V Legacy,2025-12,136591,81832.19
271590,Grand Theft Auto V Legacy,2025-11,105128,61852.24
271590,Grand Theft Auto V Legacy,2025-10,108952,57282.49
271590,Grand Theft Auto V Legacy,2025-09,98431,55605.21
271590,Grand Theft Auto V Legacy,2025-08,109253,68245.55
271590,Grand Theft Auto V Legacy,2025-07,102267,69422.04
271590,Grand Theft Auto V Legacy,2025-06,112862,72261.0
271590,Grand Theft Auto V Legacy,2025-05,115706,66337.58
271590,Grand Theft Auto V Legacy,2025-04,99414,57273.78
271590,Grand Theft Auto V Legacy,2025-03,184063,78010.66
271590,Grand Theft Auto V Legacy,2025-02,208168,117781.37
271590,Grand Theft Auto V Legacy,2025-01,211328,129120.24
271590,Grand Theft Auto V Legacy,2024-12,217485,123261.08
271590,Grand Theft Auto V Legacy,2024-11,189870,100381.18
271590,Grand Theft Auto V Legacy,2024-10,162388,91560.9
271590,Grand Theft Auto V Legacy,2024-09,185555,97104.3
271590,Grand Theft Auto V Legacy,2024-08,184785,116181.25
271590,Grand Theft Auto V Legacy,2024-07,185504,115603.54
271590,Grand Theft Auto V Legacy,2024-06,171685,102804.47
271590,Grand Theft Auto V Legacy,2024-05,152030,92747.84
271590,Grand Theft Auto V Legacy,2024-04,169535,95409.06
271590,Grand Theft Auto V Legacy,2024-03,193834,104563.67
271590,Grand Theft Auto V Legacy,2024-02,185992,108198.07
271590,Grand Theft Auto V Legacy,2024-01,218773,123806.19
271590,Grand Theft Auto V Legacy,2023-12,295651,145070.42
271590,Grand Theft Auto V Legacy,2023-11,167317,88008.14
271590,Grand Theft Auto V Legacy,2023-10,166618,86737.81
271590,Grand Theft Auto V Legacy,2023-09,166502,91128.11
271590,Grand Theft Auto V Legacy,2023-08,170280,103806.32
271590,Grand Theft Auto V Legacy,2023-07,180937,116997.68
271590,Grand Theft Auto V Legacy,2023-06,207718,114593.46
271590,Grand Theft Auto V Legacy,2023-05,152862,89300.03
271590,Grand Theft Auto V Legacy,2023-04,157231,90736.77
271590,Grand Theft Auto V Legacy,2023-03,167901,90210.66
271590,Grand Theft Auto V Legacy,2023-02,174026,96887.19
271590,Grand Theft Auto V Legacy,2023-01,176528,110334.38
271590,Grand Theft Auto V Legacy,2022-12,180121,106294.15
271590,Grand Theft Auto V Legacy,2022-11,164601,89047.41
271590,Grand Theft Auto V Legacy,2022-10,168100,91790.19
271590,Grand Theft Auto V Legacy,2022-09,175811,96433.87
271590,Grand Theft Auto V Legacy,2022-08,195472,118088.69
271590,Grand Theft Auto V Legacy,2022-07,197328,98623.46
271590,Grand Theft Auto V Legacy,2022-06,133299,84516.06
271590,Grand Theft Auto V Legacy,2022-05,138240,79745.34
271590,Grand Theft Auto V Legacy,2022-04,153693,83231.22
271590,Grand Theft Auto V Legacy,2022-03,147473,82996.04
271590,Grand Theft Auto V Legacy,2022-02,155111,92515.6
271590,Grand Theft Auto V Legacy,2022-01,158823,96452.81
271590,Grand Theft Auto V Legacy,2021-12,173538,91251.21
271590,Grand Theft Auto V Legacy,2021-11,136818,73217.07
271590,Grand Theft Auto V Legacy,2021-10,136046,73027.34
271590,Grand Theft Auto V Legacy,2021-09,151408,81232.2
271590,Grand Theft Auto V Legacy,2021-08,214591,118900.57
271590,Grand Theft Auto V Legacy,2021-07,218784,112995.42
271590,Grand Theft Auto V Legacy,2021-06,155599,88915.4
271590,Grand Theft Auto V Legacy,2021-05,146011,84756.76
271590,Grand Theft Auto V Legacy,2021-04,178142,92647.8
271590,Grand Theft Auto V Legacy,2021-03,183227,89792.84
271590,Grand Theft Auto V Legacy,2021-02,146438,90647.64
271590,Grand Theft Auto V Legacy,2021-01,184941,101250.59
271590,Grand Theft Auto V Legacy,2020-12,258539,106914.27
271590,Grand Theft Auto V Legacy,2020-11,157355,76718.34
271590,Grand Theft Auto V Legacy,2020-10,128578,67193.03
271590,Grand Theft Auto V Legacy,2020-09,126174,68047.03
271590,Grand Theft Auto V Legacy,2020-08,154677,88398.36
271590,Grand Theft Auto V Legacy,2020-07,134093,83654.72
271590,Grand Theft Auto V Legacy,2020-06,180302,99752.85
271590,Grand Theft Auto V Legacy,2020-05,260562,141369.88
271590,Grand Theft Auto V Legacy,2020-04,243284,126086.73
271590,Grand Theft Auto V Legacy,2020-03,209493,116386.37
271590,Grand Theft Auto V Legacy,2020-02,267360,142724.48
271590,Grand Theft Auto V Legacy,2020-01,214796,111300.2
271590,Grand Theft Auto V Legacy,2019-12,204137,97777.69
271590,Grand Theft Auto V Legacy,2019-11,138540,68842.93
271590,Grand Theft Auto V Legacy,2019-10,117002,58656.08
271590,Grand Theft Auto V Legacy,2019-09,135072,66131.62
271590,Grand Theft Auto V Legacy,2019-08,176207,97648.0
271590,Grand Theft Auto V Legacy,2019-07,197555,92617.62
271590,Grand Theft Auto V Legacy,2019-06,109164,56717.73
271590,Grand Theft Auto V Legacy,2019-05,108557,55410.52
271590,Grand Theft Auto V Legacy,2019-04,91586,48502.28
271590,Grand Theft Auto V Legacy,2019-03,126518,60229.66
271590,Grand Theft Auto V Legacy,2019-02,119439,58124.22
271590,Grand Theft Auto V Legacy,2019-01,118210,59851.2
271590,Grand Theft Auto V Legacy,2018-12,120693,55641.33
271590,Grand Theft Auto V Legacy,2018-11,81360,43009.38
271590,Grand Theft Auto V Legacy,2018-10,81337,43265.97
271590,Grand Theft Auto V Legacy,2018-09,97920,49147.67
271590,Grand Theft Auto V Legacy,2018-08,123556,68312.15
271590,Grand Theft Auto V Legacy,2018-07,162021,80395.34
271590,Grand Theft Auto V Legacy,2018-06,118332,48927.49
271590,Grand Theft Auto V Legacy,2018-05,82956,41278.73
271590,Grand Theft Auto V Legacy,2018-04,89792,42779.52
271590,Grand Theft Auto V Legacy,2018-03,94489,46028.18
271590,Grand Theft Auto V Legacy,2018-02,94308,53395.68
271590,Grand Theft Auto V Legacy,2018-01,167754,77566.84
271590,Grand Theft Auto V Legacy,2017-12,170316,78066.93
271590,Grand Theft Auto V Legacy,2017-11,85105,41915.16
271590,Grand Theft Auto V Legacy,2017-10,84553,39774.46
271590,Grand Theft Auto V Legacy,2017-09,101433,45842.92
271590,Grand Theft Auto V Legacy,2017-08,121830,54028.65
271590,Grand Theft Auto V Legacy,2017-07,112074,60840.07
271590,Grand Theft Auto V Legacy,2017-06,131936,60285.4
271590,Grand Theft Auto V Legacy,2017-05,83483,42879.64
271590,Grand Theft Auto V Legacy,2017-04,96503,49108.33
271590,Grand Theft Auto V Legacy,2017-03,98798,48616.89
271590,Grand Theft Auto V Legacy,2017-02,104902,53270.99
271590,Grand Theft Auto V Legacy,2017-01,116125,63178.67
271590,Grand Theft Auto V Legacy,2016-12,126681,61843.72
271590,Grand Theft Auto V Legacy,2016-11,86759,42991.3
271590,Grand Theft Auto V Legacy,2016-10,86192,42084.49
271590,Grand Theft Auto V Legacy,2016-09,61921,31643.93
271590,Grand Theft Auto V Legacy,2016-08,63873,38791.87
271590,Grand Theft Auto V Legacy,2016-07,71778,45166.12
271590,Grand Theft Auto V Legacy,2016-06,78330,40152.83
271590,Grand Theft Auto V Legacy,2016-05,48053,25230.19
271590,Grand Theft Auto V Legacy,2016-04,65878,31671.3
271590,Grand Theft Auto V Legacy,2016-03,64633,34000.43
271590,Grand Theft Auto V Legacy,2016-02,72735,40013.1
271590,Grand Theft Auto V Legacy,2016-01,93726,46993.33
271590,Grand Theft Auto V Legacy,2015-12,84558,43874.72
271590,Grand Theft Auto V Legacy,2015-11,77141,34465.84
271590,Grand Theft Auto V Legacy,2015-10,73902,30924.76
271590,Grand Theft Auto V Legacy,2015-09,46917,25387.81
271590,Grand Theft Auto V Legacy,2015-08,50693,30918.06
271590,Grand Theft Auto V Legacy,2015-07,60908,37657.07
271590,Grand Theft Auto V Legacy,2015-06,85195,46953.24
271590,Grand Theft Auto V Legacy,2015-05,215966,93361.62
271590,Grand Theft Auto V Legacy,2015-04,360761,192714.01
105600,Terraria,2026-04,55827,27433.52
105600,Terraria,2026-03,94608,44843.53
105600,Terraria,2026-02,226559,102250.08
105600,Terraria,2026-01,220557,48683.33
105600,Terraria,2025-12,49495,25806.97
105600,Terraria,2025-11,36107,22254.18
105600,Terraria,2025-10,43536,23013.87
105600,Terraria,2025-09,33263,18785.74
105600,Terraria,2025-08,41350,25977.35
105600,Terraria,2025-07,53239,30417.5
105600,Terraria,2025-06,46033,26254.06
105600,Terraria,2025-05,49056,25858.26
105600,Terraria,2025-04,49797,26045.66
105600,Terraria,2025-03,53013,28333.97
105600,Terraria,2025-02,40622,26793.89
105600,Terraria,2025-01,47706,29151.93
105600,Terraria,2024-12,61068,28796.58
105600,Terraria,2024-11,54656,22429.16
105600,Terraria,2024-10,39496,22679.99
105600,Terraria,2024-09,45478,22638.4
105600,Terraria,2024-08,40217,26699.24
105600,Terraria,2024-07,45909,31317.09
105600,Terraria,2024-06,47813,29746.74
105600,Terraria,2024-05,42890,24490.71
105600,Terraria,2024-04,51130,27616.95
105600,Terraria,2024-03,50825,26284.62
105600,Terraria,2024-02,41641,25216.02
105600,Terraria,2024-01,54281,32926.8
105600,Terraria,2023-12,57589,30291.06
105600,Terraria,2023-11,59965,30233.88
105600,Terraria,2023-10,60412,33173.39
105600,Terraria,2023-09,63954,31760.67
105600,Terraria,2023-08,53700,35810.69
105600,Terraria,2023-07,68151,45504.92
105600,Terraria,2023-06,47246,32016.04
105600,Terraria,2023-05,47609,29882.86
105600,Terraria,2023-04,57857,34804.18
105600,Terraria,2023-03,60408,32412.67
105600,Terraria,2023-02,50167,31995.76
105600,Terraria,2023-01,61425,39418.54
105600,Terraria,2022-12,62255,36542.58
105600,Terraria,2022-11,70589,40035.46
105600,Terraria,2022-10,115029,60798.95
105600,Terraria,2022-09,71258,25440.19
105600,Terraria,2022-08,41392,29415.27
105600,Terraria,2022-07,50902,35823.23
105600,Terraria,2022-06,45395,30834.02
105600,Terraria,2022-05,45021,28125.37
105600,Terraria,2022-04,44767,26656.77
105600,Terraria,2022-03,44948,27627.19
105600,Terraria,2022-02,57046,33403.95
105600,Terraria,2022-01,59635,40140.54
105600,Terraria,2021-12,73393,38408.77
105600,Terraria,2021-11,84258,38330.96
105600,Terraria,2021-10,63430,28707.56
105600,Terraria,2021-09,45520,25234.37
105600,Terraria,2021-08,42367,30195.3
105600,Terraria,2021-07,42378,31090.64
105600,Terraria,2021-06,49750,31688.26
105600,Terraria,2021-05,55027,33019.91
105600,Terraria,2021-04,44708,27998.64
105600,Terraria,2021-03,45035,29778.55
105600,Terraria,2021-02,55078,37535.76
105600,Terraria,2021-01,47087,34045.3
105600,Terraria,2020-12,43285,28858.27
105600,Terraria,2020-11,45815,30765.52
105600,Terraria,2020-10,48712,26825.01
105600,Terraria,2020-09,33696,21643.36
105600,Terraria,2020-08,40187,28647.58
105600,Terraria,2020-07,62269,40828.84
105600,Terraria,2020-06,157919,75803.88
105600,Terraria,2020-05,486918,129808.62
105600,Terraria,2020-04,72280,51315.09
105600,Terraria,2020-03,48542,30993.52
105600,Terraria,2020-02,42862,27811.01
105600,Terraria,2020-01,49672,29514.3
105600,Terraria,2019-12,57927,35587.14
105600,Terraria,2019-11,53380,21010.96
105600,Terraria,2019-10,25955,15149.03
105600,Terraria,2019-09,26791,15974.28
105600,Terraria,2019-08,27917,20441.87
105600,Terraria,2019-07,35010,25908.47
105600,Terraria,2019-06,35123,24024.57
105600,Terraria,2019-05,34594,20160.82
105600,Terraria,2019-04,35231,19760.84
105600,Terraria,2019-03,28659,17475.32
105600,Terraria,2019-02,34169,20350.48
105600,Terraria,2019-01,39437,24649.15
105600,Terraria,2018-12,31424,17776.43
105600,Terraria,2018-11,28050,15635.95
105600,Terraria,2018-10,26054,14899.15
105600,Terraria,2018-09,25303,14684.79
105600,Terraria,2018-08,25523,17935.16
105600,Terraria,2018-07,31403,23079.63
105600,Terraria,2018-06,30003,20082.14
105600,Terraria,2018-05,30276,17942.1
105600,Terraria,2018-04,31058,17991.83
105600,Terraria,2018-03,29904,17883.8
105600,Terraria,2018-02,29858,18467.05
105600,Terraria,2018-01,34396,20687.97
105600,Terraria,2017-12,33063,19586.05
105600,Terraria,2017-11,29128,16630.67
105600,Terraria,2017-10,29120,16272.83
105600,Terraria,2017-09,27568,16289.05
105600,Terraria,2017-08,28218,19588.36
105600,Terraria,2017-07,31959,23413.09
105600,Terraria,2017-06,30594,19604.53
105600,Terraria,2017-05,29192,17108.37
105600,Terraria,2017-04,31152,16998.39
105600,Terraria,2017-03,26626,14951.85
105600,Terraria,2017-02,27644,16403.13
105600,Terraria,2017-01,34214,19425.38
105600,Terraria,2016-12,32543,19315.3
105600,Terraria,2016-11,36926,17145.48
105600,Terraria,2016-10,23776,13364.55
105600,Terraria,2016-09,24473,12760.1
105600,Terraria,2016-08,22057,15089.83
105600,Terraria,2016-07,33051,19813.61
105600,Terraria,2016-06,30486,18808.88
105600,Terraria,2016-05,30112,14718.13
105600,Terraria,2016-04,25034,13951.01
105600,Terraria,2016-03,25409,14525.52
105600,Terraria,2016-02,26573,15533.39
105600,Terraria,2016-01,39425,20924.99
105600,Terraria,2015-12,37821,19534.38
105600,Terraria,2015-11,28867,14108.95
105600,Terraria,2015-10,28621,15566.45
105600,Terraria,2015-09,33538,17667.13
105600,Terraria,2015-08,54486,29183.13
105600,Terraria,2015-07,149316,72132.59
105600,Terraria,2015-06,158947,13180.73
105600,Terraria,2015-05,15021,8557.78
105600,Terraria,2015-04,14185,8055.54
105600,Terraria,2015-03,15502,8187.08
105600,Terraria,2015-02,16831,9485.75
105600,Terraria,2015-01,26016,12344.52
105600,Terraria,2014-12,27255,13612.64
105600,Terraria,2014-11,22395,8608.92
105600,Terraria,2014-10,16597,9051.48
105600,Terraria,2014-09,20721,10025.46
105600,Terraria,2014-08,14455,9491.65
105600,Terraria,2014-07,28048,14022.64
105600,Terraria,2014-06,32249,13704.97
105600,Terraria,2014-05,26328,11115.93
105600,Terraria,2014-04,11069,6438.95
105600,Terraria,2014-03,14336,7213.54
105600,Terraria,2014-02,17002,8396.13
105600,Terraria,2014-01,22962,10849.59
105600,Terraria,2013-12,27274,14111.89
105600,Terraria,2013-11,40370,16431.88
105600,Terraria,2013-10,97392,41057.1
105600,Terraria,2013-09,12057,4609.88
105600,Terraria,2013-08,8392,4917.9
105600,Terraria,2013-07,18750,7174.02
105600,Terraria,2013-06,11339,6076.89
105600,Terraria,2013-05,14305,6591.18
105600,Terraria,2013-04,11856,6050.11
105600,Terraria,2013-03,14259,5091.04
105600,Terraria,2013-02,8502,4208.27
105600,Terraria,2013-01,13303,6025.35
105600,Terraria,2012-12,9119,4642.07
105600,Terraria,2012-11,10799,3976.15
105600,Terraria,2012-10,6664,3191.02
105600,Terraria,2012-09,8503,3919.96
105600,Terraria,2012-08,8399,4716.07
105600,Terraria,2012-07,16097,9022.77
292030,The Witcher 3: Wild Hunt,2026-04,24058,11529.08
292030,The Witcher 3: Wild Hunt,2026-03,25044,12211.81
292030,The Witcher 3: Wild Hunt,2026-02,29465,14558.0
292030,The Witcher 3: Wild Hunt,2026-01,37614,18665.51
292030,The Witcher 3: Wild Hunt,2025-12,37127,19269.96
292030,The Witcher 3: Wild Hunt,2025-11,34027,13389.43
292030,The Witcher 3: Wild Hunt,2025-10,24376,11571.21
292030,The Witcher 3: Wild Hunt,2025-09,24222,11043.12
292030,The Witcher 3: Wild Hunt,2025-08,27358,13892.32
292030,The Witcher 3: Wild Hunt,2025-07,27556,13970.09
292030,The Witcher 3: Wild Hunt,2025-06,34752,16655.52
292030,The Witcher 3: Wild Hunt,2025-05,42217,14623.26
292030,The Witcher 3: Wild Hunt,2025-04,24073,11039.54
292030,The Witcher 3: Wild Hunt,2025-03,28620,13603.54
292030,The Witcher 3: Wild Hunt,2025-02,36273,16543.11
292030,The Witcher 3: Wild Hunt,2025-01,44369,21688.04
292030,The Witcher 3: Wild Hunt,2024-12,46370,21388.19
292030,The Witcher 3: Wild Hunt,2024-11,25931,12698.93
292030,The Witcher 3: Wild Hunt,2024-10,24456,11447.59
292030,The Witcher 3: Wild Hunt,2024-09,26658,12354.27
292030,The Witcher 3: Wild Hunt,2024-08,31038,14650.83
292030,The Witcher 3: Wild Hunt,2024-07,42090,19609.43
292030,The Witcher 3: Wild Hunt,2024-06,40016,12347.18
292030,The Witcher 3: Wild Hunt,2024-05,24621,11297.43
292030,The Witcher 3: Wild Hunt,2024-04,29561,12834.17
292030,The Witcher 3: Wild Hunt,2024-03,25678,12212.75
292030,The Witcher 3: Wild Hunt,2024-02,27375,12831.56
292030,The Witcher 3: Wild Hunt,2024-01,28512,13845.81
292030,The Witcher 3: Wild Hunt,2023-12,28034,13896.57
292030,The Witcher 3: Wild Hunt,2023-11,27122,10772.96
292030,The Witcher 3: Wild Hunt,2023-10,26915,11698.63
292030,The Witcher 3: Wild Hunt,2023-09,21563,10423.02
292030,The Witcher 3: Wild Hunt,2023-08,31085,14369.2
292030,The Witcher 3: Wild Hunt,2023-07,29324,16000.26
292030,The Witcher 3: Wild Hunt,2023-06,25541,11875.09
292030,The Witcher 3: Wild Hunt,2023-05,20933,10432.88
292030,The Witcher 3: Wild Hunt,2023-04,24961,12309.22
292030,The Witcher 3: Wild Hunt,2023-03,27769,12976.16
292030,The Witcher 3: Wild Hunt,2023-02,46046,19750.31
292030,The Witcher 3: Wild Hunt,2023-01,79210,37136.57
292030,The Witcher 3: Wild Hunt,2022-12,89259,37310.08
292030,The Witcher 3: Wild Hunt,2022-11,34827,14553.03
292030,The Witcher 3: Wild Hunt,2022-10,27275,11807.48
292030,The Witcher 3: Wild Hunt,2022-09,28770,12556.26
292030,The Witcher 3: Wild Hunt,2022-08,26510,13571.44
292030,The Witcher 3: Wild Hunt,2022-07,24297,13481.44
292030,The Witcher 3: Wild Hunt,2022-06,23048,12177.66
292030,The Witcher 3: Wild Hunt,2022-05,31716,13961.17
292030,The Witcher 3: Wild Hunt,2022-04,31534,15075.03
292030,The Witcher 3: Wild Hunt,2022-03,40775,17832.11
292030,The Witcher 3: Wild Hunt,2022-02,46617,21392.78
292030,The Witcher 3: Wild Hunt,2022-01,78592,36730.6
292030,The Witcher 3: Wild Hunt,2021-12,62211,25127.6
292030,The Witcher 3: Wild Hunt,2021-11,31845,15460.05
292030,The Witcher 3: Wild Hunt,2021-10,32571,13533.08
292030,The Witcher 3: Wild Hunt,2021-09,44434,19679.51
292030,The Witcher 3: Wild Hunt,2021-08,44132,18249.08
292030,The Witcher 3: Wild Hunt,2021-07,38753,19869.14
292030,The Witcher 3: Wild Hunt,2021-06,34733,17441.56
292030,The Witcher 3: Wild Hunt,2021-05,41446,16811.18
292030,The Witcher 3: Wild Hunt,2021-04,43867,18818.8
292030,The Witcher 3: Wild Hunt,2021-03,37844,15413.25
292030,The Witcher 3: Wild Hunt,2021-02,38603,17799.54
292030,The Witcher 3: Wild Hunt,2021-01,42783,20702.44
292030,The Witcher 3: Wild Hunt,2020-12,41042,21141.69
292030,The Witcher 3: Wild Hunt,2020-11,37517,17111.12
292030,The Witcher 3: Wild Hunt,2020-10,27402,13916.9
292030,The Witcher 3: Wild Hunt,2020-09,38742,18310.61
292030,The Witcher 3: Wild Hunt,2020-08,36555,16327.61
292030,The Witcher 3: Wild Hunt,2020-07,34735,18828.38
292030,The Witcher 3: Wild Hunt,2020-06,35118,19000.83
292030,The Witcher 3: Wild Hunt,2020-05,41736,21434.48
292030,The Witcher 3: Wild Hunt,2020-04,61236,27245.33
292030,The Witcher 3: Wild Hunt,2020-03,49787,21457.11
292030,The Witcher 3: Wild Hunt,2020-02,62188,27746.84
292030,The Witcher 3: Wild Hunt,2020-01,103329,48217.32
292030,The Witcher 3: Wild Hunt,2019-12,94601,27360.04
292030,The Witcher 3: Wild Hunt,2019-11,26594,13160.64
292030,The Witcher 3: Wild Hunt,2019-10,20367,9900.18
292030,The Witcher 3: Wild Hunt,2019-09,30585,13255.62
292030,The Witcher 3: Wild Hunt,2019-08,25634,13025.41
292030,The Witcher 3: Wild Hunt,2019-07,35770,18447.65
292030,The Witcher 3: Wild Hunt,2019-06,33044,15194.21
292030,The Witcher 3: Wild Hunt,2019-05,21319,10125.0
292030,The Witcher 3: Wild Hunt,2019-04,33783,12508.73
292030,The Witcher 3: Wild Hunt,2019-03,23575,10877.01
292030,The Witcher 3: Wild Hunt,2019-02,33762,14526.67
292030,The Witcher 3: Wild Hunt,2019-01,25651,13063.19
292030,The Witcher 3: Wild Hunt,2018-12,23943,12029.72
292030,The Witcher 3: Wild Hunt,2018-11,27237,13405.32
292030,The Witcher 3: Wild Hunt,2018-10,19557,10100.67
292030,The Witcher 3: Wild Hunt,2018-09,25800,12232.38
292030,The Witcher 3: Wild Hunt,2018-08,19278,10237.83
292030,The Witcher 3: Wild Hunt,2018-07,28266,15118.61
292030,The Witcher 3: Wild Hunt,2018-06,29642,13706.43
292030,The Witcher 3: Wild Hunt,2018-05,19144,10133.2
292030,The Witcher 3: Wild Hunt,2018-04,26152,11697.12
292030,The Witcher 3: Wild Hunt,2018-03,24060,11525.2
292030,The Witcher 3: Wild Hunt,2018-02,31972,15741.35
292030,The Witcher 3: Wild Hunt,2018-01,29721,15514.6
292030,The Witcher 3: Wild Hunt,2017-12,24798,12931.77
292030,The Witcher 3: Wild Hunt,2017-11,28177,13514.72
292030,The Witcher 3: Wild Hunt,2017-10,33188,12151.0
292030,The Witcher 3: Wild Hunt,2017-09,23085,10795.97
292030,The Witcher 3: Wild Hunt,2017-08,18445,10087.14
292030,The Witcher 3: Wild Hunt,2017-07,29255,14874.07
292030,The Witcher 3: Wild Hunt,2017-06,34131,16026.23
292030,The Witcher 3: Wild Hunt,2017-05,17637,9786.48
292030,The Witcher 3: Wild Hunt,2017-04,22658,11173.29
292030,The Witcher 3: Wild Hunt,2017-03,19812,10312.55
292030,The Witcher 3: Wild Hunt,2017-02,25989,13019.03
292030,The Witcher 3: Wild Hunt,2017-01,31967,16048.63
292030,The Witcher 3: Wild Hunt,2016-12,24570,11897.16
292030,The Witcher 3: Wild Hunt,2016-11,21281,9113.02
292030,The Witcher 3: Wild Hunt,2016-10,17821,8779.56
292030,The Witcher 3: Wild Hunt,2016-09,18718,9492.12
292030,The Witcher 3: Wild Hunt,2016-08,18860,9554.01
292030,The Witcher 3: Wild Hunt,2016-07,31244,14430.46
292030,The Witcher 3: Wild Hunt,2016-06,53576,22123.79
292030,The Witcher 3: Wild Hunt,2016-05,49246,9451.24
292030,The Witcher 3: Wild Hunt,2016-04,10318,5105.42
292030,The Witcher 3: Wild Hunt,2016-03,11539,5797.01
292030,The Witcher 3: Wild Hunt,2016-02,14799,7739.3
292030,The Witcher 3: Wild Hunt,2016-01,23429,11053.46
292030,The Witcher 3: Wild Hunt,2015-12,18536,8966.6
292030,The Witcher 3: Wild Hunt,2015-11,15187,6234.78
292030,The Witcher 3: Wild Hunt,2015-10,20651,8099.79
292030,The Witcher 3: Wild Hunt,2015-09,13733,6259.05
292030,The Witcher 3: Wild Hunt,2015-08,13948,7097.83
292030,The Witcher 3: Wild Hunt,2015-07,22148,10105.8
292030,The Witcher 3: Wild Hunt,2015-06,55408,22813.12
292030,The Witcher 3: Wild Hunt,2015-05,92268,51916.54
4000,Garry's Mod,2026-04,38055,21020.43
4000,Garry's Mod,2026-03,36970,20983.58
4000,Garry's Mod,2026-02,37890,21888.4
4000,Garry's Mod,2026-01,38994,22582.91
4000,Garry's Mod,2025-12,32581,19596.01
4000,Garry's Mod,2025-11,32386,18495.77
4000,Garry's Mod,2025-10,32961,18195.05
4000,Garry's Mod,2025-09,32655,17403.44
4000,Garry's Mod,2025-08,33768,21049.53
4000,Garry's Mod,2025-07,32268,21392.42
4000,Garry's Mod,2025-06,32816,20165.41
4000,Garry's Mod,2025-05,32792,18718.51
4000,Garry's Mod,2025-04,32902,18247.92
4000,Garry's Mod,2025-03,34161,18988.46
4000,Garry's Mod,2025-02,36126,20434.81
4000,Garry's Mod,2025-01,38212,22177.45
4000,Garry's Mod,2024-12,34370,19657.81
4000,Garry's Mod,2024-11,35672,19298.12
4000,Garry's Mod,2024-10,32228,17897.87
4000,Garry's Mod,2024-09,32654,18417.11
4000,Garry's Mod,2024-08,35828,23125.33
4000,Garry's Mod,2024-07,35584,23520.78
4000,Garry's Mod,2024-06,33580,21106.12
4000,Garry's Mod,2024-05,35550,20075.52
4000,Garry's Mod,2024-04,35585,19647.18
4000,Garry's Mod,2024-03,38902,21563.21
4000,Garry's Mod,2024-02,36645,20326.8
4000,Garry's Mod,2024-01,38297,22023.87
4000,Garry's Mod,2023-12,34888,19787.65
4000,Garry's Mod,2023-11,36290,18960.65
4000,Garry's Mod,2023-10,34157,18678.73
4000,Garry's Mod,2023-09,34486,18931.08
4000,Garry's Mod,2023-08,36844,23970.67
4000,Garry's Mod,2023-07,39463,26701.67
4000,Garry's Mod,2023-06,38960,24009.06
4000,Garry's Mod,2023-05,38623,21574.27
4000,Garry's Mod,2023-04,38939,21871.7
4000,Garry's Mod,2023-03,38970,21402.1
4000,Garry's Mod,2023-02,43508,22895.6
4000,Garry's Mod,2023-01,45181,25203.13
4000,Garry's Mod,2022-12,39296,23116.96
4000,Garry's Mod,2022-11,44316,21942.81
4000,Garry's Mod,2022-10,40118,22044.93
4000,Garry's Mod,2022-09,44439,22778.14
4000,Garry's Mod,2022-08,44204,28859.62
4000,Garry's Mod,2022-07,43359,29232.98
4000,Garry's Mod,2022-06,42290,26814.53
4000,Garry's Mod,2022-05,40925,23003.93
4000,Garry's Mod,2022-04,40079,22740.3
4000,Garry's Mod,2022-03,40548,22272.69
4000,Garry's Mod,2022-02,43667,25213.83
4000,Garry's Mod,2022-01,45812,26379.77
4000,Garry's Mod,2021-12,38682,22330.28
4000,Garry's Mod,2021-11,40869,21959.29
4000,Garry's Mod,2021-10,44654,22089.76
4000,Garry's Mod,2021-09,39242,21523.45
4000,Garry's Mod,2021-08,41736,27399.51
4000,Garry's Mod,2021-07,39573,27564.67
4000,Garry's Mod,2021-06,39465,25078.23
4000,Garry's Mod,2021-05,41150,24382.18
4000,Garry's Mod,2021-04,41837,25108.0
4000,Garry's Mod,2021-03,42699,25019.71
4000,Garry's Mod,2021-02,45995,27741.26
4000,Garry's Mod,2021-01,46668,28054.43
4000,Garry's Mod,2020-12,41597,24362.55
4000,Garry's Mod,2020-11,41428,24014.45
4000,Garry's Mod,2020-10,39824,22775.04
4000,Garry's Mod,2020-09,38216,22396.92
4000,Garry's Mod,2020-08,41437,28184.07
4000,Garry's Mod,2020-07,42318,29238.95
4000,Garry's Mod,2020-06,42557,29114.99
4000,Garry's Mod,2020-05,52658,31974.56
4000,Garry's Mod,2020-04,59682,38758.97
4000,Garry's Mod,2020-03,61933,32020.84
4000,Garry's Mod,2020-02,45063,24805.03
4000,Garry's Mod,2020-01,49001,26582.47
4000,Garry's Mod,2019-12,44534,24260.67
4000,Garry's Mod,2019-11,41070,21533.76
4000,Garry's Mod,2019-10,39520,20281.2
4000,Garry's Mod,2019-09,41436,21126.43
4000,Garry's Mod,2019-08,41907,27440.08
4000,Garry's Mod,2019-07,47362,30954.39
4000,Garry's Mod,2019-06,47984,29240.97
4000,Garry's Mod,2019-05,47105,24490.16
4000,Garry's Mod,2019-04,48291,25250.17
4000,Garry's Mod,2019-03,48267,25679.06
4000,Garry's Mod,2019-02,49239,26411.74
4000,Garry's Mod,2019-01,53218,29084.3
4000,Garry's Mod,2018-12,48799,25707.03
4000,Garry's Mod,2018-11,49693,24460.87
4000,Garry's Mod,2018-10,45573,22775.26
4000,Garry's Mod,2018-09,45605,22735.23
4000,Garry's Mod,2018-08,48101,31232.3
4000,Garry's Mod,2018-07,52636,34369.55
4000,Garry's Mod,2018-06,52300,30091.8
4000,Garry's Mod,2018-05,47581,24846.09
4000,Garry's Mod,2018-04,46921,25247.24
4000,Garry's Mod,2018-03,50266,26730.24
4000,Garry's Mod,2018-02,53530,28612.59
4000,Garry's Mod,2018-01,60078,31755.37
4000,Garry's Mod,2017-12,53203,28716.43
4000,Garry's Mod,2017-11,52605,26034.59
4000,Garry's Mod,2017-10,52376,25844.08
4000,Garry's Mod,2017-09,52726,26093.66
4000,Garry's Mod,2017-08,53370,34217.31
4000,Garry's Mod,2017-07,53019,34957.69
4000,Garry's Mod,2017-06,54424,32517.43
4000,Garry's Mod,2017-05,57000,27900.38
4000,Garry's Mod,2017-04,59032,30715.42
4000,Garry's Mod,2017-03,57946,28481.79
4000,Garry's Mod,2017-02,62069,31924.18
4000,Garry's Mod,2017-01,68016,34615.14
4000,Garry's Mod,2016-12,60887,31132.16
4000,Garry's Mod,2016-11,56678,26867.82
4000,Garry's Mod,2016-10,51015,26279.18
4000,Garry's Mod,2016-09,53570,26077.93
4000,Garry's Mod,2016-08,56748,36244.91
4000,Garry's Mod,2016-07,59522,38341.36
4000,Garry's Mod,2016-06,59819,34747.04
4000,Garry's Mod,2016-05,58486,29271.56
4000,Garry's Mod,2016-04,59069,30769.9
4000,Garry's Mod,2016-03,58183,30958.2
4000,Garry's Mod,2016-02,64930,34290.27
4000,Garry's Mod,2016-01,69854,37432.83
4000,Garry's Mod,2015-12,65324,32256.64
4000,Garry's Mod,2015-11,60907,26362.12
4000,Garry's Mod,2015-10,50740,25704.15
4000,Garry's Mod,2015-09,51555,25602.28
4000,Garry's Mod,2015-08,57865,36006.78
4000,Garry's Mod,2015-07,53414,34007.61
4000,Garry's Mod,2015-06,51539,31106.29
4000,Garry's Mod,2015-05,52285,27762.35
4000,Garry's Mod,2015-04,59154,29433.28
4000,Garry's Mod,2015-03,65458,30297.82
4000,Garry's Mod,2015-02,67527,34120.43
4000,Garry's Mod,2015-01,73750,36142.6
4000,Garry's Mod,2014-12,59773,32034.15
4000,Garry's Mod,2014-11,60734,26910.72
4000,Garry's Mod,2014-10,54617,26056.85
4000,Garry's Mod,2014-09,52741,26252.0
4000,Garry's Mod,2014-08,51503,34337.56
4000,Garry's Mod,2014-07,61425,35001.3
4000,Garry's Mod,2014-06,68101,31239.04
4000,Garry's Mod,2014-05,47497,24557.88
4000,Garry's Mod,2014-04,48674,25563.9
4000,Garry's Mod,2014-03,47455,23922.38
4000,Garry's Mod,2014-02,53387,25494.38
4000,Garry's Mod,2014-01,57327,28318.7
4000,Garry's Mod,2013-12,53559,23649.98
4000,Garry's Mod,2013-11,38574,18148.9
4000,Garry's Mod,2013-10,33252,16791.65
4000,Garry's Mod,2013-09,47070,20672.02
4000,Garry's Mod,2013-08,34321,20829.67
4000,Garry's Mod,2013-07,33522,19277.37
4000,Garry's Mod,2013-06,23434,13800.82
4000,Garry's Mod,2013-05,22094,12034.45
4000,Garry's Mod,2013-04,27237,13753.29
4000,Garry's Mod,2013-03,28326,14262.18
4000,Garry's Mod,2013-02,28488,14254.57
4000,Garry's Mod,2013-01,24427,13643.51
4000,Garry's Mod,2012-12,22009,10729.83
4000,Garry's Mod,2012-11,17995,8272.51
4000,Garry's Mod,2012-10,14158,5579.99
4000,Garry's Mod,2012-09,11674,4529.08
4000,Garry's Mod,2012-08,10711,6867.33
4000,Garry's Mod,2012-07,12253,7965.94
550,Left 4 Dead 2,2026-04,37310,20503.26
550,Left 4 Dead 2,2026-03,41540,21621.11
550,Left 4 Dead 2,2026-02,33388,21633.1
550,Left 4 Dead 2,2026-01,39758,24145.63
550,Left 4 Dead 2,2025-12,40844,22132.12
550,Left 4 Dead 2,2025-11,42359,21348.65
550,Left 4 Dead 2,2025-10,40610,22508.7
550,Left 4 Dead 2,2025-09,37711,19187.19
550,Left 4 Dead 2,2025-08,36645,22482.2
550,Left 4 Dead 2,2025-07,41687,26208.51
550,Left 4 Dead 2,2025-06,52111,26652.22
550,Left 4 Dead 2,2025-05,50899,22194.49
550,Left 4 Dead 2,2025-04,36296,20885.16
550,Left 4 Dead 2,2025-03,43139,24513.25
550,Left 4 Dead 2,2025-02,51703,28121.25
550,Left 4 Dead 2,2025-01,41486,26582.56
550,Left 4 Dead 2,2024-12,46966,27355.1
550,Left 4 Dead 2,2024-11,71531,30372.46
550,Left 4 Dead 2,2024-10,64414,20789.06
550,Left 4 Dead 2,2024-09,35710,19938.93
550,Left 4 Dead 2,2024-08,34348,22683.64
550,Left 4 Dead 2,2024-07,48914,27361.58
550,Left 4 Dead 2,2024-06,49622,20718.78
550,Left 4 Dead 2,2024-05,32792,18362.21
550,Left 4 Dead 2,2024-04,35358,18774.34
550,Left 4 Dead 2,2024-03,58546,24424.26
550,Left 4 Dead 2,2024-02,35794,22900.57
550,Left 4 Dead 2,2024-01,58686,29345.91
550,Left 4 Dead 2,2023-12,56599,25823.28
550,Left 4 Dead 2,2023-11,71345,22509.37
550,Left 4 Dead 2,2023-10,45432,22070.2
550,Left 4 Dead 2,2023-09,78384,26449.58
550,Left 4 Dead 2,2023-08,37223,24374.18
550,Left 4 Dead 2,2023-07,65990,34798.59
550,Left 4 Dead 2,2023-06,52262,20847.36
550,Left 4 Dead 2,2023-05,37915,20156.77
550,Left 4 Dead 2,2023-04,52255,22381.0
550,Left 4 Dead 2,2023-03,85147,26974.44
550,Left 4 Dead 2,2023-02,41119,23698.84
550,Left 4 Dead 2,2023-01,58545,31602.76
550,Left 4 Dead 2,2022-12,64886,27005.61
550,Left 4 Dead 2,2022-11,84991,20431.06
550,Left 4 Dead 2,2022-10,26901,15482.28
550,Left 4 Dead 2,2022-09,27982,15895.32
550,Left 4 Dead 2,2022-08,28640,18940.06
550,Left 4 Dead 2,2022-07,48800,23197.65
550,Left 4 Dead 2,2022-06,31533,16089.19
550,Left 4 Dead 2,2022-05,24981,14757.03
550,Left 4 Dead 2,2022-04,26434,15630.17
550,Left 4 Dead 2,2022-03,27129,15669.25
550,Left 4 Dead 2,2022-02,34758,19251.6
550,Left 4 Dead 2,2022-01,34605,21493.4
550,Left 4 Dead 2,2021-12,30845,16933.98
550,Left 4 Dead 2,2021-11,34769,16678.71
550,Left 4 Dead 2,2021-10,38013,15676.26
550,Left 4 Dead 2,2021-09,34682,17121.06
550,Left 4 Dead 2,2021-08,49003,19937.51
550,Left 4 Dead 2,2021-07,37870,20029.06
550,Left 4 Dead 2,2021-06,33686,16659.47
550,Left 4 Dead 2,2021-05,40653,18696.85
550,Left 4 Dead 2,2021-04,29097,15418.29
550,Left 4 Dead 2,2021-03,36938,15560.18
550,Left 4 Dead 2,2021-02,23915,16659.87
550,Left 4 Dead 2,2021-01,34475,19585.17
550,Left 4 Dead 2,2020-12,33893,18330.04
550,Left 4 Dead 2,2020-11,39300,18380.67
550,Left 4 Dead 2,2020-10,47697,21455.05
550,Left 4 Dead 2,2020-09,100965,21013.86
550,Left 4 Dead 2,2020-08,18679,12629.07
550,Left 4 Dead 2,2020-07,25107,14667.76
550,Left 4 Dead 2,2020-06,23371,11295.42
550,Left 4 Dead 2,2020-05,18881,11952.38
550,Left 4 Dead 2,2020-04,42699,14553.07
550,Left 4 Dead 2,2020-03,21184,13195.54
550,Left 4 Dead 2,2020-02,25124,12795.14
550,Left 4 Dead 2,2020-01,22868,12134.26
550,Left 4 Dead 2,2019-12,23710,11214.19
550,Left 4 Dead 2,2019-11,22226,9537.45
550,Left 4 Dead 2,2019-10,22339,8252.75
550,Left 4 Dead 2,2019-09,14519,7564.43
550,Left 4 Dead 2,2019-08,14930,9043.23
550,Left 4 Dead 2,2019-07,22293,11248.62
550,Left 4 Dead 2,2019-06,21723,10076.32
550,Left 4 Dead 2,2019-05,26978,10175.97
550,Left 4 Dead 2,2019-04,15029,7896.58
550,Left 4 Dead 2,2019-03,15316,8297.7
550,Left 4 Dead 2,2019-02,18087,9501.35
550,Left 4 Dead 2,2019-01,20122,10568.06
550,Left 4 Dead 2,2018-12,20702,9912.89
550,Left 4 Dead 2,2018-11,25246,9724.55
550,Left 4 Dead 2,2018-10,23062,7843.99
550,Left 4 Dead 2,2018-09,14538,7834.98
550,Left 4 Dead 2,2018-08,15285,9155.15
550,Left 4 Dead 2,2018-07,25777,12532.61
550,Left 4 Dead 2,2018-06,27239,10101.69
550,Left 4 Dead 2,2018-05,18821,7657.09
550,Left 4 Dead 2,2018-04,13680,7802.16
550,Left 4 Dead 2,2018-03,18384,9592.92
550,Left 4 Dead 2,2018-02,24918,11917.37
550,Left 4 Dead 2,2018-01,28171,13617.28
550,Left 4 Dead 2,2017-12,29351,12724.5
550,Left 4 Dead 2,2017-11,32064,10274.54
550,Left 4 Dead 2,2017-10,14657,7498.66
550,Left 4 Dead 2,2017-09,16800,8295.91
550,Left 4 Dead 2,2017-08,19287,10801.7
550,Left 4 Dead 2,2017-07,42773,16346.07
550,Left 4 Dead 2,2017-06,42217,11455.54
550,Left 4 Dead 2,2017-05,14534,7421.94
550,Left 4 Dead 2,2017-04,16743,8462.17
550,Left 4 Dead 2,2017-03,27825,10321.27
550,Left 4 Dead 2,2017-02,17223,9538.0
550,Left 4 Dead 2,2017-01,25699,12267.49
550,Left 4 Dead 2,2016-12,25743,10799.96
550,Left 4 Dead 2,2016-11,23367,9619.7
550,Left 4 Dead 2,2016-10,17778,7471.14
550,Left 4 Dead 2,2016-09,13374,7246.37
550,Left 4 Dead 2,2016-08,14040,8735.26
550,Left 4 Dead 2,2016-07,22622,11478.09
550,Left 4 Dead 2,2016-06,20215,9073.86
550,Left 4 Dead 2,2016-05,18322,8492.13
550,Left 4 Dead 2,2016-04,16524,8162.71
550,Left 4 Dead 2,2016-03,19083,9570.79
550,Left 4 Dead 2,2016-02,25228,11770.73
550,Left 4 Dead 2,2016-01,25363,12405.26
550,Left 4 Dead 2,2015-12,22646,10904.66
550,Left 4 Dead 2,2015-11,19403,9014.94
550,Left 4 Dead 2,2015-10,17636,7221.12
550,Left 4 Dead 2,2015-09,13055,7194.73
550,Left 4 Dead 2,2015-08,22453,10314.94
550,Left 4 Dead 2,2015-07,14321,8983.03
550,Left 4 Dead 2,2015-06,23097,10540.17
550,Left 4 Dead 2,2015-05,10543,6368.69
550,Left 4 Dead 2,2015-04,11863,6530.37
550,Left 4 Dead 2,2015-03,13014,7256.95
550,Left 4 Dead 2,2015-02,13285,8416.52
550,Left 4 Dead 2,2015-01,17156,9665.91
550,Left 4 Dead 2,2014-12,17356,9074.04
550,Left 4 Dead 2,2014-11,18037,8765.38
550,Left 4 Dead 2,2014-10,15176,7847.0
550,Left 4 Dead 2,2014-09,18732,8434.12
550,Left 4 Dead 2,2014-08,12255,8420.05
550,Left 4 Dead 2,2014-07,16811,9834.44
550,Left 4 Dead 2,2014-06,18392,9109.97
550,Left 4 Dead 2,2014-05,14600,8460.3
550,Left 4 Dead 2,2014-04,16210,9251.05
550,Left 4 Dead 2,2014-03,22266,11019.34
550,Left 4 Dead 2,2014-02,24471,12986.29
550,Left 4 Dead 2,2014-01,61325,23110.17
550,Left 4 Dead 2,2013-12,161590,20988.84
550,Left 4 Dead 2,2013-11,16177,6883.56
550,Left 4 Dead 2,2013-10,10267,5664.66
550,Left 4 Dead 2,2013-09,10982,6095.63
550,Left 4 Dead 2,2013-08,13284,7845.19
550,Left 4 Dead 2,2013-07,39026,12383.57
550,Left 4 Dead 2,2013-06,12810,7174.74
550,Left 4 Dead 2,2013-05,12116,6938.23
550,Left 4 Dead 2,2013-04,14109,7321.01
550,Left 4 Dead 2,2013-03,21574,9337.38
550,Left 4 Dead 2,2013-02,14424,8107.87
550,Left 4 Dead 2,2013-01,17873,9416.88
550,Left 4 Dead 2,2012-12,19518,9403.98
550,Left 4 Dead 2,2012-11,21298,9416.89
550,Left 4 Dead 2,2012-10,48599,8946.86
550,Left 4 Dead 2,2012-09,11229,6350.94
550,Left 4 Dead 2,2012-08,14848,8227.67
550,Left 4 Dead 2,2012-07,21811,12228.47
489830,The Elder Scrolls V: Skyrim SE,2026-04,34103,20681.0
489830,The Elder Scrolls V: Skyrim SE,2026-03,36433,21573.46
489830,The Elder Scrolls V: Skyrim SE,2026-02,42050,24684.36
489830,The Elder Scrolls V: Skyrim SE,2026-01,45904,27866.2
489830,The Elder Scrolls V: Skyrim SE,2025-12,40840,24475.92
489830,The Elder Scrolls V: Skyrim SE,2025-11,40135,22206.81
489830,The Elder Scrolls V: Skyrim SE,2025-10,31309,18804.62
489830,The Elder Scrolls V: Skyrim SE,2025-09,27578,17236.75
489830,The Elder Scrolls V: Skyrim SE,2025-08,29693,18962.64
489830,The Elder Scrolls V: Skyrim SE,2025-07,28765,17691.5
489830,The Elder Scrolls V: Skyrim SE,2025-06,40410,21633.72
489830,The Elder Scrolls V: Skyrim SE,2025-05,50490,28447.07
489830,The Elder Scrolls V: Skyrim SE,2025-04,43957,22328.7
489830,The Elder Scrolls V: Skyrim SE,2025-03,39752,23612.48
489830,The Elder Scrolls V: Skyrim SE,2025-02,51651,28040.26
489830,The Elder Scrolls V: Skyrim SE,2025-01,67482,32154.27
489830,The Elder Scrolls V: Skyrim SE,2024-12,41007,23589.34
489830,The Elder Scrolls V: Skyrim SE,2024-11,34565,20828.99
489830,The Elder Scrolls V: Skyrim SE,2024-10,32104,18991.52
489830,The Elder Scrolls V: Skyrim SE,2024-09,30472,19040.51
489830,The Elder Scrolls V: Skyrim SE,2024-08,35564,20799.93
489830,The Elder Scrolls V: Skyrim SE,2024-07,27554,17609.48
489830,The Elder Scrolls V: Skyrim SE,2024-06,30680,17996.01
489830,The Elder Scrolls V: Skyrim SE,2024-05,30262,18109.29
489830,The Elder Scrolls V: Skyrim SE,2024-04,29919,17804.38
489830,The Elder Scrolls V: Skyrim SE,2024-03,33366,19653.91
489830,The Elder Scrolls V: Skyrim SE,2024-02,34671,20249.46
489830,The Elder Scrolls V: Skyrim SE,2024-01,33418,20086.53
489830,The Elder Scrolls V: Skyrim SE,2023-12,31028,18089.04
489830,The Elder Scrolls V: Skyrim SE,2023-11,33525,19562.53
489830,The Elder Scrolls V: Skyrim SE,2023-10,32928,19202.48
489830,The Elder Scrolls V: Skyrim SE,2023-09,28653,17862.48
489830,The Elder Scrolls V: Skyrim SE,2023-08,35317,21975.19
489830,The Elder Scrolls V: Skyrim SE,2023-07,35892,23065.51
489830,The Elder Scrolls V: Skyrim SE,2023-06,31934,20296.05
489830,The Elder Scrolls V: Skyrim SE,2023-05,33013,20187.95
489830,The Elder Scrolls V: Skyrim SE,2023-04,32531,20150.47
489830,The Elder Scrolls V: Skyrim SE,2023-03,33339,20247.81
489830,The Elder Scrolls V: Skyrim SE,2023-02,38842,23069.78
489830,The Elder Scrolls V: Skyrim SE,2023-01,41990,25854.7
489830,The Elder Scrolls V: Skyrim SE,2022-12,36858,23679.79
489830,The Elder Scrolls V: Skyrim SE,2022-11,35973,21784.3
489830,The Elder Scrolls V: Skyrim SE,2022-10,34949,18522.51
489830,The Elder Scrolls V: Skyrim SE,2022-09,32587,18439.78
489830,The Elder Scrolls V: Skyrim SE,2022-08,37365,21853.02
489830,The Elder Scrolls V: Skyrim SE,2022-07,34192,21641.46
489830,The Elder Scrolls V: Skyrim SE,2022-06,31229,19442.33
489830,The Elder Scrolls V: Skyrim SE,2022-05,31156,17271.62
489830,The Elder Scrolls V: Skyrim SE,2022-04,25601,15990.59
489830,The Elder Scrolls V: Skyrim SE,2022-03,25798,15825.96
489830,The Elder Scrolls V: Skyrim SE,2022-02,35593,20566.74
489830,The Elder Scrolls V: Skyrim SE,2022-01,42340,25444.86
489830,The Elder Scrolls V: Skyrim SE,2021-12,44625,25915.72
489830,The Elder Scrolls V: Skyrim SE,2021-11,53665,26354.04
489830,The Elder Scrolls V: Skyrim SE,2021-10,29879,17617.84
489830,The Elder Scrolls V: Skyrim SE,2021-09,32075,19802.74
489830,The Elder Scrolls V: Skyrim SE,2021-08,37370,22012.2
489830,The Elder Scrolls V: Skyrim SE,2021-07,28758,19281.49
489830,The Elder Scrolls V: Skyrim SE,2021-06,24341,15434.9
489830,The Elder Scrolls V: Skyrim SE,2021-05,27567,17033.98
489830,The Elder Scrolls V: Skyrim SE,2021-04,26159,16583.58
489830,The Elder Scrolls V: Skyrim SE,2021-03,27364,16992.46
489830,The Elder Scrolls V: Skyrim SE,2021-02,31961,20152.65
489830,The Elder Scrolls V: Skyrim SE,2021-01,34631,19619.74
489830,The Elder Scrolls V: Skyrim SE,2020-12,26658,15784.37
489830,The Elder Scrolls V: Skyrim SE,2020-11,24514,14973.07
489830,The Elder Scrolls V: Skyrim SE,2020-10,23284,14634.35
489830,The Elder Scrolls V: Skyrim SE,2020-09,24612,15946.93
489830,The Elder Scrolls V: Skyrim SE,2020-08,30978,19491.25
489830,The Elder Scrolls V: Skyrim SE,2020-07,29916,18930.71
489830,The Elder Scrolls V: Skyrim SE,2020-06,29337,17425.74
489830,The Elder Scrolls V: Skyrim SE,2020-05,25892,16764.98
489830,The Elder Scrolls V: Skyrim SE,2020-04,26917,17807.76
489830,The Elder Scrolls V: Skyrim SE,2020-03,26291,15015.08
489830,The Elder Scrolls V: Skyrim SE,2020-02,25303,14700.87
489830,The Elder Scrolls V: Skyrim SE,2020-01,26377,15991.82
489830,The Elder Scrolls V: Skyrim SE,2019-12,23687,13198.82
489830,The Elder Scrolls V: Skyrim SE,2019-11,17841,10609.15
489830,The Elder Scrolls V: Skyrim SE,2019-10,18408,10421.86
489830,The Elder Scrolls V: Skyrim SE,2019-09,18680,10788.42
489830,The Elder Scrolls V: Skyrim SE,2019-08,20823,12977.59
489830,The Elder Scrolls V: Skyrim SE,2019-07,22225,12895.56
489830,The Elder Scrolls V: Skyrim SE,2019-06,20020,12577.89
489830,The Elder Scrolls V: Skyrim SE,2019-05,19843,11625.3
489830,The Elder Scrolls V: Skyrim SE,2019-04,20798,11751.53
489830,The Elder Scrolls V: Skyrim SE,2019-03,21780,11453.85
489830,The Elder Scrolls V: Skyrim SE,2019-02,21698,12312.19
489830,The Elder Scrolls V: Skyrim SE,2019-01,20884,12585.78
489830,The Elder Scrolls V: Skyrim SE,2018-12,19864,11457.97
489830,The Elder Scrolls V: Skyrim SE,2018-11,18616,10091.03
489830,The Elder Scrolls V: Skyrim SE,2018-10,18838,10363.41
489830,The Elder Scrolls V: Skyrim SE,2018-09,17567,9512.48
489830,The Elder Scrolls V: Skyrim SE,2018-08,19106,11004.51
489830,The Elder Scrolls V: Skyrim SE,2018-07,19319,12046.57
489830,The Elder Scrolls V: Skyrim SE,2018-06,19321,11462.4
489830,The Elder Scrolls V: Skyrim SE,2018-05,18427,11033.55
489830,The Elder Scrolls V: Skyrim SE,2018-04,25182,11774.79
489830,The Elder Scrolls V: Skyrim SE,2018-03,17857,10202.34
489830,The Elder Scrolls V: Skyrim SE,2018-02,18673,10337.17
489830,The Elder Scrolls V: Skyrim SE,2018-01,21459,12217.23
489830,The Elder Scrolls V: Skyrim SE,2017-12,19724,11060.01
489830,The Elder Scrolls V: Skyrim SE,2017-11,17725,8779.98
489830,The Elder Scrolls V: Skyrim SE,2017-10,18622,9564.23
489830,The Elder Scrolls V: Skyrim SE,2017-09,23312,10909.76
489830,The Elder Scrolls V: Skyrim SE,2017-08,18461,9767.89
489830,The Elder Scrolls V: Skyrim SE,2017-07,16929,10336.37
489830,The Elder Scrolls V: Skyrim SE,2017-06,15695,9423.68
489830,The Elder Scrolls V: Skyrim SE,2017-05,16427,9061.61
489830,The Elder Scrolls V: Skyrim SE,2017-04,15364,7668.81
489830,The Elder Scrolls V: Skyrim SE,2017-03,16316,8371.61
489830,The Elder Scrolls V: Skyrim SE,2017-02,18727,9986.33
489830,The Elder Scrolls V: Skyrim SE,2017-01,22528,12180.21
489830,The Elder Scrolls V: Skyrim SE,2016-12,30528,15166.15
489830,The Elder Scrolls V: Skyrim SE,2016-11,65584,28053.6
489830,The Elder Scrolls V: Skyrim SE,2016-10,69777,5678.4
489830,The Elder Scrolls V: Skyrim SE,2016-09,14,1.42
72850,The Elder Scrolls V: Skyrim,2026-04,2222,1172.82
72850,The Elder Scrolls V: Skyrim,2026-03,2213,1190.26
72850,The Elder Scrolls V: Skyrim,2026-02,2700,1385.21
72850,The Elder Scrolls V: Skyrim,2026-01,2846,1504.47
72850,The Elder Scrolls V: Skyrim,2025-12,2342,1355.74
72850,The Elder Scrolls V: Skyrim,2025-11,2385,1325.12
72850,The Elder Scrolls V: Skyrim,2025-10,2177,1166.57
72850,The Elder Scrolls V: Skyrim,2025-09,2014,1145.92
72850,The Elder Scrolls V: Skyrim,2025-08,2039,1152.37
72850,The Elder Scrolls V: Skyrim,2025-07,2038,1162.32
72850,The Elder Scrolls V: Skyrim,2025-06,2823,1433.75
72850,The Elder Scrolls V: Skyrim,2025-05,3891,1970.04
72850,The Elder Scrolls V: Skyrim,2025-04,3594,1596.51
72850,The Elder Scrolls V: Skyrim,2025-03,3008,1624.31
72850,The Elder Scrolls V: Skyrim,2025-02,3336,1807.75
72850,The Elder Scrolls V: Skyrim,2025-01,3299,1851.4
72850,The Elder Scrolls V: Skyrim,2024-12,3122,1756.99
72850,The Elder Scrolls V: Skyrim,2024-11,3233,1788.26
72850,The Elder Scrolls V: Skyrim,2024-10,3112,1652.75
72850,The Elder Scrolls V: Skyrim,2024-09,2890,1600.66
72850,The Elder Scrolls V: Skyrim,2024-08,2936,1658.12
72850,The Elder Scrolls V: Skyrim,2024-07,2684,1542.84
72850,The Elder Scrolls V: Skyrim,2024-06,2804,1619.68
72850,The Elder Scrolls V: Skyrim,2024-05,3038,1670.65
72850,The Elder Scrolls V: Skyrim,2024-04,3120,1744.85
72850,The Elder Scrolls V: Skyrim,2024-03,3499,1908.25
72850,The Elder Scrolls V: Skyrim,2024-02,3737,2022.11
72850,The Elder Scrolls V: Skyrim,2024-01,3875,2177.69
72850,The Elder Scrolls V: Skyrim,2023-12,3628,2079.03
72850,The Elder Scrolls V: Skyrim,2023-11,3635,1999.07
72850,The Elder Scrolls V: Skyrim,2023-10,3637,2019.37
72850,The Elder Scrolls V: Skyrim,2023-09,3707,2106.85
72850,The Elder Scrolls V: Skyrim,2023-08,3876,2223.06
72850,The Elder Scrolls V: Skyrim,2023-07,3915,2258.3
72850,The Elder Scrolls V: Skyrim,2023-06,3854,2261.17
72850,The Elder Scrolls V: Skyrim,2023-05,3932,2294.68
72850,The Elder Scrolls V: Skyrim,2023-04,4296,2419.74
72850,The Elder Scrolls V: Skyrim,2023-03,4500,2471.0
72850,The Elder Scrolls V: Skyrim,2023-02,5229,2857.68
72850,The Elder Scrolls V: Skyrim,2023-01,5557,3168.53
72850,The Elder Scrolls V: Skyrim,2022-12,5215,3125.28
72850,The Elder Scrolls V: Skyrim,2022-11,5374,2935.57
72850,The Elder Scrolls V: Skyrim,2022-10,5004,2859.75
72850,The Elder Scrolls V: Skyrim,2022-09,4994,2795.4
72850,The Elder Scrolls V: Skyrim,2022-08,5160,3090.71
72850,The Elder Scrolls V: Skyrim,2022-07,4975,3071.11
72850,The Elder Scrolls V: Skyrim,2022-06,5715,3305.33
72850,The Elder Scrolls V: Skyrim,2022-05,5626,3287.85
72850,The Elder Scrolls V: Skyrim,2022-04,5938,3343.22
72850,The Elder Scrolls V: Skyrim,2022-03,5964,3352.07
72850,The Elder Scrolls V: Skyrim,2022-02,6813,3825.47
72850,The Elder Scrolls V: Skyrim,2022-01,7621,4541.17
72850,The Elder Scrolls V: Skyrim,2021-12,7646,4528.87
72850,The Elder Scrolls V: Skyrim,2021-11,8317,4668.35
72850,The Elder Scrolls V: Skyrim,2021-10,7356,4273.95
72850,The Elder Scrolls V: Skyrim,2021-09,7793,4583.21
72850,The Elder Scrolls V: Skyrim,2021-08,8311,4946.66
72850,The Elder Scrolls V: Skyrim,2021-07,7592,4695.26
72850,The Elder Scrolls V: Skyrim,2021-06,7043,4288.38
72850,The Elder Scrolls V: Skyrim,2021-05,8498,4881.7
72850,The Elder Scrolls V: Skyrim,2021-04,8979,5297.27
72850,The Elder Scrolls V: Skyrim,2021-03,9661,5467.72
72850,The Elder Scrolls V: Skyrim,2021-02,10565,5996.39
72850,The Elder Scrolls V: Skyrim,2021-01,10446,6282.77
72850,The Elder Scrolls V: Skyrim,2020-12,9478,5799.18
72850,The Elder Scrolls V: Skyrim,2020-11,10453,6165.86
72850,The Elder Scrolls V: Skyrim,2020-10,10084,5936.55
72850,The Elder Scrolls V: Skyrim,2020-09,10280,6195.27
72850,The Elder Scrolls V: Skyrim,2020-08,10891,6855.91
72850,The Elder Scrolls V: Skyrim,2020-07,10899,6941.59
72850,The Elder Scrolls V: Skyrim,2020-06,12658,7522.3
72850,The Elder Scrolls V: Skyrim,2020-05,14753,8665.43
72850,The Elder Scrolls V: Skyrim,2020-04,15975,10033.35
72850,The Elder Scrolls V: Skyrim,2020-03,16711,8551.21
72850,The Elder Scrolls V: Skyrim,2020-02,13674,7708.21
72850,The Elder Scrolls V: Skyrim,2020-01,14280,8211.45
72850,The Elder Scrolls V: Skyrim,2019-12,12895,7496.63
72850,The Elder Scrolls V: Skyrim,2019-11,12631,7163.39
72850,The Elder Scrolls V: Skyrim,2019-10,12307,6974.88
72850,The Elder Scrolls V: Skyrim,2019-09,12652,7151.71
72850,The Elder Scrolls V: Skyrim,2019-08,13391,8087.43
72850,The Elder Scrolls V: Skyrim,2019-07,13036,8032.14
72850,The Elder Scrolls V: Skyrim,2019-06,14834,9014.77
72850,The Elder Scrolls V: Skyrim,2019-05,15807,8997.04
72850,The Elder Scrolls V: Skyrim,2019-04,16520,9008.53
72850,The Elder Scrolls V: Skyrim,2019-03,16266,9289.71
72850,The Elder Scrolls V: Skyrim,2019-02,18311,9795.39
72850,The Elder Scrolls V: Skyrim,2019-01,19014,11019.33
72850,The Elder Scrolls V: Skyrim,2018-12,17633,10321.92
72850,The Elder Scrolls V: Skyrim,2018-11,17449,9850.86
72850,The Elder Scrolls V: Skyrim,2018-10,18762,10261.46
72850,The Elder Scrolls V: Skyrim,2018-09,17617,9779.81
72850,The Elder Scrolls V: Skyrim,2018-08,17098,10653.69
72850,The Elder Scrolls V: Skyrim,2018-07,18967,11852.48
72850,The Elder Scrolls V: Skyrim,2018-06,20681,12382.73
72850,The Elder Scrolls V: Skyrim,2018-05,20037,11736.33
72850,The Elder Scrolls V: Skyrim,2018-04,21667,12154.55
72850,The Elder Scrolls V: Skyrim,2018-03,22391,12598.79
72850,The Elder Scrolls V: Skyrim,2018-02,24448,13242.92
72850,The Elder Scrolls V: Skyrim,2018-01,25431,14844.98
72850,The Elder Scrolls V: Skyrim,2017-12,24980,14458.95
72850,The Elder Scrolls V: Skyrim,2017-11,23544,13320.96
72850,The Elder Scrolls V: Skyrim,2017-10,25353,13580.95
72850,The Elder Scrolls V: Skyrim,2017-09,26364,14508.49
72850,The Elder Scrolls V: Skyrim,2017-08,26334,16275.74
72850,The Elder Scrolls V: Skyrim,2017-07,26705,16630.66
72850,The Elder Scrolls V: Skyrim,2017-06,27568,16630.14
72850,The Elder Scrolls V: Skyrim,2017-05,27799,15590.83
72850,The Elder Scrolls V: Skyrim,2017-04,28616,16341.49
72850,The Elder Scrolls V: Skyrim,2017-03,31674,16981.54
72850,The Elder Scrolls V: Skyrim,2017-02,34531,18942.08
72850,The Elder Scrolls V: Skyrim,2017-01,36822,21170.55
72850,The Elder Scrolls V: Skyrim,2016-12,44326,23831.1
72850,The Elder Scrolls V: Skyrim,2016-11,54307,28071.49
72850,The Elder Scrolls V: Skyrim,2016-10,48680,23440.65
72850,The Elder Scrolls V: Skyrim,2016-09,38622,21397.24
72850,The Elder Scrolls V: Skyrim,2016-08,44855,26446.35
72850,The Elder Scrolls V: Skyrim,2016-07,49134,27617.91
72850,The Elder Scrolls V: Skyrim,2016-06,45124,25852.82
72850,The Elder Scrolls V: Skyrim,2016-05,40764,22537.08
72850,The Elder Scrolls V: Skyrim,2016-04,41568,22668.09
72850,The Elder Scrolls V: Skyrim,2016-03,43840,24092.01
72850,The Elder Scrolls V: Skyrim,2016-02,48970,27014.8
72850,The Elder Scrolls V: Skyrim,2016-01,60553,31268.14
72850,The Elder Scrolls V: Skyrim,2015-12,53967,29697.59
72850,The Elder Scrolls V: Skyrim,2015-11,49640,23576.22
72850,The Elder Scrolls V: Skyrim,2015-10,43501,23159.69
72850,The Elder Scrolls V: Skyrim,2015-09,39905,22058.5
72850,The Elder Scrolls V: Skyrim,2015-08,40060,24851.13
72850,The Elder Scrolls V: Skyrim,2015-07,44516,26234.36
72850,The Elder Scrolls V: Skyrim,2015-06,47740,27145.7
72850,The Elder Scrolls V: Skyrim,2015-05,62658,30335.68
72850,The Elder Scrolls V: Skyrim,2015-04,90780,28955.17
72850,The Elder Scrolls V: Skyrim,2015-03,51015,26332.14
72850,The Elder Scrolls V: Skyrim,2015-02,56609,29151.84
72850,The Elder Scrolls V: Skyrim,2015-01,69249,35208.23
72850,The Elder Scrolls V: Skyrim,2014-12,61315,31754.71
72850,The Elder Scrolls V: Skyrim,2014-11,47190,25324.17
72850,The Elder Scrolls V: Skyrim,2014-10,49175,25416.47
72850,The Elder Scrolls V: Skyrim,2014-09,69218,29719.83
72850,The Elder Scrolls V: Skyrim,2014-08,49658,29594.91
72850,The Elder Scrolls V: Skyrim,2014-07,60211,35188.68
72850,The Elder Scrolls V: Skyrim,2014-06,64627,28267.36
72850,The Elder Scrolls V: Skyrim,2014-05,43799,22901.99
72850,The Elder Scrolls V: Skyrim,2014-04,44749,23188.74
72850,The Elder Scrolls V: Skyrim,2014-03,47498,24554.82
72850,The Elder Scrolls V: Skyrim,2014-02,61572,31466.46
72850,The Elder Scrolls V: Skyrim,2014-01,78420,39165.78
72850,The Elder Scrolls V: Skyrim,2013-12,76034,37218.31
72850,The Elder Scrolls V: Skyrim,2013-11,66295,24038.41
72850,The Elder Scrolls V: Skyrim,2013-10,40681,21211.98
72850,The Elder Scrolls V: Skyrim,2013-09,45287,23183.79
72850,The Elder Scrolls V: Skyrim,2013-08,53411,27962.01
72850,The Elder Scrolls V: Skyrim,2013-07,47426,25593.96
72850,The Elder Scrolls V: Skyrim,2013-06,38785,22171.58
72850,The Elder Scrolls V: Skyrim,2013-05,37327,20310.56
72850,The Elder Scrolls V: Skyrim,2013-04,40688,20744.61
72850,The Elder Scrolls V: Skyrim,2013-03,48233,23626.07
72850,The Elder Scrolls V: Skyrim,2013-02,67911,32111.33
72850,The Elder Scrolls V: Skyrim,2013-01,54570,29188.55
72850,The Elder Scrolls V: Skyrim,2012-12,52804,25620.41
72850,The Elder Scrolls V: Skyrim,2012-11,46165,22058.93
72850,The Elder Scrolls V: Skyrim,2012-10,41939,20278.78
72850,The Elder Scrolls V: Skyrim,2012-09,38557,19585.39
72850,The Elder Scrolls V: Skyrim,2012-08,55230,27905.4
72850,The Elder Scrolls V: Skyrim,2012-07,39658,24254.09
252490,Rust,2026-04,203177,103351.8
252490,Rust,2026-03,200309,106569.94
252490,Rust,2026-02,228230,122376.91
252490,Rust,2026-01,246562,121002.79
252490,Rust,2025-12,174558,105484.4
252490,Rust,2025-11,184595,98212.73
252490,Rust,2025-10,178836,97410.93
252490,Rust,2025-09,152247,85515.0
252490,Rust,2025-08,190383,103017.83
252490,Rust,2025-07,187345,102158.94
252490,Rust,2025-06,191730,98462.98
252490,Rust,2025-05,203367,105523.45
252490,Rust,2025-04,187702,97804.56
252490,Rust,2025-03,203220,111583.76
252490,Rust,2025-02,232431,121569.09
252490,Rust,2025-01,259646,124496.12
252490,Rust,2024-12,191133,112605.48
252490,Rust,2024-11,182603,95865.05
252490,Rust,2024-10,168999,89776.59
252490,Rust,2024-09,134170,76245.68
252490,Rust,2024-08,172427,90633.01
252490,Rust,2024-07,173651,93180.0
252490,Rust,2024-06,175036,97860.84
252490,Rust,2024-05,153662,82373.76
252490,Rust,2024-04,154488,80885.38
252490,Rust,2024-03,145916,82242.76
252490,Rust,2024-02,153738,82116.29
252490,Rust,2024-01,190886,90065.28
252490,Rust,2023-12,143038,84016.68
252490,Rust,2023-11,137752,69012.7
252490,Rust,2023-10,130885,69355.77
252490,Rust,2023-09,127530,69292.44
252490,Rust,2023-08,172249,83463.73
252490,Rust,2023-07,182335,95645.5
252490,Rust,2023-06,161921,91924.65
252490,Rust,2023-05,155431,87749.11
252490,Rust,2023-04,156367,82537.08
252490,Rust,2023-03,150953,84395.94
252490,Rust,2023-02,167827,90005.28
252490,Rust,2023-01,176710,95273.42
252490,Rust,2022-12,138675,85816.44
252490,Rust,2022-11,133364,72836.84
252490,Rust,2022-10,118874,71982.45
252490,Rust,2022-09,127912,76172.14
252490,Rust,2022-08,134919,83063.98
252490,Rust,2022-07,137057,78841.19
252490,Rust,2022-06,165120,81986.84
252490,Rust,2022-05,133789,72930.39
252490,Rust,2022-04,141983,80715.83
252490,Rust,2022-03,134559,77347.66
252490,Rust,2022-02,164990,86566.57
252490,Rust,2022-01,154747,90931.46
252490,Rust,2021-12,125911,75604.11
252490,Rust,2021-11,120659,69650.06
252490,Rust,2021-10,106571,65556.99
252490,Rust,2021-09,122359,69502.99
252490,Rust,2021-08,155634,83332.2
252490,Rust,2021-07,147757,92823.79
252490,Rust,2021-06,133566,79341.51
252490,Rust,2021-05,144083,76870.61
252490,Rust,2021-04,147933,77590.25
252490,Rust,2021-03,167088,86369.82
252490,Rust,2021-02,224276,117742.27
252490,Rust,2021-01,244394,142117.25
252490,Rust,2020-12,97445,61171.65
252490,Rust,2020-11,101365,55408.03
252490,Rust,2020-10,80422,48550.8
252490,Rust,2020-09,76611,46430.53
252490,Rust,2020-08,89147,53287.65
252490,Rust,2020-07,97741,58238.72
252490,Rust,2020-06,93513,50417.72
252490,Rust,2020-05,102051,57344.65
252490,Rust,2020-04,125415,67504.05
252490,Rust,2020-03,102296,58442.03
252490,Rust,2020-02,92016,50075.2
252490,Rust,2020-01,97340,51620.39
252490,Rust,2019-12,81928,49094.84
252490,Rust,2019-11,74292,43507.96
252490,Rust,2019-10,82827,46704.38
252490,Rust,2019-09,80293,49636.12
252490,Rust,2019-08,88929,58531.24
252490,Rust,2019-07,93595,62259.96
252490,Rust,2019-06,81658,45132.57
252490,Rust,2019-05,67338,35780.66
252490,Rust,2019-04,72544,38200.78
252490,Rust,2019-03,77896,40725.29
252490,Rust,2019-02,77622,42431.42
252490,Rust,2019-01,85208,46201.3
252490,Rust,2018-12,70775,42622.28
252490,Rust,2018-11,70969,37706.36
252490,Rust,2018-10,58564,31820.22
252490,Rust,2018-09,48430,27319.2
252490,Rust,2018-08,53885,31488.28
252490,Rust,2018-07,65952,36659.19
252490,Rust,2018-06,54779,30308.9
252490,Rust,2018-05,46328,23893.78
252490,Rust,2018-04,51233,26047.04
252490,Rust,2018-03,57873,29074.81
252490,Rust,2018-02,68204,33507.28
252490,Rust,2018-01,67410,34668.81
252490,Rust,2017-12,60373,32974.0
252490,Rust,2017-11,57223,28147.23
252490,Rust,2017-10,49984,25760.5
252490,Rust,2017-09,40577,21595.41
252490,Rust,2017-08,43117,25558.02
252490,Rust,2017-07,53425,29563.1
252490,Rust,2017-06,48228,29285.43
252490,Rust,2017-05,46948,25380.27
252490,Rust,2017-04,53621,28588.81
252490,Rust,2017-03,66194,32438.98
252490,Rust,2017-02,68103,36403.55
252490,Rust,2017-01,63843,33999.91
252490,Rust,2016-12,49147,28974.92
252490,Rust,2016-11,47571,22879.2
252490,Rust,2016-10,48435,24406.17
252490,Rust,2016-09,50680,26269.79
252490,Rust,2016-08,50364,30432.53
252490,Rust,2016-07,64555,30949.75
252490,Rust,2016-06,45791,25360.97
252490,Rust,2016-05,47100,25497.88
252490,Rust,2016-04,49920,25605.94
252490,Rust,2016-03,55147,27267.6
252490,Rust,2016-02,61260,32394.57
252490,Rust,2016-01,50628,27647.06
252490,Rust,2015-12,38110,18474.06
252490,Rust,2015-11,26697,13061.63
252490,Rust,2015-10,24201,13106.11
252490,Rust,2015-09,24075,12410.86
252490,Rust,2015-08,25352,14870.06
252490,Rust,2015-07,22622,13817.71
252490,Rust,2015-06,27177,13735.65
252490,Rust,2015-05,25625,13819.82
252490,Rust,2015-04,16636,8136.74
252490,Rust,2015-03,16341,8270.49
252490,Rust,2015-02,20267,9372.69
252490,Rust,2015-01,22303,10591.06
252490,Rust,2014-12,11826,6151.4
252490,Rust,2014-11,12062,5384.12
252490,Rust,2014-10,12294,6372.55
252490,Rust,2014-09,11040,6346.7
252490,Rust,2014-08,12764,8740.55
252490,Rust,2014-07,15027,10132.47
252490,Rust,2014-06,18081,11938.23
252490,Rust,2014-05,24306,13150.96
252490,Rust,2014-04,31321,17658.98
252490,Rust,2014-03,48870,24874.13
252490,Rust,2014-02,58973,34753.45
252490,Rust,2014-01,51872,24874.82
252490,Rust,2013-12,22571,9205.77
1085660,Destiny 2 (Paid Legacy Pack),2026-04,12852,7869.86
1085660,Destiny 2 (Paid Legacy Pack),2026-03,14030,7292.55
1085660,Destiny 2 (Paid Legacy Pack),2026-02,21466,10193.5
1085660,Destiny 2 (Paid Legacy Pack),2026-01,29014,16160.82
1085660,Destiny 2 (Paid Legacy Pack),2025-12,70905,29833.75
1085660,Destiny 2 (Paid Legacy Pack),2025-11,22903,12578.36
1085660,Destiny 2 (Paid Legacy Pack),2025-10,32553,14346.77
1085660,Destiny 2 (Paid Legacy Pack),2025-09,54297,19307.38
1085660,Destiny 2 (Paid Legacy Pack),2025-08,74961,34574.73
1085660,Destiny 2 (Paid Legacy Pack),2025-07,108362,41220.28
1085660,Destiny 2 (Paid Legacy Pack),2025-06,38074,21027.89
1085660,Destiny 2 (Paid Legacy Pack),2025-05,59826,27371.7
1085660,Destiny 2 (Paid Legacy Pack),2025-04,49891,22845.9
1085660,Destiny 2 (Paid Legacy Pack),2025-03,67473,30967.84
1085660,Destiny 2 (Paid Legacy Pack),2025-02,77252,40162.49
1085660,Destiny 2 (Paid Legacy Pack),2025-01,36488,18542.26
1085660,Destiny 2 (Paid Legacy Pack),2024-12,36896,20929.85
1085660,Destiny 2 (Paid Legacy Pack),2024-11,53135,30113.48
1085660,Destiny 2 (Paid Legacy Pack),2024-10,89512,36169.31
1085660,Destiny 2 (Paid Legacy Pack),2024-09,41373,25233.14
1085660,Destiny 2 (Paid Legacy Pack),2024-08,63464,35746.81
1085660,Destiny 2 (Paid Legacy Pack),2024-07,100435,62149.43
1085660,Destiny 2 (Paid Legacy Pack),2024-06,314379,123022.96
1085660,Destiny 2 (Paid Legacy Pack),2024-05,116100,72526.73
1085660,Destiny 2 (Paid Legacy Pack),2024-04,125545,60105.96
1085660,Destiny 2 (Paid Legacy Pack),2024-03,74473,39479.31
1085660,Destiny 2 (Paid Legacy Pack),2024-02,46511,32567.04
1085660,Destiny 2 (Paid Legacy Pack),2024-01,58769,39011.79
1085660,Destiny 2 (Paid Legacy Pack),2023-12,103607,49451.17
1085660,Destiny 2 (Paid Legacy Pack),2023-11,94423,33486.36
1085660,Destiny 2 (Paid Legacy Pack),2023-10,68148,42140.39
1085660,Destiny 2 (Paid Legacy Pack),2023-09,145390,58963.16
1085660,Destiny 2 (Paid Legacy Pack),2023-08,126261,48823.35
1085660,Destiny 2 (Paid Legacy Pack),2023-07,87620,47402.03
1085660,Destiny 2 (Paid Legacy Pack),2023-06,120394,62610.26
1085660,Destiny 2 (Paid Legacy Pack),2023-05,192081,78633.18
1085660,Destiny 2 (Paid Legacy Pack),2023-04,142128,87655.91
1085660,Destiny 2 (Paid Legacy Pack),2023-03,312925,135102.28
1085660,Destiny 2 (Paid Legacy Pack),2023-02,316651,72137.44
1085660,Destiny 2 (Paid Legacy Pack),2023-01,96428,63679.8
1085660,Destiny 2 (Paid Legacy Pack),2022-12,121413,62138.13
1085660,Destiny 2 (Paid Legacy Pack),2022-11,60854,38158.92
1085660,Destiny 2 (Paid Legacy Pack),2022-10,102690,59691.11
1085660,Destiny 2 (Paid Legacy Pack),2022-09,149576,88624.95
1085660,Destiny 2 (Paid Legacy Pack),2022-08,193209,68548.83
1085660,Destiny 2 (Paid Legacy Pack),2022-07,103075,54967.12
1085660,Destiny 2 (Paid Legacy Pack),2022-06,126948,70241.32
1085660,Destiny 2 (Paid Legacy Pack),2022-05,178829,66961.36
1085660,Destiny 2 (Paid Legacy Pack),2022-04,88326,58433.68
1085660,Destiny 2 (Paid Legacy Pack),2022-03,229002,88605.92
1085660,Destiny 2 (Paid Legacy Pack),2022-02,289895,75169.64
1085660,Destiny 2 (Paid Legacy Pack),2022-01,78752,53650.09
1085660,Destiny 2 (Paid Legacy Pack),2021-12,154358,61768.45
1085660,Destiny 2 (Paid Legacy Pack),2021-11,76188,44240.95
1085660,Destiny 2 (Paid Legacy Pack),2021-10,127770,66614.57
1085660,Destiny 2 (Paid Legacy Pack),2021-09,147513,89845.19
1085660,Destiny 2 (Paid Legacy Pack),2021-08,177734,57238.51
1085660,Destiny 2 (Paid Legacy Pack),2021-07,116526,52279.26
1085660,Destiny 2 (Paid Legacy Pack),2021-06,108306,56889.73
1085660,Destiny 2 (Paid Legacy Pack),2021-05,187504,70137.75
1085660,Destiny 2 (Paid Legacy Pack),2021-04,95209,45629.18
1085660,Destiny 2 (Paid Legacy Pack),2021-03,87476,53350.61
1085660,Destiny 2 (Paid Legacy Pack),2021-02,131640,59394.05
1085660,Destiny 2 (Paid Legacy Pack),2021-01,79290,44864.92
1085660,Destiny 2 (Paid Legacy Pack),2020-12,139723,67000.69
1085660,Destiny 2 (Paid Legacy Pack),2020-11,241843,99899.97
1085660,Destiny 2 (Paid Legacy Pack),2020-10,93741,50809.4
1085660,Destiny 2 (Paid Legacy Pack),2020-09,97247,53312.41
1085660,Destiny 2 (Paid Legacy Pack),2020-08,122520,64263.74
1085660,Destiny 2 (Paid Legacy Pack),2020-07,122236,68439.75
1085660,Destiny 2 (Paid Legacy Pack),2020-06,213681,77550.23
1085660,Destiny 2 (Paid Legacy Pack),2020-05,76476,51837.42
1085660,Destiny 2 (Paid Legacy Pack),2020-04,100645,66219.64
1085660,Destiny 2 (Paid Legacy Pack),2020-03,117425,77571.4
1085660,Destiny 2 (Paid Legacy Pack),2020-02,93065,63048.62
1085660,Destiny 2 (Paid Legacy Pack),2020-01,108724,65955.1
1085660,Destiny 2 (Paid Legacy Pack),2019-12,138593,92170.98
1085660,Destiny 2 (Paid Legacy Pack),2019-11,195407,107955.77
1085660,Destiny 2 (Paid Legacy Pack),2019-10,292314,165307.82
2358720,Black Myth: Wukong,2026-04,18778,7854.38
2358720,Black Myth: Wukong,2026-03,26341,10753.56
2358720,Black Myth: Wukong,2026-02,29171,12751.87
2358720,Black Myth: Wukong,2026-01,20296,8976.41
2358720,Black Myth: Wukong,2025-12,20266,8614.94
2358720,Black Myth: Wukong,2025-11,23406,9748.92
2358720,Black Myth: Wukong,2025-10,26559,11108.62
2358720,Black Myth: Wukong,2025-09,38235,13734.8
2358720,Black Myth: Wukong,2025-08,50138,21398.44
2358720,Black Myth: Wukong,2025-07,44065,20900.67
2358720,Black Myth: Wukong,2025-06,46285,16640.32
2358720,Black Myth: Wukong,2025-05,29985,13116.67
2358720,Black Myth: Wukong,2025-04,36692,14182.18
2358720,Black Myth: Wukong,2025-03,47284,17440.78
2358720,Black Myth: Wukong,2025-02,62118,24928.37
2358720,Black Myth: Wukong,2025-01,80593,33603.26
2358720,Black Myth: Wukong,2024-12,213879,43764.68
2358720,Black Myth: Wukong,2024-11,126159,39811.55
2358720,Black Myth: Wukong,2024-10,337888,92079.56
2358720,Black Myth: Wukong,2024-09,1365923,332832.44
2358720,Black Myth: Wukong,2024-08,2406967,970442.7
553850,HELLDIVERS 2,2026-04,83346,35678.25
553850,HELLDIVERS 2,2026-03,83024,47917.25
553850,HELLDIVERS 2,2026-02,171120,76473.83
553850,HELLDIVERS 2,2026-01,64412,33874.63
553850,HELLDIVERS 2,2025-12,68577,34475.01
553850,HELLDIVERS 2,2025-11,37770,22073.53
553850,HELLDIVERS 2,2025-10,61493,29525.67
553850,HELLDIVERS 2,2025-09,177327,68412.3
553850,HELLDIVERS 2,2025-08,163085,40433.48
553850,HELLDIVERS 2,2025-07,75108,37951.75
553850,HELLDIVERS 2,2025-06,119358,53136.43
553850,HELLDIVERS 2,2025-05,162997,60291.32
553850,HELLDIVERS 2,2025-04,48671,27965.66
553850,HELLDIVERS 2,2025-03,74048,38521.25
553850,HELLDIVERS 2,2025-02,96421,53276.32
553850,HELLDIVERS 2,2025-01,94361,46838.92
553850,HELLDIVERS 2,2024-12,148524,56734.54
553850,HELLDIVERS 2,2024-11,56787,29650.66
553850,HELLDIVERS 2,2024-10,72196,30407.27
553850,HELLDIVERS 2,2024-09,68315,25885.31
553850,HELLDIVERS 2,2024-08,62585,24574.1
553850,HELLDIVERS 2,2024-07,47007,23928.28
553850,HELLDIVERS 2,2024-06,91692,41638.31
553850,HELLDIVERS 2,2024-05,125574,65221.4
553850,HELLDIVERS 2,2024-04,333751,142853.62
553850,HELLDIVERS 2,2024-03,437818,217045.57
553850,HELLDIVERS 2,2024-02,458208,274304.38
1623730,Palworld,2026-04,49153,23374.93
1623730,Palworld,2026-03,53156,29213.51
1623730,Palworld,2026-02,59573,34624.63
1623730,Palworld,2026-01,76518,43391.78
1623730,Palworld,2025-12,75103,35921.22
1623730,Palworld,2025-11,52977,29710.69
1623730,Palworld,2025-10,51248,27563.78
1623730,Palworld,2025-09,46253,24290.38
1623730,Palworld,2025-08,61567,32058.53
1623730,Palworld,2025-07,103829,50987.31
1623730,Palworld,2025-06,122242,30666.23
1623730,Palworld,2025-05,44133,22015.77
1623730,Palworld,2025-04,46807,24443.08
1623730,Palworld,2025-03,63841,33419.82
1623730,Palworld,2025-02,114303,52080.77
1623730,Palworld,2025-01,208927,97429.31
1623730,Palworld,2024-12,212559,54911.26
1623730,Palworld,2024-11,34443,15395.77
1623730,Palworld,2024-10,29783,16112.39
1623730,Palworld,2024-09,33797,18615.44
1623730,Palworld,2024-08,51402,26179.92
1623730,Palworld,2024-07,128325,53788.34
1623730,Palworld,2024-06,143308,26105.01
1623730,Palworld,2024-05,44980,20201.66
1623730,Palworld,2024-04,128481,44982.46
1623730,Palworld,2024-03,271177,83497.48
1623730,Palworld,2024-02,1358474,440261.96
1623730,Palworld,2024-01,2101535,1146059.88
1063730,New World: Aeternum,2026-04,975,579.27
1063730,New World: Aeternum,2026-03,1093,581.71
1063730,New World: Aeternum,2026-02,1367,738.5
1063730,New World: Aeternum,2026-01,1703,933.55
1063730,New World: Aeternum,2025-12,2278,1222.01
1063730,New World: Aeternum,2025-11,9582,3712.2
1063730,New World: Aeternum,2025-10,50987,21285.96
1063730,New World: Aeternum,2025-09,17482,9062.51
1063730,New World: Aeternum,2025-08,13351,8497.58
1063730,New World: Aeternum,2025-07,10969,6042.29
1063730,New World: Aeternum,2025-06,9253,5328.53
1063730,New World: Aeternum,2025-05,9633,5914.14
1063730,New World: Aeternum,2025-04,8509,5593.51
1063730,New World: Aeternum,2025-03,11570,6882.99
1063730,New World: Aeternum,2025-02,14588,8720.19
1063730,New World: Aeternum,2025-01,17046,10042.66
1063730,New World: Aeternum,2024-12,25111,12453.1
1063730,New World: Aeternum,2024-11,44245,22227.53
1063730,New World: Aeternum,2024-10,61364,20523.36
1063730,New World: Aeternum,2024-09,8711,4326.23
1063730,New World: Aeternum,2024-08,5095,3285.53
1063730,New World: Aeternum,2024-07,6208,3640.92
1063730,New World: Aeternum,2024-06,8466,5073.51
1063730,New World: Aeternum,2024-05,9783,6181.73
1063730,New World: Aeternum,2024-04,13046,7717.73
1063730,New World: Aeternum,2024-03,14400,9129.22
1063730,New World: Aeternum,2024-02,17532,10657.82
1063730,New World: Aeternum,2024-01,29121,16347.25
1063730,New World: Aeternum,2023-12,30227,18224.74
1063730,New World: Aeternum,2023-11,45836,24532.44
1063730,New World: Aeternum,2023-10,77642,37395.31
1063730,New World: Aeternum,2023-09,25912,14023.68
1063730,New World: Aeternum,2023-08,20091,12044.27
1063730,New World: Aeternum,2023-07,25878,14827.43
1063730,New World: Aeternum,2023-06,20288,11352.77
1063730,New World: Aeternum,2023-05,23468,14328.13
1063730,New World: Aeternum,2023-04,28227,16910.26
1063730,New World: Aeternum,2023-03,24140,14959.92
1063730,New World: Aeternum,2023-02,32988,19073.19
1063730,New World: Aeternum,2023-01,49914,28509.0
1063730,New World: Aeternum,2022-12,73970,41772.17
1063730,New World: Aeternum,2022-11,137755,67758.63
1063730,New World: Aeternum,2022-10,69605,34743.96
1063730,New World: Aeternum,2022-09,45745,25269.19
1063730,New World: Aeternum,2022-08,25505,16504.01
1063730,New World: Aeternum,2022-07,26604,13298.85
1063730,New World: Aeternum,2022-06,22565,13615.35
1063730,New World: Aeternum,2022-05,28373,16575.47
1063730,New World: Aeternum,2022-04,37734,21802.14
1063730,New World: Aeternum,2022-03,34098,21039.39
1063730,New World: Aeternum,2022-02,67943,32387.84
1063730,New World: Aeternum,2022-01,117042,65106.82
1063730,New World: Aeternum,2021-12,145038,83175.96
1063730,New World: Aeternum,2021-11,357188,155169.01
1063730,New World: Aeternum,2021-10,913027,410170.71
221100,DayZ,2026-04,74297,40223.91
221100,DayZ,2026-03,66795,37137.94
221100,DayZ,2026-02,70047,39249.01
221100,DayZ,2026-01,69076,39082.88
221100,DayZ,2025-12,61758,34512.6
221100,DayZ,2025-11,63975,34389.43
221100,DayZ,2025-10,68609,35931.56
221100,DayZ,2025-09,68651,37019.47
221100,DayZ,2025-08,64421,36213.13
221100,DayZ,2025-07,65650,37207.34
221100,DayZ,2025-06,67770,37725.84
221100,DayZ,2025-05,63516,35310.29
221100,DayZ,2025-04,64022,36205.95
221100,DayZ,2025-03,75508,41396.66
221100,DayZ,2025-02,69719,39534.43
221100,DayZ,2025-01,71221,40047.56
221100,DayZ,2024-12,67421,37801.82
221100,DayZ,2024-11,74708,39133.82
221100,DayZ,2024-10,78739,37937.58
221100,DayZ,2024-09,60240,33275.04
221100,DayZ,2024-08,59405,33579.99
221100,DayZ,2024-07,59506,34042.61
221100,DayZ,2024-06,64338,35098.12
221100,DayZ,2024-05,58693,33208.99
221100,DayZ,2024-04,63829,35652.34
221100,DayZ,2024-03,66944,38554.18
221100,DayZ,2024-02,69951,37102.9
221100,DayZ,2024-01,73336,40708.85
221100,DayZ,2023-12,64044,37603.58
221100,DayZ,2023-11,69372,38113.71
221100,DayZ,2023-10,58535,32239.92
221100,DayZ,2023-09,54453,30903.86
221100,DayZ,2023-08,56657,32244.01
221100,DayZ,2023-07,58774,35000.79
221100,DayZ,2023-06,59394,33220.35
221100,DayZ,2023-05,58204,32346.07
221100,DayZ,2023-04,59757,34989.34
221100,DayZ,2023-03,61054,33992.39
221100,DayZ,2023-02,60229,34062.9
221100,DayZ,2023-01,63040,36226.65
221100,DayZ,2022-12,50730,30013.83
221100,DayZ,2022-11,54609,30488.17
221100,DayZ,2022-10,57176,29796.4
221100,DayZ,2022-09,52106,28478.6
221100,DayZ,2022-08,48116,27814.02
221100,DayZ,2022-07,47882,29153.4
221100,DayZ,2022-06,52546,28493.83
221100,DayZ,2022-05,53887,28893.55
221100,DayZ,2022-04,58240,29455.79
221100,DayZ,2022-03,43824,25411.39
221100,DayZ,2022-02,47123,27436.63
221100,DayZ,2022-01,52696,31090.68
221100,DayZ,2021-12,44592,25982.52
221100,DayZ,2021-11,45973,24475.87
221100,DayZ,2021-10,39337,21963.53
221100,DayZ,2021-09,34974,20207.77
221100,DayZ,2021-08,35452,21483.87
221100,DayZ,2021-07,32102,19122.29
221100,DayZ,2021-06,34348,19221.3
221100,DayZ,2021-05,35936,21313.27
221100,DayZ,2021-04,34882,19622.58
221100,DayZ,2021-03,34161,20095.31
221100,DayZ,2021-02,38533,22224.47
221100,DayZ,2021-01,45236,26336.03
221100,DayZ,2020-12,40337,22811.98
221100,DayZ,2020-11,33979,19362.78
221100,DayZ,2020-10,30755,18453.68
221100,DayZ,2020-09,36728,19895.67
221100,DayZ,2020-08,24446,13979.0
221100,DayZ,2020-07,23958,14339.71
221100,DayZ,2020-06,24136,13996.88
221100,DayZ,2020-05,35397,16328.97
221100,DayZ,2020-04,28096,17504.27
221100,DayZ,2020-03,27255,15527.42
221100,DayZ,2020-02,40545,17739.01
221100,DayZ,2020-01,25661,14731.7
221100,DayZ,2019-12,24254,12561.04
221100,DayZ,2019-11,16330,8966.15
221100,DayZ,2019-10,18461,9461.83
221100,DayZ,2019-09,16901,8648.24
221100,DayZ,2019-08,18198,9836.62
221100,DayZ,2019-07,18792,10654.23
221100,DayZ,2019-06,16789,8658.3
221100,DayZ,2019-05,15139,7394.78
221100,DayZ,2019-04,13118,6639.16
221100,DayZ,2019-03,9641,5060.83
221100,DayZ,2019-02,9872,4862.05
221100,DayZ,2019-01,13369,6394.66
221100,DayZ,2018-12,29324,7886.47
221100,DayZ,2018-11,12725,4404.65
221100,DayZ,2018-10,3577,1692.27
221100,DayZ,2018-09,4460,1825.15
221100,DayZ,2018-08,3292,1596.73
221100,DayZ,2018-07,3681,1811.17
221100,DayZ,2018-06,5752,2763.77
221100,DayZ,2018-05,6624,2232.68
221100,DayZ,2018-04,4457,2059.52
221100,DayZ,2018-03,4291,2138.04
221100,DayZ,2018-02,4347,2160.03
221100,DayZ,2018-01,4820,2403.22
221100,DayZ,2017-12,4733,2449.99
221100,DayZ,2017-11,4822,2338.7
221100,DayZ,2017-10,4855,2345.23
221100,DayZ,2017-09,4763,2295.32
221100,DayZ,2017-08,4777,2609.7
221100,DayZ,2017-07,6587,3307.35
221100,DayZ,2017-06,9354,4395.29
221100,DayZ,2017-05,6776,3162.33
221100,DayZ,2017-04,7406,3489.26
221100,DayZ,2017-03,8933,4326.4
221100,DayZ,2017-02,9336,4661.09
221100,DayZ,2017-01,12926,5845.04
221100,DayZ,2016-12,14238,5454.18
221100,DayZ,2016-11,9381,4789.18
221100,DayZ,2016-10,8757,4381.3
221100,DayZ,2016-09,8663,4305.78
221100,DayZ,2016-08,10386,5337.31
221100,DayZ,2016-07,17818,8003.11
221100,DayZ,2016-06,27880,10144.38
221100,DayZ,2016-05,13335,5984.87
221100,DayZ,2016-04,10944,5287.04
221100,DayZ,2016-03,13218,5993.36
221100,DayZ,2016-02,13983,7260.46
221100,DayZ,2016-01,16423,8329.42
221100,DayZ,2015-12,17740,7440.46
221100,DayZ,2015-11,9325,4378.75
221100,DayZ,2015-10,11606,5521.26
221100,DayZ,2015-09,13017,6889.6
221100,DayZ,2015-08,23967,8835.6
221100,DayZ,2015-07,15586,9016.54
221100,DayZ,2015-06,21240,8800.07
221100,DayZ,2015-05,13104,6524.53
221100,DayZ,2015-04,25784,9274.36
221100,DayZ,2015-03,29190,13846.47
221100,DayZ,2015-02,29001,15007.24
221100,DayZ,2015-01,29335,14447.45
221100,DayZ,2014-12,29338,15307.58
221100,DayZ,2014-11,28241,13324.71
221100,DayZ,2014-10,20483,10708.89
221100,DayZ,2014-09,26024,11731.64
221100,DayZ,2014-08,26720,14872.9
221100,DayZ,2014-07,30532,15121.64
221100,DayZ,2014-06,31586,14518.53
221100,DayZ,2014-05,33525,16855.76
221100,DayZ,2014-04,36653,18665.75
221100,DayZ,2014-03,35993,17548.31
221100,DayZ,2014-02,40857,21764.03
221100,DayZ,2014-01,42545,23093.53
221100,DayZ,2013-12,45398,12471.61
221100,DayZ,2013-11,28,4.92
221100,DayZ,2013-10,23,2.62
221100,DayZ,2013-09,9,1.15
221100,DayZ,2013-08,28,2.35
221100,DayZ,2013-07,9,0.72
221100,DayZ,2013-06,10,0.6
221100,DayZ,2013-05,15,0.64
221100,DayZ,2013-04,6,0.35
221100,DayZ,2013-03,9,0.84
221100,DayZ,2013-02,9,0.91
221100,DayZ,2013-01,4,0.42
221100,DayZ,2012-12,5,0.33
221100,DayZ,2012-11,5,0.46
221100,DayZ,2012-10,3,0.13
221100,DayZ,2012-09,0,0.0
1172620,Sea of Thieves,2026-04,14274,5708.14
1172620,Sea of Thieves,2026-03,14417,5393.97
1172620,Sea of Thieves,2026-02,12451,5185.66
1172620,Sea of Thieves,2026-01,16224,6212.07
1172620,Sea of Thieves,2025-12,14799,5332.59
1172620,Sea of Thieves,2025-11,8911,3804.82
1172620,Sea of Thieves,2025-10,9707,4068.46
1172620,Sea of Thieves,2025-09,9352,4147.3
1172620,Sea of Thieves,2025-08,12743,6072.82
1172620,Sea of Thieves,2025-07,14954,7230.23
1172620,Sea of Thieves,2025-06,14210,6220.52
1172620,Sea of Thieves,2025-05,14762,6797.11
1172620,Sea of Thieves,2025-04,13925,5966.56
1172620,Sea of Thieves,2025-03,22052,8820.05
1172620,Sea of Thieves,2025-02,31500,8619.32
1172620,Sea of Thieves,2025-01,14729,6230.53
1172620,Sea of Thieves,2024-12,14010,6079.6
1172620,Sea of Thieves,2024-11,13844,5838.65
1172620,Sea of Thieves,2024-10,15848,6850.43
1172620,Sea of Thieves,2024-09,16071,6426.47
1172620,Sea of Thieves,2024-08,19737,9218.75
1172620,Sea of Thieves,2024-07,21786,10183.85
1172620,Sea of Thieves,2024-06,29515,11823.67
1172620,Sea of Thieves,2024-05,32905,14081.38
1172620,Sea of Thieves,2024-04,32123,9430.6
1172620,Sea of Thieves,2024-03,23712,9005.57
1172620,Sea of Thieves,2024-02,23076,9702.29
1172620,Sea of Thieves,2024-01,25837,11177.96
1172620,Sea of Thieves,2023-12,19526,8745.85
1172620,Sea of Thieves,2023-11,16942,7821.86
1172620,Sea of Thieves,2023-10,29275,11620.45
1172620,Sea of Thieves,2023-09,27144,7851.28
1172620,Sea of Thieves,2023-08,18444,8224.01
1172620,Sea of Thieves,2023-07,22576,12742.7
1172620,Sea of Thieves,2023-06,16429,8671.22
1172620,Sea of Thieves,2023-05,24438,11134.83
1172620,Sea of Thieves,2023-04,28997,12533.01
1172620,Sea of Thieves,2023-03,41364,12742.6
1172620,Sea of Thieves,2023-02,32587,11641.48
1172620,Sea of Thieves,2023-01,24862,12139.96
1172620,Sea of Thieves,2022-12,24109,11963.95
1172620,Sea of Thieves,2022-11,27236,9685.97
1172620,Sea of Thieves,2022-10,19370,7960.26
1172620,Sea of Thieves,2022-09,35683,10809.33
1172620,Sea of Thieves,2022-08,30077,13465.26
1172620,Sea of Thieves,2022-07,25102,13975.41
1172620,Sea of Thieves,2022-06,28040,14158.94
1172620,Sea of Thieves,2022-05,25846,11701.93
1172620,Sea of Thieves,2022-04,35219,15766.46
1172620,Sea of Thieves,2022-03,20724,9814.66
1172620,Sea of Thieves,2022-02,23915,11732.05
1172620,Sea of Thieves,2022-01,36840,15721.62
1172620,Sea of Thieves,2021-12,31079,13038.91
1172620,Sea of Thieves,2021-11,21496,7987.34
1172620,Sea of Thieves,2021-10,17813,8330.0
1172620,Sea of Thieves,2021-09,25817,10290.88
1172620,Sea of Thieves,2021-08,19422,11112.29
1172620,Sea of Thieves,2021-07,50314,21719.35
1172620,Sea of Thieves,2021-06,62889,24421.3
1172620,Sea of Thieves,2021-05,43761,13472.58
1172620,Sea of Thieves,2021-04,46670,18630.92
1172620,Sea of Thieves,2021-03,22070,10706.0
1172620,Sea of Thieves,2021-02,27909,15068.31
1172620,Sea of Thieves,2021-01,52916,21555.18
1172620,Sea of Thieves,2020-12,45381,13250.22
1172620,Sea of Thieves,2020-11,27087,10692.52
1172620,Sea of Thieves,2020-10,13235,6266.54
1172620,Sea of Thieves,2020-09,26959,9681.4
1172620,Sea of Thieves,2020-08,29221,12358.85
1172620,Sea of Thieves,2020-07,59104,21810.25
1172620,Sea of Thieves,2020-06,66632,29454.49
284160,BeamNG.drive,2026-04,33575,19526.97
284160,BeamNG.drive,2026-03,35304,19400.94
284160,BeamNG.drive,2026-02,35723,20641.08
284160,BeamNG.drive,2026-01,37341,21397.71
284160,BeamNG.drive,2025-12,38677,20750.68
284160,BeamNG.drive,2025-11,29374,17391.18
284160,BeamNG.drive,2025-10,30555,16696.01
284160,BeamNG.drive,2025-09,32178,17580.31
284160,BeamNG.drive,2025-08,28954,17348.35
284160,BeamNG.drive,2025-07,26568,17024.13
284160,BeamNG.drive,2025-06,28724,16978.09
284160,BeamNG.drive,2025-05,26350,15834.87
284160,BeamNG.drive,2025-04,30595,16386.89
284160,BeamNG.drive,2025-03,27703,15728.03
284160,BeamNG.drive,2025-02,28771,16332.99
284160,BeamNG.drive,2025-01,28507,16449.13
284160,BeamNG.drive,2024-12,29827,16424.59
284160,BeamNG.drive,2024-11,25201,14333.87
284160,BeamNG.drive,2024-10,25985,14588.39
284160,BeamNG.drive,2024-09,29041,14518.85
284160,BeamNG.drive,2024-08,20761,13059.63
284160,BeamNG.drive,2024-07,20279,12982.77
284160,BeamNG.drive,2024-06,21250,13185.9
284160,BeamNG.drive,2024-05,23269,13237.77
284160,BeamNG.drive,2024-04,26844,13300.35
284160,BeamNG.drive,2024-03,22839,12914.85
284160,BeamNG.drive,2024-02,21916,12272.22
284160,BeamNG.drive,2024-01,22956,13056.66
284160,BeamNG.drive,2023-12,25683,13282.62
284160,BeamNG.drive,2023-11,19064,10580.78
284160,BeamNG.drive,2023-10,20327,11208.6
284160,BeamNG.drive,2023-09,23210,10997.19
284160,BeamNG.drive,2023-08,16988,10561.7
284160,BeamNG.drive,2023-07,20926,11152.49
284160,BeamNG.drive,2023-06,15284,9625.76
284160,BeamNG.drive,2023-05,15571,9210.77
284160,BeamNG.drive,2023-04,17180,9946.78
284160,BeamNG.drive,2023-03,16962,9382.07
284160,BeamNG.drive,2023-02,17459,9388.59
284160,BeamNG.drive,2023-01,17869,10112.97
284160,BeamNG.drive,2022-12,20683,10806.62
284160,BeamNG.drive,2022-11,14196,7886.19
284160,BeamNG.drive,2022-10,14028,7679.27
284160,BeamNG.drive,2022-09,15975,7716.14
284160,BeamNG.drive,2022-08,11709,7155.62
284160,BeamNG.drive,2022-07,11110,7201.55
284160,BeamNG.drive,2022-06,15811,7625.63
284160,BeamNG.drive,2022-05,10760,6245.32
284160,BeamNG.drive,2022-04,10371,6111.36
284160,BeamNG.drive,2022-03,11148,6023.33
284160,BeamNG.drive,2022-02,11521,6590.7
284160,BeamNG.drive,2022-01,12186,7194.49
284160,BeamNG.drive,2021-12,14251,7315.97
284160,BeamNG.drive,2021-11,10884,6008.64
284160,BeamNG.drive,2021-10,13275,6709.75
284160,BeamNG.drive,2021-09,11155,6295.67
284160,BeamNG.drive,2021-08,10394,6169.77
284160,BeamNG.drive,2021-07,13469,6803.95
284160,BeamNG.drive,2021-06,13319,5694.79
284160,BeamNG.drive,2021-05,8553,5382.02
284160,BeamNG.drive,2021-04,10756,6015.05
284160,BeamNG.drive,2021-03,10026,5314.62
284160,BeamNG.drive,2021-02,8669,5275.54
284160,BeamNG.drive,2021-01,8485,5370.45
284160,BeamNG.drive,2020-12,9110,4921.57
284160,BeamNG.drive,2020-11,7053,4072.65
284160,BeamNG.drive,2020-10,6918,4090.35
284160,BeamNG.drive,2020-09,5884,3621.6
284160,BeamNG.drive,2020-08,5740,3794.6
284160,BeamNG.drive,2020-07,5038,3391.9
284160,BeamNG.drive,2020-06,4672,3120.83
284160,BeamNG.drive,2020-05,5228,3288.89
284160,BeamNG.drive,2020-04,7880,3961.44
284160,BeamNG.drive,2020-03,5320,3126.53
284160,BeamNG.drive,2020-02,5069,2882.81
284160,BeamNG.drive,2020-01,5372,2923.81
284160,BeamNG.drive,2019-12,5780,3041.67
284160,BeamNG.drive,2019-11,4265,2365.02
284160,BeamNG.drive,2019-10,4002,2225.64
284160,BeamNG.drive,2019-09,4388,2325.14
284160,BeamNG.drive,2019-08,5124,2432.88
284160,BeamNG.drive,2019-07,2895,1871.76
284160,BeamNG.drive,2019-06,3136,1935.97
284160,BeamNG.drive,2019-05,4082,2000.8
284160,BeamNG.drive,2019-04,3198,1745.41
284160,BeamNG.drive,2019-03,3296,1822.36
284160,BeamNG.drive,2019-02,3240,1818.73
284160,BeamNG.drive,2019-01,3414,1908.21
284160,BeamNG.drive,2018-12,4010,1935.57
284160,BeamNG.drive,2018-11,3125,1644.95
284160,BeamNG.drive,2018-10,2964,1615.96
284160,BeamNG.drive,2018-09,3098,1720.2
284160,BeamNG.drive,2018-08,2956,1776.17
284160,BeamNG.drive,2018-07,3549,1871.28
284160,BeamNG.drive,2018-06,2717,1603.01
284160,BeamNG.drive,2018-05,2598,1490.85
284160,BeamNG.drive,2018-04,3397,1728.59
284160,BeamNG.drive,2018-03,2766,1527.1
284160,BeamNG.drive,2018-02,2942,1575.75
284160,BeamNG.drive,2018-01,2851,1555.02
284160,BeamNG.drive,2017-12,3424,1873.69
284160,BeamNG.drive,2017-11,4332,1699.06
284160,BeamNG.drive,2017-10,2968,1487.16
284160,BeamNG.drive,2017-09,2481,1348.97
284160,BeamNG.drive,2017-08,2745,1518.21
284160,BeamNG.drive,2017-07,2108,1275.83
284160,BeamNG.drive,2017-06,2317,1226.74
284160,BeamNG.drive,2017-05,2273,1205.13
284160,BeamNG.drive,2017-04,2738,1247.77
284160,BeamNG.drive,2017-03,1793,926.68
284160,BeamNG.drive,2017-02,1948,975.25
284160,BeamNG.drive,2017-01,1970,1044.59
284160,BeamNG.drive,2016-12,2080,928.46
284160,BeamNG.drive,2016-11,1658,832.46
284160,BeamNG.drive,2016-10,1880,929.48
284160,BeamNG.drive,2016-09,1612,811.96
284160,BeamNG.drive,2016-08,1707,935.63
284160,BeamNG.drive,2016-07,1889,828.52
284160,BeamNG.drive,2016-06,1555,750.51
284160,BeamNG.drive,2016-05,1683,712.31
284160,BeamNG.drive,2016-04,1604,715.56
284160,BeamNG.drive,2016-03,1545,734.53
284160,BeamNG.drive,2016-02,1603,696.73
284160,BeamNG.drive,2016-01,1461,636.25
284160,BeamNG.drive,2015-12,1537,538.13
284160,BeamNG.drive,2015-11,1065,460.7
284160,BeamNG.drive,2015-10,1033,400.19
284160,BeamNG.drive,2015-09,945,410.94
284160,BeamNG.drive,2015-08,683,380.85
284160,BeamNG.drive,2015-07,528,317.49
284160,BeamNG.drive,2015-06,784,405.37
284160,BeamNG.drive,2015-05,917,218.25
284160,BeamNG.drive,2015-04,379,174.6
284160,BeamNG.drive,2015-03,359,172.13
284160,BeamNG.drive,2015-02,559,246.83
284160,BeamNG.drive,2015-01,305,137.93
284160,BeamNG.drive,2014-12,190,100.48
284160,BeamNG.drive,2014-11,201,100.36
284160,BeamNG.drive,2014-10,192,92.94
284160,BeamNG.drive,2014-09,206,86.92
284160,BeamNG.drive,2014-08,272,88.27
548430,Deep Rock Galactic,2026-04,13079,6182.17
548430,Deep Rock Galactic,2026-03,18327,9178.81
548430,Deep Rock Galactic,2026-02,38141,12621.12
548430,Deep Rock Galactic,2026-01,35932,10607.21
548430,Deep Rock Galactic,2025-12,17462,8116.5
548430,Deep Rock Galactic,2025-11,17063,7377.89
548430,Deep Rock Galactic,2025-10,15754,6911.42
548430,Deep Rock Galactic,2025-09,15458,6930.56
548430,Deep Rock Galactic,2025-08,19062,8456.45
548430,Deep Rock Galactic,2025-07,16656,7545.79
548430,Deep Rock Galactic,2025-06,16749,7732.68
548430,Deep Rock Galactic,2025-05,18778,8336.88
548430,Deep Rock Galactic,2025-04,16578,7682.69
548430,Deep Rock Galactic,2025-03,19333,9185.35
548430,Deep Rock Galactic,2025-02,20780,10597.5
548430,Deep Rock Galactic,2025-01,19103,9064.58
548430,Deep Rock Galactic,2024-12,20655,10443.28
548430,Deep Rock Galactic,2024-11,19420,9601.53
548430,Deep Rock Galactic,2024-10,19973,9845.58
548430,Deep Rock Galactic,2024-09,27089,10355.22
548430,Deep Rock Galactic,2024-08,25295,12497.59
548430,Deep Rock Galactic,2024-07,27589,13817.0
548430,Deep Rock Galactic,2024-06,53558,19382.77
548430,Deep Rock Galactic,2024-05,16423,8025.86
548430,Deep Rock Galactic,2024-04,21636,9516.88
548430,Deep Rock Galactic,2024-03,31452,14725.62
548430,Deep Rock Galactic,2024-02,18738,10604.74
548430,Deep Rock Galactic,2024-01,20789,11528.77
548430,Deep Rock Galactic,2023-12,20579,12233.88
548430,Deep Rock Galactic,2023-11,22249,12619.08
548430,Deep Rock Galactic,2023-10,23423,10878.13
548430,Deep Rock Galactic,2023-09,25298,12383.85
548430,Deep Rock Galactic,2023-08,25573,14483.24
548430,Deep Rock Galactic,2023-07,34474,18789.15
548430,Deep Rock Galactic,2023-06,34905,17808.98
548430,Deep Rock Galactic,2023-05,24918,13193.62
548430,Deep Rock Galactic,2023-04,27496,15227.72
548430,Deep Rock Galactic,2023-03,36198,20798.39
548430,Deep Rock Galactic,2023-02,23460,13098.02
548430,Deep Rock Galactic,2023-01,27360,16620.74
548430,Deep Rock Galactic,2022-12,25051,16335.86
548430,Deep Rock Galactic,2022-11,46392,21637.55
548430,Deep Rock Galactic,2022-10,15230,8506.44
548430,Deep Rock Galactic,2022-09,16182,8538.09
548430,Deep Rock Galactic,2022-08,13619,8144.69
548430,Deep Rock Galactic,2022-07,24217,11913.93
548430,Deep Rock Galactic,2022-06,26162,13295.31
548430,Deep Rock Galactic,2022-05,30710,12824.45
548430,Deep Rock Galactic,2022-04,28698,8840.98
548430,Deep Rock Galactic,2022-03,16649,8393.57
548430,Deep Rock Galactic,2022-02,21314,9855.65
548430,Deep Rock Galactic,2022-01,20811,10339.46
548430,Deep Rock Galactic,2021-12,19148,10841.15
548430,Deep Rock Galactic,2021-11,41544,18024.73
548430,Deep Rock Galactic,2021-10,10818,4723.62
548430,Deep Rock Galactic,2021-09,9112,4898.71
548430,Deep Rock Galactic,2021-08,7472,4446.08
548430,Deep Rock Galactic,2021-07,12469,6701.67
548430,Deep Rock Galactic,2021-06,13027,5557.39
548430,Deep Rock Galactic,2021-05,13218,6301.31
548430,Deep Rock Galactic,2021-04,9049,5256.97
548430,Deep Rock Galactic,2021-03,24522,10949.6
548430,Deep Rock Galactic,2021-02,35827,9126.46
548430,Deep Rock Galactic,2021-01,14077,7205.41
548430,Deep Rock Galactic,2020-12,12395,6012.11
548430,Deep Rock Galactic,2020-11,11275,5527.01
548430,Deep Rock Galactic,2020-10,12457,5016.59
548430,Deep Rock Galactic,2020-09,9273,4634.19
548430,Deep Rock Galactic,2020-08,6370,3410.52
548430,Deep Rock Galactic,2020-07,10527,5366.93
548430,Deep Rock Galactic,2020-06,11326,6043.46
548430,Deep Rock Galactic,2020-05,15515,6563.21
548430,Deep Rock Galactic,2020-04,6541,3406.54
548430,Deep Rock Galactic,2020-03,20030,6473.72
548430,Deep Rock Galactic,2020-02,19471,3308.93
548430,Deep Rock Galactic,2020-01,5242,2512.05
548430,Deep Rock Galactic,2019-12,5091,2498.49
548430,Deep Rock Galactic,2019-11,4489,1771.56
548430,Deep Rock Galactic,2019-10,4172,1937.07
548430,Deep Rock Galactic,2019-09,9790,1959.91
548430,Deep Rock Galactic,2019-08,1393,739.42
548430,Deep Rock Galactic,2019-07,3026,1363.98
548430,Deep Rock Galactic,2019-06,3085,1158.06
548430,Deep Rock Galactic,2019-05,3453,1142.41
548430,Deep Rock Galactic,2019-04,1863,820.17
548430,Deep Rock Galactic,2019-03,14863,2487.16
548430,Deep Rock Galactic,2019-02,4462,1181.22
548430,Deep Rock Galactic,2019-01,3014,1343.5
548430,Deep Rock Galactic,2018-12,3263,1430.48
548430,Deep Rock Galactic,2018-11,2631,696.88
548430,Deep Rock Galactic,2018-10,1404,582.37
548430,Deep Rock Galactic,2018-09,1311,592.38
548430,Deep Rock Galactic,2018-08,743,289.14
548430,Deep Rock Galactic,2018-07,2272,799.88
548430,Deep Rock Galactic,2018-06,2189,704.37
548430,Deep Rock Galactic,2018-05,2963,806.71
548430,Deep Rock Galactic,2018-04,1686,613.74
548430,Deep Rock Galactic,2018-03,4286,1334.51
548430,Deep Rock Galactic,2018-02,2674,46.4
548430,Deep Rock Galactic,2018-01,6,0.8
548430,Deep Rock Galactic,2017-12,9,1.06
548430,Deep Rock Galactic,2017-11,17,2.96
548430,Deep Rock Galactic,2017-10,25,4.24
548430,Deep Rock Galactic,2017-09,59,12.01
548430,Deep Rock Galactic,2017-08,184,10.17
548430,Deep Rock Galactic,2017-07,28,4.76
548430,Deep Rock Galactic,2017-06,114,5.83
548430,Deep Rock Galactic,2017-05,16,1.5
548430,Deep Rock Galactic,2017-04,9,1.25
548430,Deep Rock Galactic,2017-03,33,2.11
548430,Deep Rock Galactic,2017-02,21,1.56
548430,Deep Rock Galactic,2017-01,4,0.24
548430,Deep Rock Galactic,2016-12,11,1.42
275850,No Man's Sky,2026-04,25650,12320.58
275850,No Man's Sky,2026-03,21398,10351.38
275850,No Man's Sky,2026-02,32169,13769.34
275850,No Man's Sky,2026-01,24023,11562.84
275850,No Man's Sky,2025-12,22580,13723.25
275850,No Man's Sky,2025-11,35456,17173.63
275850,No Man's Sky,2025-10,43104,21855.38
275850,No Man's Sky,2025-09,110429,45883.75
275850,No Man's Sky,2025-08,93195,13106.42
275850,No Man's Sky,2025-07,15287,9291.76
275850,No Man's Sky,2025-06,23640,11280.11
275850,No Man's Sky,2025-05,12970,6524.81
275850,No Man's Sky,2025-04,20566,9641.27
275850,No Man's Sky,2025-03,22837,10968.11
275850,No Man's Sky,2025-02,43443,22574.66
275850,No Man's Sky,2025-01,27721,9252.59
275850,No Man's Sky,2024-12,20566,11499.01
275850,No Man's Sky,2024-11,21542,10889.2
275850,No Man's Sky,2024-10,25403,9980.6
275850,No Man's Sky,2024-09,38475,16844.93
275850,No Man's Sky,2024-08,40951,17543.89
275850,No Man's Sky,2024-07,54901,17408.24
275850,No Man's Sky,2024-06,20046,8135.78
275850,No Man's Sky,2024-05,14956,5123.8
275850,No Man's Sky,2024-04,18923,8735.2
275850,No Man's Sky,2024-03,18819,7438.4
275850,No Man's Sky,2024-02,23461,8006.92
275850,No Man's Sky,2024-01,11934,6079.09
275850,No Man's Sky,2023-12,13308,7966.36
275850,No Man's Sky,2023-11,11550,5798.87
275850,No Man's Sky,2023-10,22361,10483.32
275850,No Man's Sky,2023-09,34085,16344.28
275850,No Man's Sky,2023-08,20998,6426.11
275850,No Man's Sky,2023-07,12234,6853.47
275850,No Man's Sky,2023-06,16427,8731.46
275850,No Man's Sky,2023-05,12944,6590.87
275850,No Man's Sky,2023-04,23336,11717.96
275850,No Man's Sky,2023-03,14172,7395.69
275850,No Man's Sky,2023-02,14945,5489.98
275850,No Man's Sky,2023-01,11366,6397.22
275850,No Man's Sky,2022-12,12475,7522.03
275850,No Man's Sky,2022-11,12319,6788.54
275850,No Man's Sky,2022-10,20349,9618.7
275850,No Man's Sky,2022-09,16623,7935.42
275850,No Man's Sky,2022-08,32413,15064.78
275850,No Man's Sky,2022-07,40753,15481.9
275850,No Man's Sky,2022-06,27054,13275.35
275850,No Man's Sky,2022-05,28487,13699.16
275850,No Man's Sky,2022-04,31870,13651.52
275850,No Man's Sky,2022-03,11008,6018.31
275850,No Man's Sky,2022-02,14304,6994.08
275850,No Man's Sky,2022-01,10741,6020.54
275850,No Man's Sky,2021-12,12716,7068.33
275850,No Man's Sky,2021-11,13102,6350.45
275850,No Man's Sky,2021-10,17754,8582.6
275850,No Man's Sky,2021-09,38538,17826.82
275850,No Man's Sky,2021-08,8310,5106.39
275850,No Man's Sky,2021-07,11719,6608.76
275850,No Man's Sky,2021-06,19792,9036.87
275850,No Man's Sky,2021-05,13361,6909.46
275850,No Man's Sky,2021-04,20871,9470.57
275850,No Man's Sky,2021-03,9928,5834.69
275850,No Man's Sky,2021-02,15126,7005.63
275850,No Man's Sky,2021-01,12707,6639.96
275850,No Man's Sky,2020-12,11954,6691.06
275850,No Man's Sky,2020-11,16326,8488.0
275850,No Man's Sky,2020-10,30502,12431.63
275850,No Man's Sky,2020-09,34739,8526.01
275850,No Man's Sky,2020-08,14929,6906.51
275850,No Man's Sky,2020-07,21844,9572.2
275850,No Man's Sky,2020-06,11736,6562.3
275850,No Man's Sky,2020-05,12089,6654.77
275850,No Man's Sky,2020-04,25414,11263.19
275850,No Man's Sky,2020-03,13493,5919.73
275850,No Man's Sky,2020-02,17980,6700.82
275850,No Man's Sky,2020-01,10613,5270.44
275850,No Man's Sky,2019-12,11029,5303.24
275850,No Man's Sky,2019-11,9918,2824.54
275850,No Man's Sky,2019-10,8568,3877.12
275850,No Man's Sky,2019-09,27831,9019.4
275850,No Man's Sky,2019-08,61535,20605.32
275850,No Man's Sky,2019-07,6914,3789.93
275850,No Man's Sky,2019-06,6055,2675.05
275850,No Man's Sky,2019-05,7478,2986.3
275850,No Man's Sky,2019-04,4971,2607.54
275850,No Man's Sky,2019-03,5892,2051.77
275850,No Man's Sky,2019-02,4573,2268.59
275850,No Man's Sky,2019-01,7621,3302.08
275850,No Man's Sky,2018-12,9118,4730.73
275850,No Man's Sky,2018-11,8569,3833.24
275850,No Man's Sky,2018-10,6291,3078.88
275850,No Man's Sky,2018-09,15099,5911.01
275850,No Man's Sky,2018-08,83156,28083.0
275850,No Man's Sky,2018-07,96954,14554.19
275850,No Man's Sky,2018-06,2047,1035.41
275850,No Man's Sky,2018-05,1942,782.81
275850,No Man's Sky,2018-04,1203,631.43
275850,No Man's Sky,2018-03,1047,557.85
275850,No Man's Sky,2018-02,1406,708.16
275850,No Man's Sky,2018-01,1938,930.32
275850,No Man's Sky,2017-12,1874,905.3
275850,No Man's Sky,2017-11,1915,933.2
275850,No Man's Sky,2017-10,2277,1035.08
275850,No Man's Sky,2017-09,5733,2146.1
275850,No Man's Sky,2017-08,19017,4895.45
275850,No Man's Sky,2017-07,1694,827.48
275850,No Man's Sky,2017-06,1781,651.19
275850,No Man's Sky,2017-05,1052,562.13
275850,No Man's Sky,2017-04,1869,847.28
275850,No Man's Sky,2017-03,7023,1805.89
275850,No Man's Sky,2017-02,1097,508.0
275850,No Man's Sky,2017-01,2220,869.6
275850,No Man's Sky,2016-12,6498,2145.01
275850,No Man's Sky,2016-11,8090,900.28
275850,No Man's Sky,2016-10,2172,774.14
275850,No Man's Sky,2016-09,9254,2982.79
275850,No Man's Sky,2016-08,212321,36976.41
1118200,People Playground,2026-04,7420,4193.02
1118200,People Playground,2026-03,7869,4296.65
1118200,People Playground,2026-02,8641,4439.18
1118200,People Playground,2026-01,7904,4542.64
1118200,People Playground,2025-12,8548,4593.31
1118200,People Playground,2025-11,6593,3868.22
1118200,People Playground,2025-10,6902,3957.05
1118200,People Playground,2025-09,8324,3838.4
1118200,People Playground,2025-08,6827,4328.8
1118200,People Playground,2025-07,7139,4742.69
1118200,People Playground,2025-06,6835,4312.86
1118200,People Playground,2025-05,6933,4155.03
1118200,People Playground,2025-04,6893,4029.98
1118200,People Playground,2025-03,7316,4168.04
1118200,People Playground,2025-02,7490,4261.41
1118200,People Playground,2025-01,7495,4456.67
1118200,People Playground,2024-12,7441,4413.68
1118200,People Playground,2024-11,8409,4652.54
1118200,People Playground,2024-10,9305,4870.98
1118200,People Playground,2024-09,8739,4903.9
1118200,People Playground,2024-08,8480,5473.4
1118200,People Playground,2024-07,7614,5419.26
1118200,People Playground,2024-06,8350,5444.47
1118200,People Playground,2024-05,9921,5205.86
1118200,People Playground,2024-04,8439,4833.61
1118200,People Playground,2024-03,9299,5297.4
1118200,People Playground,2024-02,10304,5357.64
1118200,People Playground,2024-01,9212,5398.33
1118200,People Playground,2023-12,10314,5731.15
1118200,People Playground,2023-11,11100,6143.83
1118200,People Playground,2023-10,15643,6604.06
1118200,People Playground,2023-09,11403,6290.22
1118200,People Playground,2023-08,10327,7018.71
1118200,People Playground,2023-07,12794,8223.57
1118200,People Playground,2023-06,11751,6459.63
1118200,People Playground,2023-05,10721,5972.33
1118200,People Playground,2023-04,9880,5978.28
1118200,People Playground,2023-03,10300,5896.74
1118200,People Playground,2023-02,13802,6130.95
1118200,People Playground,2023-01,14868,7299.36
1118200,People Playground,2022-12,14513,6828.72
1118200,People Playground,2022-11,12512,5709.96
1118200,People Playground,2022-10,9621,5619.37
1118200,People Playground,2022-09,10493,5673.95
1118200,People Playground,2022-08,8926,6050.77
1118200,People Playground,2022-07,11054,7054.7
1118200,People Playground,2022-06,10078,6562.11
1118200,People Playground,2022-05,13774,6762.41
1118200,People Playground,2022-04,13019,6979.02
1118200,People Playground,2022-03,11519,6415.66
1118200,People Playground,2022-02,13056,6482.67
1118200,People Playground,2022-01,10596,6104.98
1118200,People Playground,2021-12,9053,5064.49
1118200,People Playground,2021-11,9432,5097.49
1118200,People Playground,2021-10,12749,4768.48
1118200,People Playground,2021-09,7064,4091.46
1118200,People Playground,2021-08,7783,4683.41
1118200,People Playground,2021-07,7494,4631.15
1118200,People Playground,2021-06,8337,4296.47
1118200,People Playground,2021-05,6783,3550.65
1118200,People Playground,2021-04,4986,3011.1
1118200,People Playground,2021-03,4517,2731.35
1118200,People Playground,2021-02,5174,3022.44
1118200,People Playground,2021-01,4552,2890.74
1118200,People Playground,2020-12,4904,2638.48
1118200,People Playground,2020-11,3142,1541.52
1118200,People Playground,2020-10,2688,1377.62
1118200,People Playground,2020-09,2427,1259.46
1118200,People Playground,2020-08,1615,1121.49
1118200,People Playground,2020-07,1788,1160.78
1118200,People Playground,2020-06,1717,880.79
1118200,People Playground,2020-05,1513,652.3
1118200,People Playground,2020-04,853,595.96
1118200,People Playground,2020-03,1358,596.43
1118200,People Playground,2020-02,979,472.74
1118200,People Playground,2020-01,955,498.57
1118200,People Playground,2019-12,999,428.0
1118200,People Playground,2019-11,883,399.33
1118200,People Playground,2019-10,661,321.97
1118200,People Playground,2019-09,502,238.37
1118200,People Playground,2019-08,434,183.31
1118200,People Playground,2019-07,135,39.02
374320,DARK SOULS III,2026-04,10169,4709.87
374320,DARK SOULS III,2026-03,9067,4605.29
374320,DARK SOULS III,2026-02,10450,5464.22
374320,DARK SOULS III,2026-01,7245,4745.93
374320,DARK SOULS III,2025-12,8647,5152.73
374320,DARK SOULS III,2025-11,9386,4467.41
374320,DARK SOULS III,2025-10,8059,4181.72
374320,DARK SOULS III,2025-09,5797,3256.48
374320,DARK SOULS III,2025-08,6979,4375.09
374320,DARK SOULS III,2025-07,7063,4534.28
374320,DARK SOULS III,2025-06,8943,5229.07
374320,DARK SOULS III,2025-05,13268,7050.7
374320,DARK SOULS III,2025-04,8034,4769.99
374320,DARK SOULS III,2025-03,10451,5716.62
374320,DARK SOULS III,2025-02,11020,6509.33
374320,DARK SOULS III,2025-01,8467,5363.33
374320,DARK SOULS III,2024-12,9379,5501.29
374320,DARK SOULS III,2024-11,8953,4216.3
374320,DARK SOULS III,2024-10,10671,5390.97
374320,DARK SOULS III,2024-09,8743,3994.34
374320,DARK SOULS III,2024-08,8619,4902.35
374320,DARK SOULS III,2024-07,10037,6468.88
374320,DARK SOULS III,2024-06,9762,5859.26
374320,DARK SOULS III,2024-05,11621,6223.4
374320,DARK SOULS III,2024-04,9536,5367.86
374320,DARK SOULS III,2024-03,13294,7295.6
374320,DARK SOULS III,2024-02,12348,6819.21
374320,DARK SOULS III,2024-01,8034,5082.97
374320,DARK SOULS III,2023-12,12262,5739.01
374320,DARK SOULS III,2023-11,12339,4811.3
374320,DARK SOULS III,2023-10,7662,4426.9
374320,DARK SOULS III,2023-09,9774,4902.67
374320,DARK SOULS III,2023-08,7962,4739.86
374320,DARK SOULS III,2023-07,10682,6715.9
374320,DARK SOULS III,2023-06,6986,3480.13
374320,DARK SOULS III,2023-05,6118,3583.43
374320,DARK SOULS III,2023-04,6552,3862.92
374320,DARK SOULS III,2023-03,7311,4177.65
374320,DARK SOULS III,2023-02,7594,4745.68
374320,DARK SOULS III,2023-01,7475,4999.57
374320,DARK SOULS III,2022-12,6258,4103.65
374320,DARK SOULS III,2022-11,6492,3806.58
374320,DARK SOULS III,2022-10,7597,4049.9
374320,DARK SOULS III,2022-09,10247,5219.53
374320,DARK SOULS III,2022-08,11468,3969.9
374320,DARK SOULS III,2022-07,4504,2977.44
374320,DARK SOULS III,2022-06,5306,3112.25
374320,DARK SOULS III,2022-05,8124,4006.26
374320,DARK SOULS III,2022-04,12842,6461.0
374320,DARK SOULS III,2022-03,16976,9338.58
374320,DARK SOULS III,2022-02,15240,9685.26
374320,DARK SOULS III,2022-01,24209,14739.98
374320,DARK SOULS III,2021-12,22553,13646.69
374320,DARK SOULS III,2021-11,23564,12296.22
374320,DARK SOULS III,2021-10,13804,8529.28
374320,DARK SOULS III,2021-09,14879,9169.27
374320,DARK SOULS III,2021-08,16708,11084.88
374320,DARK SOULS III,2021-07,23540,14126.1
374320,DARK SOULS III,2021-06,25058,12405.26
374320,DARK SOULS III,2021-05,15766,9693.31
374320,DARK SOULS III,2021-04,19856,11278.72
374320,DARK SOULS III,2021-03,15689,9689.63
374320,DARK SOULS III,2021-02,16560,10985.95
374320,DARK SOULS III,2021-01,21667,13351.35
374320,DARK SOULS III,2020-12,23091,12978.99
374320,DARK SOULS III,2020-11,23374,9443.77
374320,DARK SOULS III,2020-10,11512,7077.42
374320,DARK SOULS III,2020-09,13775,8335.79
374320,DARK SOULS III,2020-08,17321,10435.57
374320,DARK SOULS III,2020-07,21513,14488.96
374320,DARK SOULS III,2020-06,20761,11803.97
374320,DARK SOULS III,2020-05,24748,15022.7
374320,DARK SOULS III,2020-04,28185,13826.66
374320,DARK SOULS III,2020-03,13507,8825.47
374320,DARK SOULS III,2020-02,15517,9719.25
374320,DARK SOULS III,2020-01,15257,9478.24
374320,DARK SOULS III,2019-12,14680,7947.93
374320,DARK SOULS III,2019-11,11549,6003.21
374320,DARK SOULS III,2019-10,9830,5326.19
374320,DARK SOULS III,2019-09,12530,6300.17
374320,DARK SOULS III,2019-08,9935,6324.57
374320,DARK SOULS III,2019-07,13564,8130.82
374320,DARK SOULS III,2019-06,15226,8017.61
374320,DARK SOULS III,2019-05,15455,7401.31
374320,DARK SOULS III,2019-04,12366,6609.19
374320,DARK SOULS III,2019-03,15080,8163.72
374320,DARK SOULS III,2019-02,16565,9773.3
374320,DARK SOULS III,2019-01,18626,11004.0
374320,DARK SOULS III,2018-12,16580,8414.36
374320,DARK SOULS III,2018-11,15459,8034.52
374320,DARK SOULS III,2018-10,10144,5220.04
374320,DARK SOULS III,2018-09,8855,4981.52
374320,DARK SOULS III,2018-08,13409,6892.85
374320,DARK SOULS III,2018-07,20843,11976.77
374320,DARK SOULS III,2018-06,19583,9267.53
374320,DARK SOULS III,2018-05,11945,7188.27
374320,DARK SOULS III,2018-04,13018,7953.61
374320,DARK SOULS III,2018-03,18911,10408.77
374320,DARK SOULS III,2018-02,20810,12957.56
374320,DARK SOULS III,2018-01,23569,13745.66
374320,DARK SOULS III,2017-12,21255,8798.51
374320,DARK SOULS III,2017-11,11223,5128.28
374320,DARK SOULS III,2017-10,11464,5853.07
374320,DARK SOULS III,2017-09,13577,6656.59
374320,DARK SOULS III,2017-08,10918,6548.57
374320,DARK SOULS III,2017-07,15962,9491.29
374320,DARK SOULS III,2017-06,14443,7891.53
374320,DARK SOULS III,2017-05,18489,10681.84
374320,DARK SOULS III,2017-04,34974,18374.35
374320,DARK SOULS III,2017-03,41728,9364.67
374320,DARK SOULS III,2017-02,11060,6975.28
374320,DARK SOULS III,2017-01,14531,8960.74
374320,DARK SOULS III,2016-12,12057,5878.67
374320,DARK SOULS III,2016-11,14769,7287.87
374320,DARK SOULS III,2016-10,32421,9248.35
374320,DARK SOULS III,2016-09,9644,5930.23
374320,DARK SOULS III,2016-08,11349,5744.35
374320,DARK SOULS III,2016-07,12211,6915.17
374320,DARK SOULS III,2016-06,18641,9871.87
374320,DARK SOULS III,2016-05,78374,28383.9
374320,DARK SOULS III,2016-04,129831,74266.65
1145360,Hades,2026-04,10095,4795.92
1145360,Hades,2026-03,7702,3759.7
1145360,Hades,2026-02,6736,3800.81
1145360,Hades,2026-01,10997,5705.57
1145360,Hades,2025-12,10607,5290.06
1145360,Hades,2025-11,10994,5618.13
1145360,Hades,2025-10,21071,9194.14
1145360,Hades,2025-09,18630,6068.67
1145360,Hades,2025-08,4862,2989.7
1145360,Hades,2025-07,9234,4892.89
1145360,Hades,2025-06,8563,2942.68
1145360,Hades,2025-05,4044,2622.93
1145360,Hades,2025-04,5059,3085.74
1145360,Hades,2025-03,7246,3811.63
1145360,Hades,2025-02,6485,3918.49
1145360,Hades,2025-01,7065,4037.72
1145360,Hades,2024-12,7978,4747.51
1145360,Hades,2024-11,7695,3883.66
1145360,Hades,2024-10,4508,2645.74
1145360,Hades,2024-09,4598,2870.28
1145360,Hades,2024-08,6013,3569.62
1145360,Hades,2024-07,10865,6052.59
1145360,Hades,2024-06,16753,7483.92
1145360,Hades,2024-05,54015,19345.53
1145360,Hades,2024-04,8516,4367.05
1145360,Hades,2024-03,7875,4208.55
1145360,Hades,2024-02,8166,4530.2
1145360,Hades,2024-01,8963,5217.9
1145360,Hades,2023-12,9428,5676.31
1145360,Hades,2023-11,8612,4418.5
1145360,Hades,2023-10,7123,3335.65
1145360,Hades,2023-09,8221,3636.13
1145360,Hades,2023-08,5428,3397.94
1145360,Hades,2023-07,7996,4849.16
1145360,Hades,2023-06,5205,2921.69
1145360,Hades,2023-05,7570,3953.86
1145360,Hades,2023-04,11963,5315.27
1145360,Hades,2023-03,10812,5049.29
1145360,Hades,2023-02,8198,5010.56
1145360,Hades,2023-01,16843,9658.19
1145360,Hades,2022-12,20050,11017.62
1145360,Hades,2022-11,9350,4786.04
1145360,Hades,2022-10,9490,4565.32
1145360,Hades,2022-09,12105,5216.82
1145360,Hades,2022-08,13576,5579.32
1145360,Hades,2022-07,14044,6191.93
1145360,Hades,2022-06,10020,3941.76
1145360,Hades,2022-05,6097,3751.57
1145360,Hades,2022-04,9267,4608.01
1145360,Hades,2022-03,10310,4961.04
1145360,Hades,2022-02,12076,6356.76
1145360,Hades,2022-01,12295,7379.91
1145360,Hades,2021-12,11055,6371.04
1145360,Hades,2021-11,12607,5745.22
1145360,Hades,2021-10,13666,4921.48
1145360,Hades,2021-09,8308,5372.79
1145360,Hades,2021-08,9150,6160.69
1145360,Hades,2021-07,15468,8316.69
1145360,Hades,2021-06,14563,5295.97
1145360,Hades,2021-05,7582,4864.86
1145360,Hades,2021-04,11114,6366.55
1145360,Hades,2021-03,18007,9738.14
1145360,Hades,2021-02,16939,10849.07
1145360,Hades,2021-01,35048,18775.48
1145360,Hades,2020-12,29764,17602.44
1145360,Hades,2020-11,30509,18029.89
1145360,Hades,2020-10,32431,19587.12
1145360,Hades,2020-09,37586,11325.52
1145360,Hades,2020-08,1929,1267.52
1145360,Hades,2020-07,4995,2471.42
1145360,Hades,2020-06,5646,1754.97
1145360,Hades,2020-05,6070,1956.76
1145360,Hades,2020-04,2079,997.62
1145360,Hades,2020-03,5941,2077.26
1145360,Hades,2020-02,5566,2511.35
1145360,Hades,2020-01,8086,4234.54
1145360,Hades,2019-12,6196,4388.93
1794680,Vampire Survivors,2026-04,8411,3293.29
1794680,Vampire Survivors,2026-03,4513,2820.25
1794680,Vampire Survivors,2026-02,4784,3141.71
1794680,Vampire Survivors,2026-01,5724,3713.29
1794680,Vampire Survivors,2025-12,5519,3936.19
1794680,Vampire Survivors,2025-11,15371,7082.52
1794680,Vampire Survivors,2025-10,13813,4743.75
1794680,Vampire Survivors,2025-09,4170,2781.37
1794680,Vampire Survivors,2025-08,4463,2946.32
1794680,Vampire Survivors,2025-07,5155,3288.42
1794680,Vampire Survivors,2025-06,5984,3276.65
1794680,Vampire Survivors,2025-05,5923,3686.14
1794680,Vampire Survivors,2025-04,12782,5190.9
1794680,Vampire Survivors,2025-03,5698,3462.6
1794680,Vampire Survivors,2025-02,5809,3721.02
1794680,Vampire Survivors,2025-01,7060,4540.42
1794680,Vampire Survivors,2024-12,8169,5149.97
1794680,Vampire Survivors,2024-11,19673,9090.62
1794680,Vampire Survivors,2024-10,16005,3981.32
1794680,Vampire Survivors,2024-09,5952,3785.14
1794680,Vampire Survivors,2024-08,9914,4623.95
1794680,Vampire Survivors,2024-07,5792,3876.51
1794680,Vampire Survivors,2024-06,5942,3714.38
1794680,Vampire Survivors,2024-05,12556,5609.78
1794680,Vampire Survivors,2024-04,7082,3907.06
1794680,Vampire Survivors,2024-03,8561,4792.13
1794680,Vampire Survivors,2024-02,6816,4326.49
1794680,Vampire Survivors,2024-01,11591,6669.72
1794680,Vampire Survivors,2023-12,14957,8086.0
1794680,Vampire Survivors,2023-11,9200,5699.97
1794680,Vampire Survivors,2023-10,12070,6856.6
1794680,Vampire Survivors,2023-09,17446,8076.75
1794680,Vampire Survivors,2023-08,18715,8655.95
1794680,Vampire Survivors,2023-07,10276,6047.65
1794680,Vampire Survivors,2023-06,7697,4746.49
1794680,Vampire Survivors,2023-05,10700,5651.7
1794680,Vampire Survivors,2023-04,28479,10818.04
1794680,Vampire Survivors,2023-03,10044,6655.32
1794680,Vampire Survivors,2023-02,16171,9338.69
1794680,Vampire Survivors,2023-01,21390,13745.79
1794680,Vampire Survivors,2022-12,27925,13482.54
1794680,Vampire Survivors,2022-11,18545,9682.37
1794680,Vampire Survivors,2022-10,35264,11496.15
1794680,Vampire Survivors,2022-09,12961,7986.03
1794680,Vampire Survivors,2022-08,20665,11347.86
1794680,Vampire Survivors,2022-07,21058,12884.41
1794680,Vampire Survivors,2022-06,34545,17195.98
1794680,Vampire Survivors,2022-05,48081,22304.75
1794680,Vampire Survivors,2022-04,68805,33328.82
1794680,Vampire Survivors,2022-03,58323,27206.71
1794680,Vampire Survivors,2022-02,77061,39031.65
1794680,Vampire Survivors,2022-01,50847,10785.0
1794680,Vampire Survivors,2021-12,12,4.13
394360,Hearts of Iron IV,2026-04,63518,35012.46
394360,Hearts of Iron IV,2026-03,64134,35149.18
394360,Hearts of Iron IV,2026-02,58085,35234.04
394360,Hearts of Iron IV,2026-01,62165,36995.99
394360,Hearts of Iron IV,2025-12,65361,36160.11
394360,Hearts of Iron IV,2025-11,87296,38122.87
394360,Hearts of Iron IV,2025-10,64969,34871.04
394360,Hearts of Iron IV,2025-09,63734,34266.33
394360,Hearts of Iron IV,2025-08,61012,37892.61
394360,Hearts of Iron IV,2025-07,56781,36256.37
394360,Hearts of Iron IV,2025-06,61444,37068.31
394360,Hearts of Iron IV,2025-05,67088,36794.92
394360,Hearts of Iron IV,2025-04,62376,34676.35
394360,Hearts of Iron IV,2025-03,69391,38764.75
394360,Hearts of Iron IV,2025-02,64013,37157.74
394360,Hearts of Iron IV,2025-01,67923,39856.99
394360,Hearts of Iron IV,2024-12,69689,39547.17
394360,Hearts of Iron IV,2024-11,93196,41614.67
394360,Hearts of Iron IV,2024-10,72390,35953.56
394360,Hearts of Iron IV,2024-09,62952,33708.22
394360,Hearts of Iron IV,2024-08,59077,36278.11
394360,Hearts of Iron IV,2024-07,54272,35309.56
394360,Hearts of Iron IV,2024-06,62137,35689.31
394360,Hearts of Iron IV,2024-05,62760,35289.41
394360,Hearts of Iron IV,2024-04,70653,36935.92
394360,Hearts of Iron IV,2024-03,65944,35261.22
394360,Hearts of Iron IV,2024-02,56870,33329.07
394360,Hearts of Iron IV,2024-01,56874,33619.45
394360,Hearts of Iron IV,2023-12,56234,32308.63
394360,Hearts of Iron IV,2023-11,57152,30289.95
394360,Hearts of Iron IV,2023-10,78086,35218.43
394360,Hearts of Iron IV,2023-09,57214,30732.39
394360,Hearts of Iron IV,2023-08,50123,32580.81
394360,Hearts of Iron IV,2023-07,50431,33695.1
394360,Hearts of Iron IV,2023-06,51159,31179.36
394360,Hearts of Iron IV,2023-05,53303,30044.25
394360,Hearts of Iron IV,2023-04,54050,30353.48
394360,Hearts of Iron IV,2023-03,52687,28920.11
394360,Hearts of Iron IV,2023-02,51686,30259.38
394360,Hearts of Iron IV,2023-01,48063,29746.25
394360,Hearts of Iron IV,2022-12,44222,26764.46
394360,Hearts of Iron IV,2022-11,44394,24607.94
394360,Hearts of Iron IV,2022-10,70836,30821.93
394360,Hearts of Iron IV,2022-09,63770,28786.68
394360,Hearts of Iron IV,2022-08,44789,30200.13
394360,Hearts of Iron IV,2022-07,44581,31078.27
394360,Hearts of Iron IV,2022-06,46402,29631.43
394360,Hearts of Iron IV,2022-05,51155,29560.02
394360,Hearts of Iron IV,2022-04,56643,31679.01
394360,Hearts of Iron IV,2022-03,57694,32787.28
394360,Hearts of Iron IV,2022-02,51051,29512.96
394360,Hearts of Iron IV,2022-01,48715,30588.49
394360,Hearts of Iron IV,2021-12,54975,30045.3
394360,Hearts of Iron IV,2021-11,68019,28972.28
394360,Hearts of Iron IV,2021-10,44911,25042.98
394360,Hearts of Iron IV,2021-09,49799,25229.77
394360,Hearts of Iron IV,2021-08,40192,27427.91
394360,Hearts of Iron IV,2021-07,37682,25689.28
394360,Hearts of Iron IV,2021-06,38987,25084.48
394360,Hearts of Iron IV,2021-05,44939,25942.93
394360,Hearts of Iron IV,2021-04,39040,24267.49
394360,Hearts of Iron IV,2021-03,41869,23973.87
394360,Hearts of Iron IV,2021-02,38222,24476.67
394360,Hearts of Iron IV,2021-01,38745,24820.66
394360,Hearts of Iron IV,2020-12,36406,22750.73
394360,Hearts of Iron IV,2020-11,38790,23321.8
394360,Hearts of Iron IV,2020-10,37173,21220.76
394360,Hearts of Iron IV,2020-09,32124,17977.94
394360,Hearts of Iron IV,2020-08,32368,21750.65
394360,Hearts of Iron IV,2020-07,32840,22473.33
394360,Hearts of Iron IV,2020-06,32549,20380.3
394360,Hearts of Iron IV,2020-05,31931,20409.48
394360,Hearts of Iron IV,2020-04,29769,19845.46
394360,Hearts of Iron IV,2020-03,42745,21697.36
394360,Hearts of Iron IV,2020-02,46234,20048.47
394360,Hearts of Iron IV,2020-01,30319,17678.24
394360,Hearts of Iron IV,2019-12,28404,16214.75
394360,Hearts of Iron IV,2019-11,27610,15577.42
394360,Hearts of Iron IV,2019-10,29449,15064.78
394360,Hearts of Iron IV,2019-09,26007,14913.57
394360,Hearts of Iron IV,2019-08,24715,15760.69
394360,Hearts of Iron IV,2019-07,24593,15960.39
394360,Hearts of Iron IV,2019-06,26106,16163.36
394360,Hearts of Iron IV,2019-05,23173,13086.33
394360,Hearts of Iron IV,2019-04,26950,14365.43
394360,Hearts of Iron IV,2019-03,46806,20149.73
394360,Hearts of Iron IV,2019-02,43178,15979.09
394360,Hearts of Iron IV,2019-01,27330,15097.19
394360,Hearts of Iron IV,2018-12,24176,13635.03
394360,Hearts of Iron IV,2018-11,24535,12921.36
394360,Hearts of Iron IV,2018-10,24488,12595.39
394360,Hearts of Iron IV,2018-09,24685,13622.41
394360,Hearts of Iron IV,2018-08,22242,13706.55
394360,Hearts of Iron IV,2018-07,23800,15049.2
394360,Hearts of Iron IV,2018-06,22219,13846.19
394360,Hearts of Iron IV,2018-05,25140,13093.22
394360,Hearts of Iron IV,2018-04,25933,13773.69
394360,Hearts of Iron IV,2018-03,37055,15974.93
394360,Hearts of Iron IV,2018-02,21269,11483.41
394360,Hearts of Iron IV,2018-01,20923,11670.3
394360,Hearts of Iron IV,2017-12,19905,11175.55
394360,Hearts of Iron IV,2017-11,19202,10470.87
394360,Hearts of Iron IV,2017-10,18747,9714.72
394360,Hearts of Iron IV,2017-09,20215,9550.2
394360,Hearts of Iron IV,2017-08,15518,9326.35
394360,Hearts of Iron IV,2017-07,16566,10010.83
394360,Hearts of Iron IV,2017-06,20160,10177.3
394360,Hearts of Iron IV,2017-05,14373,7981.87
394360,Hearts of Iron IV,2017-04,14022,8189.48
394360,Hearts of Iron IV,2017-03,14404,7174.9
394360,Hearts of Iron IV,2017-02,12256,6822.54
394360,Hearts of Iron IV,2017-01,13321,7617.67
394360,Hearts of Iron IV,2016-12,13690,6674.69
394360,Hearts of Iron IV,2016-11,9212,4981.17
394360,Hearts of Iron IV,2016-10,9807,5330.58
394360,Hearts of Iron IV,2016-09,10964,5860.07
394360,Hearts of Iron IV,2016-08,10376,6268.49
394360,Hearts of Iron IV,2016-07,15776,8959.48
394360,Hearts of Iron IV,2016-06,40623,12326.07
394360,Hearts of Iron IV,2016-05,33,4.46
394360,Hearts of Iron IV,2016-04,13,2.35
391540,Undertale,2026-04,2075,1129.88
391540,Undertale,2026-03,2418,1302.39
391540,Undertale,2026-02,2008,1161.73
391540,Undertale,2026-01,2391,1452.72
391540,Undertale,2025-12,2435,1380.91
391540,Undertale,2025-11,2595,1254.59
391540,Undertale,2025-10,3293,1637.63
391540,Undertale,2025-09,3986,2086.32
391540,Undertale,2025-08,3841,2292.34
391540,Undertale,2025-07,5458,3652.67
391540,Undertale,2025-06,5981,3308.91
391540,Undertale,2025-05,3320,1751.83
391540,Undertale,2025-04,4067,2242.19
391540,Undertale,2025-03,11071,3331.05
391540,Undertale,2025-02,3718,1558.01
391540,Undertale,2025-01,3309,1568.63
391540,Undertale,2024-12,2413,1418.58
391540,Undertale,2024-11,2268,1080.55
391540,Undertale,2024-10,1443,820.53
391540,Undertale,2024-09,1464,828.78
391540,Undertale,2024-08,1481,1018.03
391540,Undertale,2024-07,2371,1385.24
391540,Undertale,2024-06,4627,1696.18
391540,Undertale,2024-05,3166,848.28
391540,Undertale,2024-04,1502,865.77
391540,Undertale,2024-03,1944,952.79
391540,Undertale,2024-02,1192,747.83
391540,Undertale,2024-01,2033,1034.7
391540,Undertale,2023-12,2035,968.57
391540,Undertale,2023-11,1864,788.59
391540,Undertale,2023-10,1550,788.35
391540,Undertale,2023-09,1495,841.89
391540,Undertale,2023-08,2010,1089.37
391540,Undertale,2023-07,2068,1265.82
391540,Undertale,2023-06,1488,672.37
391540,Undertale,2023-05,1174,639.88
391540,Undertale,2023-04,1448,792.61
391540,Undertale,2023-03,2190,916.26
391540,Undertale,2023-02,1178,714.92
391540,Undertale,2023-01,1529,836.97
391540,Undertale,2022-12,1031,610.18
391540,Undertale,2022-11,962,557.99
391540,Undertale,2022-10,1017,616.18
391540,Undertale,2022-09,1049,617.56
391540,Undertale,2022-08,886,637.78
391540,Undertale,2022-07,893,678.25
391540,Undertale,2022-06,1046,708.73
391540,Undertale,2022-05,1049,660.65
391540,Undertale,2022-04,1082,673.06
391540,Undertale,2022-03,1095,675.64
391540,Undertale,2022-02,1543,897.36
391540,Undertale,2022-01,2075,1132.26
391540,Undertale,2021-12,2097,961.87
391540,Undertale,2021-11,1361,785.92
391540,Undertale,2021-10,2121,1108.4
391540,Undertale,2021-09,1983,977.31
391540,Undertale,2021-08,1150,852.11
391540,Undertale,2021-07,2263,1203.9
391540,Undertale,2021-06,2496,902.81
391540,Undertale,2021-05,1159,741.73
391540,Undertale,2021-04,1244,789.66
391540,Undertale,2021-03,1463,916.08
391540,Undertale,2021-02,1544,1110.95
391540,Undertale,2021-01,2682,1403.86
391540,Undertale,2020-12,2426,1048.41
391540,Undertale,2020-11,1225,824.19
391540,Undertale,2020-10,1422,843.71
391540,Undertale,2020-09,1462,880.0
391540,Undertale,2020-08,1255,966.88
391540,Undertale,2020-07,2221,1369.96
391540,Undertale,2020-06,2060,979.0
391540,Undertale,2020-05,1213,922.68
391540,Undertale,2020-04,1562,1068.53
391540,Undertale,2020-03,1422,979.18
391540,Undertale,2020-02,1303,871.21
391540,Undertale,2020-01,1754,961.57
391540,Undertale,2019-12,1775,989.93
391540,Undertale,2019-11,1560,733.33
391540,Undertale,2019-10,1264,709.36
391540,Undertale,2019-09,1345,708.28
391540,Undertale,2019-08,919,626.6
391540,Undertale,2019-07,1475,860.49
391540,Undertale,2019-06,1594,782.86
391540,Undertale,2019-05,1143,627.26
391540,Undertale,2019-04,1196,651.9
391540,Undertale,2019-03,1533,804.44
391540,Undertale,2019-02,1809,935.78
391540,Undertale,2019-01,2412,1105.5
391540,Undertale,2018-12,2645,1366.11
391540,Undertale,2018-11,3055,1636.88
391540,Undertale,2018-10,1441,820.5
391540,Undertale,2018-09,1793,871.23
391540,Undertale,2018-08,1135,787.06
391540,Undertale,2018-07,1496,963.6
391540,Undertale,2018-06,1708,892.14
391540,Undertale,2018-05,1262,738.12
391540,Undertale,2018-04,1429,843.89
391540,Undertale,2018-03,1653,995.06
391540,Undertale,2018-02,1963,1074.84
391540,Undertale,2018-01,2689,1295.19
391540,Undertale,2017-12,2255,1173.95
391540,Undertale,2017-11,2071,1098.12
391540,Undertale,2017-10,2234,1004.87
391540,Undertale,2017-09,1935,1045.63
391540,Undertale,2017-08,2082,1196.38
391540,Undertale,2017-07,1777,1222.35
391540,Undertale,2017-06,1908,1242.12
391540,Undertale,2017-05,2270,1156.85
391540,Undertale,2017-04,2344,1266.45
391540,Undertale,2017-03,2996,1471.3
391540,Undertale,2017-02,3585,1872.55
391540,Undertale,2017-01,4391,2179.48
391540,Undertale,2016-12,4635,1730.18
391540,Undertale,2016-11,3536,1459.88
391540,Undertale,2016-10,2758,1406.32
391540,Undertale,2016-09,3008,1554.96
391540,Undertale,2016-08,2932,1857.56
391540,Undertale,2016-07,5023,2828.11
391540,Undertale,2016-06,4746,2505.73
391540,Undertale,2016-05,4531,2481.51
391540,Undertale,2016-04,5268,2725.01
391540,Undertale,2016-03,6106,3262.65
391540,Undertale,2016-02,8996,4637.97
391540,Undertale,2016-01,10263,4973.5
391540,Undertale,2015-12,10462,3971.7
391540,Undertale,2015-11,7483,3495.74
391540,Undertale,2015-10,6149,2716.12
391540,Undertale,2015-09,2358,755.82
1237970,Titanfall 2,2026-04,3469,1609.16
1237970,Titanfall 2,2026-03,6899,2304.08
1237970,Titanfall 2,2026-02,2503,1415.84
1237970,Titanfall 2,2026-01,2862,1459.34
1237970,Titanfall 2,2025-12,2915,1583.99
1237970,Titanfall 2,2025-11,4617,1737.91
1237970,Titanfall 2,2025-10,9184,2079.38
1237970,Titanfall 2,2025-09,3382,1289.93
1237970,Titanfall 2,2025-08,2504,1377.75
1237970,Titanfall 2,2025-07,2930,1540.42
1237970,Titanfall 2,2025-06,3110,1452.29
1237970,Titanfall 2,2025-05,3785,1730.26
1237970,Titanfall 2,2025-04,3413,1617.18
1237970,Titanfall 2,2025-03,5895,2197.56
1237970,Titanfall 2,2025-02,5424,2502.81
1237970,Titanfall 2,2025-01,5859,2495.48
1237970,Titanfall 2,2024-12,7422,2782.7
1237970,Titanfall 2,2024-11,4089,1784.02
1237970,Titanfall 2,2024-10,3124,1497.49
1237970,Titanfall 2,2024-09,5201,2090.18
1237970,Titanfall 2,2024-08,12324,4365.72
1237970,Titanfall 2,2024-07,3279,1806.0
1237970,Titanfall 2,2024-06,3825,1807.58
1237970,Titanfall 2,2024-05,6086,2424.08
1237970,Titanfall 2,2024-04,6476,2354.87
1237970,Titanfall 2,2024-03,13371,4001.69
1237970,Titanfall 2,2024-02,4843,2407.67
1237970,Titanfall 2,2024-01,4017,2216.19
1237970,Titanfall 2,2023-12,5544,2567.69
1237970,Titanfall 2,2023-11,7529,3518.9
1237970,Titanfall 2,2023-10,10059,4844.74
1237970,Titanfall 2,2023-09,22733,9655.02
1237970,Titanfall 2,2023-08,3248,1516.81
1237970,Titanfall 2,2023-07,5886,2436.75
1237970,Titanfall 2,2023-06,7126,2401.27
1237970,Titanfall 2,2023-05,15787,3869.31
1237970,Titanfall 2,2023-04,5224,1837.55
1237970,Titanfall 2,2023-03,5822,1909.5
1237970,Titanfall 2,2023-02,10144,3267.09
1237970,Titanfall 2,2023-01,16522,4507.88
1237970,Titanfall 2,2022-12,6858,2308.25
1237970,Titanfall 2,2022-11,7506,1798.59
1237970,Titanfall 2,2022-10,6002,1783.72
1237970,Titanfall 2,2022-09,20096,6327.23
1237970,Titanfall 2,2022-08,9546,2007.75
1237970,Titanfall 2,2022-07,8862,3229.63
1237970,Titanfall 2,2022-06,8517,2826.0
1237970,Titanfall 2,2022-05,13462,3834.49
1237970,Titanfall 2,2022-04,1859,828.16
1237970,Titanfall 2,2022-03,2416,967.11
1237970,Titanfall 2,2022-02,3171,1306.13
1237970,Titanfall 2,2022-01,5106,1609.24
1237970,Titanfall 2,2021-12,6944,1619.91
1237970,Titanfall 2,2021-11,4876,1286.97
1237970,Titanfall 2,2021-10,2286,1136.8
1237970,Titanfall 2,2021-09,2790,1181.25
1237970,Titanfall 2,2021-08,4519,2250.81
1237970,Titanfall 2,2021-07,11616,3992.19
1237970,Titanfall 2,2021-06,11945,2860.1
1237970,Titanfall 2,2021-05,27547,4852.26
1237970,Titanfall 2,2021-04,16958,5434.45
1237970,Titanfall 2,2021-03,2655,1516.24
1237970,Titanfall 2,2021-02,4678,2404.75
1237970,Titanfall 2,2021-01,2913,1727.04
1237970,Titanfall 2,2020-12,4270,1859.46
1237970,Titanfall 2,2020-11,6818,2249.72
1237970,Titanfall 2,2020-10,4497,1778.7
1237970,Titanfall 2,2020-09,2658,1351.13
1237970,Titanfall 2,2020-08,7421,2221.08
1237970,Titanfall 2,2020-07,10959,4449.08
1237970,Titanfall 2,2020-06,13427,8395.41
976730,Halo: The Master Chief Collection,2026-04,11013,4660.31
976730,Halo: The Master Chief Collection,2026-03,9872,4422.19
976730,Halo: The Master Chief Collection,2026-02,8261,3755.03
976730,Halo: The Master Chief Collection,2026-01,10864,5056.06
976730,Halo: The Master Chief Collection,2025-12,11338,5142.74
976730,Halo: The Master Chief Collection,2025-11,12154,5404.4
976730,Halo: The Master Chief Collection,2025-10,9909,4442.35
976730,Halo: The Master Chief Collection,2025-09,8957,3864.8
976730,Halo: The Master Chief Collection,2025-08,8237,3713.19
976730,Halo: The Master Chief Collection,2025-07,7245,3752.73
976730,Halo: The Master Chief Collection,2025-06,6452,3127.77
976730,Halo: The Master Chief Collection,2025-05,7910,3667.65
976730,Halo: The Master Chief Collection,2025-04,7873,3461.64
976730,Halo: The Master Chief Collection,2025-03,7795,3731.94
976730,Halo: The Master Chief Collection,2025-02,9660,4093.6
976730,Halo: The Master Chief Collection,2025-01,9277,4357.2
976730,Halo: The Master Chief Collection,2024-12,7515,3780.38
976730,Halo: The Master Chief Collection,2024-11,7178,3302.01
976730,Halo: The Master Chief Collection,2024-10,6506,3316.65
976730,Halo: The Master Chief Collection,2024-09,6804,3168.64
976730,Halo: The Master Chief Collection,2024-08,6041,3263.81
976730,Halo: The Master Chief Collection,2024-07,6722,3783.38
976730,Halo: The Master Chief Collection,2024-06,7343,3801.31
976730,Halo: The Master Chief Collection,2024-05,7519,3588.31
976730,Halo: The Master Chief Collection,2024-04,9039,4614.28
976730,Halo: The Master Chief Collection,2024-03,10417,5375.43
976730,Halo: The Master Chief Collection,2024-02,10788,5608.03
976730,Halo: The Master Chief Collection,2024-01,8701,4511.56
976730,Halo: The Master Chief Collection,2023-12,8577,4025.59
976730,Halo: The Master Chief Collection,2023-11,7835,3525.55
976730,Halo: The Master Chief Collection,2023-10,6344,3293.24
976730,Halo: The Master Chief Collection,2023-09,7831,3651.67
976730,Halo: The Master Chief Collection,2023-08,6800,3694.62
976730,Halo: The Master Chief Collection,2023-07,9291,5364.64
976730,Halo: The Master Chief Collection,2023-06,9956,4615.72
976730,Halo: The Master Chief Collection,2023-05,7631,3468.1
976730,Halo: The Master Chief Collection,2023-04,8606,3865.81
976730,Halo: The Master Chief Collection,2023-03,6246,3050.29
976730,Halo: The Master Chief Collection,2023-02,6333,3175.39
976730,Halo: The Master Chief Collection,2023-01,6981,3935.64
976730,Halo: The Master Chief Collection,2022-12,6572,3387.1
976730,Halo: The Master Chief Collection,2022-11,5686,2788.63
976730,Halo: The Master Chief Collection,2022-10,5894,2951.01
976730,Halo: The Master Chief Collection,2022-09,6644,3444.62
976730,Halo: The Master Chief Collection,2022-08,5547,3200.8
976730,Halo: The Master Chief Collection,2022-07,6034,3797.3
976730,Halo: The Master Chief Collection,2022-06,7743,3702.59
976730,Halo: The Master Chief Collection,2022-05,7072,3701.2
976730,Halo: The Master Chief Collection,2022-04,9923,4828.0
976730,Halo: The Master Chief Collection,2022-03,5176,2699.22
976730,Halo: The Master Chief Collection,2022-02,7479,3779.34
976730,Halo: The Master Chief Collection,2022-01,11786,5572.99
976730,Halo: The Master Chief Collection,2021-12,12984,7337.21
976730,Halo: The Master Chief Collection,2021-11,13613,6981.36
976730,Halo: The Master Chief Collection,2021-10,20159,7286.09
976730,Halo: The Master Chief Collection,2021-09,11439,6082.48
976730,Halo: The Master Chief Collection,2021-08,14904,7843.47
976730,Halo: The Master Chief Collection,2021-07,17595,10024.35
976730,Halo: The Master Chief Collection,2021-06,18718,7233.68
976730,Halo: The Master Chief Collection,2021-05,12912,6098.17
976730,Halo: The Master Chief Collection,2021-04,20644,8495.4
976730,Halo: The Master Chief Collection,2021-03,11548,6170.15
976730,Halo: The Master Chief Collection,2021-02,13696,7089.05
976730,Halo: The Master Chief Collection,2021-01,17114,8410.73
976730,Halo: The Master Chief Collection,2020-12,17191,9032.1
976730,Halo: The Master Chief Collection,2020-11,29520,9695.85
976730,Halo: The Master Chief Collection,2020-10,12704,6263.16
976730,Halo: The Master Chief Collection,2020-09,29995,7946.28
976730,Halo: The Master Chief Collection,2020-08,25409,10150.89
976730,Halo: The Master Chief Collection,2020-07,54416,15345.63
976730,Halo: The Master Chief Collection,2020-06,10819,5264.26
976730,Halo: The Master Chief Collection,2020-05,45253,10527.84
976730,Halo: The Master Chief Collection,2020-04,12464,5230.67
976730,Halo: The Master Chief Collection,2020-03,34667,9261.2
976730,Halo: The Master Chief Collection,2020-02,7619,3192.36
976730,Halo: The Master Chief Collection,2020-01,18800,6451.55
976730,Halo: The Master Chief Collection,2019-12,93305,24748.92
1238810,Battlefield V,2026-04,10302,3868.19
1238810,Battlefield V,2026-03,18557,5129.71
1238810,Battlefield V,2026-02,4701,2152.14
1238810,Battlefield V,2026-01,5456,2168.49
1238810,Battlefield V,2025-12,6482,2296.25
1238810,Battlefield V,2025-11,8154,2983.67
1238810,Battlefield V,2025-10,10306,3752.35
1238810,Battlefield V,2025-09,12360,4236.68
1238810,Battlefield V,2025-08,19991,7746.4
1238810,Battlefield V,2025-07,14940,6337.49
1238810,Battlefield V,2025-06,16073,6012.66
1238810,Battlefield V,2025-05,20249,7097.18
1238810,Battlefield V,2025-04,18676,6731.16
1238810,Battlefield V,2025-03,28543,9398.31
1238810,Battlefield V,2025-02,32437,12132.4
1238810,Battlefield V,2025-01,28083,10054.34
1238810,Battlefield V,2024-12,36479,12594.8
1238810,Battlefield V,2024-11,37165,10367.12
1238810,Battlefield V,2024-10,28423,9966.16
1238810,Battlefield V,2024-09,39304,12170.23
1238810,Battlefield V,2024-08,41017,15634.26
1238810,Battlefield V,2024-07,46826,18833.19
1238810,Battlefield V,2024-06,44335,9382.75
1238810,Battlefield V,2024-05,30662,9999.15
1238810,Battlefield V,2024-04,36387,11589.88
1238810,Battlefield V,2024-03,53888,17102.92
1238810,Battlefield V,2024-02,61890,23496.17
1238810,Battlefield V,2024-01,69779,21115.37
1238810,Battlefield V,2023-12,105302,26433.51
1238810,Battlefield V,2023-11,114017,16362.42
1238810,Battlefield V,2023-10,33873,9442.27
1238810,Battlefield V,2023-09,18251,6690.5
1238810,Battlefield V,2023-08,18394,8048.49
1238810,Battlefield V,2023-07,18119,7957.69
1238810,Battlefield V,2023-06,18652,7014.27
1238810,Battlefield V,2023-05,20687,6946.17
1238810,Battlefield V,2023-04,22913,7832.9
1238810,Battlefield V,2023-03,25772,8069.28
1238810,Battlefield V,2023-02,36147,12648.38
1238810,Battlefield V,2023-01,43258,16960.7
1238810,Battlefield V,2022-12,54688,16515.5
1238810,Battlefield V,2022-11,59133,10841.67
1238810,Battlefield V,2022-10,21189,7111.35
1238810,Battlefield V,2022-09,24149,7766.44
1238810,Battlefield V,2022-08,19327,8192.55
1238810,Battlefield V,2022-07,19760,8656.44
1238810,Battlefield V,2022-06,19293,7932.54
1238810,Battlefield V,2022-05,19553,7133.88
1238810,Battlefield V,2022-04,27527,9277.55
1238810,Battlefield V,2022-03,31411,11044.94
1238810,Battlefield V,2022-02,32828,13337.07
1238810,Battlefield V,2022-01,26510,10937.76
1238810,Battlefield V,2021-12,28400,9345.83
1238810,Battlefield V,2021-11,44711,13352.56
1238810,Battlefield V,2021-10,86998,27361.64
1238810,Battlefield V,2021-09,89814,27266.28
1238810,Battlefield V,2021-08,75655,11544.45
1238810,Battlefield V,2021-07,30745,9910.21
1238810,Battlefield V,2021-06,27420,8557.19
1238810,Battlefield V,2021-05,14233,4895.26
1238810,Battlefield V,2021-04,22890,6020.52
1238810,Battlefield V,2021-03,12451,4295.72
1238810,Battlefield V,2021-02,18721,6668.92
1238810,Battlefield V,2021-01,7152,3132.8
1238810,Battlefield V,2020-12,7021,2557.9
1238810,Battlefield V,2020-11,7047,1915.89
1238810,Battlefield V,2020-10,6161,2278.78
1238810,Battlefield V,2020-09,4411,1822.44
1238810,Battlefield V,2020-08,8860,2284.05
1238810,Battlefield V,2020-07,2180,939.91
1238810,Battlefield V,2020-06,2034,1163.34
632360,Risk of Rain 2,2026-04,12752,7008.99
632360,Risk of Rain 2,2026-03,9970,5573.8
632360,Risk of Rain 2,2026-02,11925,6943.52
632360,Risk of Rain 2,2026-01,17163,8733.4
632360,Risk of Rain 2,2025-12,33479,14093.59
632360,Risk of Rain 2,2025-11,43600,16986.05
632360,Risk of Rain 2,2025-10,14598,8225.23
632360,Risk of Rain 2,2025-09,13654,6462.76
632360,Risk of Rain 2,2025-08,14902,6989.88
632360,Risk of Rain 2,2025-07,11524,7255.97
632360,Risk of Rain 2,2025-06,12610,7151.16
632360,Risk of Rain 2,2025-05,18254,10521.08
632360,Risk of Rain 2,2025-04,10687,6431.99
632360,Risk of Rain 2,2025-03,10785,6343.45
632360,Risk of Rain 2,2025-02,13434,7511.19
632360,Risk of Rain 2,2025-01,10836,6232.19
632360,Risk of Rain 2,2024-12,10101,6865.68
632360,Risk of Rain 2,2024-11,9877,6309.09
632360,Risk of Rain 2,2024-10,10677,6146.25
632360,Risk of Rain 2,2024-09,33788,14032.71
632360,Risk of Rain 2,2024-08,74945,10931.47
632360,Risk of Rain 2,2024-07,16360,8959.53
632360,Risk of Rain 2,2024-06,20152,9150.21
632360,Risk of Rain 2,2024-05,19501,8280.71
632360,Risk of Rain 2,2024-04,13617,7148.37
632360,Risk of Rain 2,2024-03,10948,6556.89
632360,Risk of Rain 2,2024-02,11546,6809.68
632360,Risk of Rain 2,2024-01,15819,8474.49
632360,Risk of Rain 2,2023-12,18103,9692.99
632360,Risk of Rain 2,2023-11,19600,10716.43
632360,Risk of Rain 2,2023-10,10172,6071.41
632360,Risk of Rain 2,2023-09,8967,5713.85
632360,Risk of Rain 2,2023-08,10657,6603.17
632360,Risk of Rain 2,2023-07,14860,9960.12
632360,Risk of Rain 2,2023-06,13458,6850.66
632360,Risk of Rain 2,2023-05,9411,5973.86
632360,Risk of Rain 2,2023-04,11164,7176.37
632360,Risk of Rain 2,2023-03,12741,7333.91
632360,Risk of Rain 2,2023-02,13406,8001.83
632360,Risk of Rain 2,2023-01,15294,10215.28
632360,Risk of Rain 2,2022-12,13857,7743.33
632360,Risk of Rain 2,2022-11,13480,7645.46
632360,Risk of Rain 2,2022-10,9088,5751.6
632360,Risk of Rain 2,2022-09,12553,7184.25
632360,Risk of Rain 2,2022-08,9922,6703.83
632360,Risk of Rain 2,2022-07,13551,8942.15
632360,Risk of Rain 2,2022-06,18109,9705.12
632360,Risk of Rain 2,2022-05,15205,8806.72
632360,Risk of Rain 2,2022-04,23506,13251.57
632360,Risk of Rain 2,2022-03,70761,28154.67
632360,Risk of Rain 2,2022-02,14531,8338.47
632360,Risk of Rain 2,2022-01,14096,8151.9
632360,Risk of Rain 2,2021-12,12173,6414.23
632360,Risk of Rain 2,2021-11,12143,6515.9
632360,Risk of Rain 2,2021-10,7302,4591.02
632360,Risk of Rain 2,2021-09,8390,5094.13
632360,Risk of Rain 2,2021-08,8533,5599.67
632360,Risk of Rain 2,2021-07,11061,6847.7
632360,Risk of Rain 2,2021-06,9743,5593.9
632360,Risk of Rain 2,2021-05,10286,6311.31
632360,Risk of Rain 2,2021-04,25375,11414.96
632360,Risk of Rain 2,2021-03,55559,9857.61
632360,Risk of Rain 2,2021-02,8037,5151.47
632360,Risk of Rain 2,2021-01,12044,7120.88
632360,Risk of Rain 2,2020-12,10075,5297.05
632360,Risk of Rain 2,2020-11,8984,5227.68
632360,Risk of Rain 2,2020-10,9952,5591.63
632360,Risk of Rain 2,2020-09,24530,12877.78
632360,Risk of Rain 2,2020-08,71033,25249.95
632360,Risk of Rain 2,2020-07,6344,4531.83
632360,Risk of Rain 2,2020-06,5839,3584.73
632360,Risk of Rain 2,2020-05,10349,5601.93
632360,Risk of Rain 2,2020-04,64501,18430.64
632360,Risk of Rain 2,2020-03,38104,5353.44
632360,Risk of Rain 2,2020-02,9544,5645.91
632360,Risk of Rain 2,2020-01,15061,7753.84
632360,Risk of Rain 2,2019-12,21395,7172.19
632360,Risk of Rain 2,2019-11,4420,2718.21
632360,Risk of Rain 2,2019-10,8592,4471.81
632360,Risk of Rain 2,2019-09,22317,6510.93
632360,Risk of Rain 2,2019-08,4946,3014.64
632360,Risk of Rain 2,2019-07,9032,4491.45
632360,Risk of Rain 2,2019-06,23817,5204.26
632360,Risk of Rain 2,2019-05,17593,8105.01
632360,Risk of Rain 2,2019-04,54085,21406.83
1551360,Forza Horizon 5,2026-04,22699,11219.76
1551360,Forza Horizon 5,2026-03,25900,11550.55
1551360,Forza Horizon 5,2026-02,29674,13176.28
1551360,Forza Horizon 5,2026-01,29703,14522.79
1551360,Forza Horizon 5,2025-12,30107,13974.2
1551360,Forza Horizon 5,2025-11,34269,12025.78
1551360,Forza Horizon 5,2025-10,25564,11627.27
1551360,Forza Horizon 5,2025-09,24955,10136.69
1551360,Forza Horizon 5,2025-08,23739,11246.24
1551360,Forza Horizon 5,2025-07,23773,13006.22
1551360,Forza Horizon 5,2025-06,27393,13732.43
1551360,Forza Horizon 5,2025-05,30178,14611.95
1551360,Forza Horizon 5,2025-04,26636,10599.57
1551360,Forza Horizon 5,2025-03,24242,11491.68
1551360,Forza Horizon 5,2025-02,21646,10737.08
1551360,Forza Horizon 5,2025-01,23711,11862.48
1551360,Forza Horizon 5,2024-12,25286,12988.63
1551360,Forza Horizon 5,2024-11,21039,9389.79
1551360,Forza Horizon 5,2024-10,18281,9189.38
1551360,Forza Horizon 5,2024-09,28337,10933.1
1551360,Forza Horizon 5,2024-08,18416,9959.22
1551360,Forza Horizon 5,2024-07,25600,12648.6
1551360,Forza Horizon 5,2024-06,26262,12789.99
1551360,Forza Horizon 5,2024-05,23803,11552.92
1551360,Forza Horizon 5,2024-04,25901,11939.33
1551360,Forza Horizon 5,2024-03,30668,13939.28
1551360,Forza Horizon 5,2024-02,27619,12118.35
1551360,Forza Horizon 5,2024-01,26152,13350.13
1551360,Forza Horizon 5,2023-12,26907,12833.9
1551360,Forza Horizon 5,2023-11,24819,8922.67
1551360,Forza Horizon 5,2023-10,17974,8709.21
1551360,Forza Horizon 5,2023-09,24051,10788.03
1551360,Forza Horizon 5,2023-08,35120,12974.16
1551360,Forza Horizon 5,2023-07,27634,14223.38
1551360,Forza Horizon 5,2023-06,27069,11276.05
1551360,Forza Horizon 5,2023-05,20689,9598.2
1551360,Forza Horizon 5,2023-04,26330,10726.44
1551360,Forza Horizon 5,2023-03,24668,8347.77
1551360,Forza Horizon 5,2023-02,14750,7612.96
1551360,Forza Horizon 5,2023-01,15603,9437.46
1551360,Forza Horizon 5,2022-12,16295,8766.7
1551360,Forza Horizon 5,2022-11,14515,7276.38
1551360,Forza Horizon 5,2022-10,17729,8425.16
1551360,Forza Horizon 5,2022-09,16786,8406.18
1551360,Forza Horizon 5,2022-08,12237,6837.18
1551360,Forza Horizon 5,2022-07,18948,8868.58
1551360,Forza Horizon 5,2022-06,14507,7656.57
1551360,Forza Horizon 5,2022-05,12308,6733.31
1551360,Forza Horizon 5,2022-04,14260,7987.54
1551360,Forza Horizon 5,2022-03,14182,7310.95
1551360,Forza Horizon 5,2022-02,19494,9416.21
1551360,Forza Horizon 5,2022-01,23344,12614.73
1551360,Forza Horizon 5,2021-12,31250,16211.78
1551360,Forza Horizon 5,2021-11,80745,39903.36
49520,Borderlands 2,2026-04,4585,2601.24
49520,Borderlands 2,2026-03,3894,2216.18
49520,Borderlands 2,2026-02,3655,2105.66
49520,Borderlands 2,2026-01,4007,2330.22
49520,Borderlands 2,2025-12,3503,2015.99
49520,Borderlands 2,2025-11,3957,2214.07
49520,Borderlands 2,2025-10,6038,3059.46
49520,Borderlands 2,2025-09,8086,3943.9
49520,Borderlands 2,2025-08,6174,3390.51
49520,Borderlands 2,2025-07,7264,4021.75
49520,Borderlands 2,2025-06,24908,7480.98
49520,Borderlands 2,2025-05,4812,2780.52
49520,Borderlands 2,2025-04,5499,2794.48
49520,Borderlands 2,2025-03,5249,2981.62
49520,Borderlands 2,2025-02,6108,3125.38
49520,Borderlands 2,2025-01,5817,3153.73
49520,Borderlands 2,2024-12,5876,2804.69
49520,Borderlands 2,2024-11,4074,2309.33
49520,Borderlands 2,2024-10,5050,2551.66
49520,Borderlands 2,2024-09,8351,4057.71
49520,Borderlands 2,2024-08,9863,4777.56
49520,Borderlands 2,2024-07,5630,3475.84
49520,Borderlands 2,2024-06,5003,2217.18
49520,Borderlands 2,2024-05,3979,2262.7
49520,Borderlands 2,2024-04,4945,2672.66
49520,Borderlands 2,2024-03,6674,3678.71
49520,Borderlands 2,2024-02,6179,2643.01
49520,Borderlands 2,2024-01,4399,2519.88
49520,Borderlands 2,2023-12,4051,2330.12
49520,Borderlands 2,2023-11,3899,2200.09
49520,Borderlands 2,2023-10,4762,2664.95
49520,Borderlands 2,2023-09,4290,2486.89
49520,Borderlands 2,2023-08,4385,2563.93
49520,Borderlands 2,2023-07,5252,3269.66
49520,Borderlands 2,2023-06,4775,2750.21
49520,Borderlands 2,2023-05,4994,2779.91
49520,Borderlands 2,2023-04,5193,3105.26
49520,Borderlands 2,2023-03,5407,3075.47
49520,Borderlands 2,2023-02,5312,3007.09
49520,Borderlands 2,2023-01,5271,3218.39
49520,Borderlands 2,2022-12,4169,2618.15
49520,Borderlands 2,2022-11,4355,2550.69
49520,Borderlands 2,2022-10,4301,2547.74
49520,Borderlands 2,2022-09,4338,2607.63
49520,Borderlands 2,2022-08,4442,2742.42
49520,Borderlands 2,2022-07,5499,3477.84
49520,Borderlands 2,2022-06,5977,3499.93
49520,Borderlands 2,2022-05,6401,3387.27
49520,Borderlands 2,2022-04,5657,3557.93
49520,Borderlands 2,2022-03,4648,2833.3
49520,Borderlands 2,2022-02,6246,3597.01
49520,Borderlands 2,2022-01,5266,3257.38
49520,Borderlands 2,2021-12,4952,3330.77
49520,Borderlands 2,2021-11,5305,3330.82
49520,Borderlands 2,2021-10,5776,3629.62
49520,Borderlands 2,2021-09,5515,3040.51
49520,Borderlands 2,2021-08,5066,3473.43
49520,Borderlands 2,2021-07,4923,2981.8
49520,Borderlands 2,2021-06,5663,3572.67
49520,Borderlands 2,2021-05,4896,2791.59
49520,Borderlands 2,2021-04,5711,3140.02
49520,Borderlands 2,2021-03,6516,3441.1
49520,Borderlands 2,2021-02,7971,4365.29
49520,Borderlands 2,2021-01,6809,3570.17
49520,Borderlands 2,2020-12,6227,3565.87
49520,Borderlands 2,2020-11,5798,2749.52
49520,Borderlands 2,2020-10,4172,2464.53
49520,Borderlands 2,2020-09,5081,3096.73
49520,Borderlands 2,2020-08,5513,3546.35
49520,Borderlands 2,2020-07,5711,3536.23
49520,Borderlands 2,2020-06,8398,4549.83
49520,Borderlands 2,2020-05,10516,5622.96
49520,Borderlands 2,2020-04,9866,5605.51
49520,Borderlands 2,2020-03,9735,5518.44
49520,Borderlands 2,2020-02,6709,4144.21
49520,Borderlands 2,2020-01,7021,4421.33
49520,Borderlands 2,2019-12,7177,4192.12
49520,Borderlands 2,2019-11,7649,4275.44
49520,Borderlands 2,2019-10,19282,7174.14
49520,Borderlands 2,2019-09,19528,10857.09
49520,Borderlands 2,2019-08,20265,12211.98
49520,Borderlands 2,2019-07,42052,19699.18
49520,Borderlands 2,2019-06,80287,34832.21
49520,Borderlands 2,2019-05,28233,13447.98
49520,Borderlands 2,2019-04,59333,24517.61
49520,Borderlands 2,2019-03,44256,9850.03
49520,Borderlands 2,2019-02,16798,8713.76
49520,Borderlands 2,2019-01,16585,8385.63
49520,Borderlands 2,2018-12,16548,7619.02
49520,Borderlands 2,2018-11,12946,6560.25
49520,Borderlands 2,2018-10,9892,5599.01
49520,Borderlands 2,2018-09,13833,7278.96
49520,Borderlands 2,2018-08,9224,5580.05
49520,Borderlands 2,2018-07,14474,8850.57
49520,Borderlands 2,2018-06,17063,9430.78
49520,Borderlands 2,2018-05,26724,8055.89
49520,Borderlands 2,2018-04,11831,6723.64
49520,Borderlands 2,2018-03,15599,7877.07
49520,Borderlands 2,2018-02,12875,6951.53
49520,Borderlands 2,2018-01,14723,7958.75
49520,Borderlands 2,2017-12,13769,7865.81
49520,Borderlands 2,2017-11,18854,8467.58
49520,Borderlands 2,2017-10,11901,6117.17
49520,Borderlands 2,2017-09,10113,5783.57
49520,Borderlands 2,2017-08,10483,6355.3
49520,Borderlands 2,2017-07,17654,9741.55
49520,Borderlands 2,2017-06,15238,7256.53
49520,Borderlands 2,2017-05,10136,5831.66
49520,Borderlands 2,2017-04,12665,6847.71
49520,Borderlands 2,2017-03,19286,8039.84
49520,Borderlands 2,2017-02,11971,6614.71
49520,Borderlands 2,2017-01,18099,9114.67
49520,Borderlands 2,2016-12,16062,7309.89
49520,Borderlands 2,2016-11,12446,5571.46
49520,Borderlands 2,2016-10,12956,6233.13
49520,Borderlands 2,2016-09,18784,8652.93
49520,Borderlands 2,2016-08,9480,5524.2
49520,Borderlands 2,2016-07,15058,7405.84
49520,Borderlands 2,2016-06,12360,6052.53
49520,Borderlands 2,2016-05,10762,5558.24
49520,Borderlands 2,2016-04,12387,6455.57
49520,Borderlands 2,2016-03,19014,8030.34
49520,Borderlands 2,2016-02,16127,8749.26
49520,Borderlands 2,2016-01,17772,8845.13
49520,Borderlands 2,2015-12,15408,8445.27
49520,Borderlands 2,2015-11,16804,8185.12
49520,Borderlands 2,2015-10,14744,7067.86
49520,Borderlands 2,2015-09,15346,6142.78
49520,Borderlands 2,2015-08,15419,7639.27
49520,Borderlands 2,2015-07,15088,8104.06
49520,Borderlands 2,2015-06,17472,8290.33
49520,Borderlands 2,2015-05,10242,5661.07
49520,Borderlands 2,2015-04,15930,7502.42
49520,Borderlands 2,2015-03,21917,9073.05
49520,Borderlands 2,2015-02,14115,6784.29
49520,Borderlands 2,2015-01,16789,7647.83
49520,Borderlands 2,2014-12,15743,7882.59
49520,Borderlands 2,2014-11,15119,7016.6
49520,Borderlands 2,2014-10,25558,11123.35
49520,Borderlands 2,2014-09,32832,13678.4
49520,Borderlands 2,2014-08,67322,17264.42
49520,Borderlands 2,2014-07,30875,14407.96
49520,Borderlands 2,2014-06,37558,11696.14
49520,Borderlands 2,2014-05,12169,6588.54
49520,Borderlands 2,2014-04,13248,6869.43
49520,Borderlands 2,2014-03,18448,7935.08
49520,Borderlands 2,2014-02,47105,14338.6
49520,Borderlands 2,2014-01,28057,11983.48
49520,Borderlands 2,2013-12,25836,11957.88
49520,Borderlands 2,2013-11,17302,7895.07
49520,Borderlands 2,2013-10,23777,11104.53
49520,Borderlands 2,2013-09,20874,10401.23
49520,Borderlands 2,2013-08,28306,13784.16
49520,Borderlands 2,2013-07,49680,20718.38
49520,Borderlands 2,2013-06,27818,12965.78
49520,Borderlands 2,2013-05,40649,13081.76
49520,Borderlands 2,2013-04,17604,8481.32
49520,Borderlands 2,2013-03,16153,7122.03
49520,Borderlands 2,2013-02,25383,10947.64
49520,Borderlands 2,2013-01,28507,14659.73
49520,Borderlands 2,2012-12,28993,14772.67
49520,Borderlands 2,2012-11,31391,15770.14
49520,Borderlands 2,2012-10,68559,31966.15
49520,Borderlands 2,2012-09,123596,61242.78
526870,Satisfactory,2026-04,36819,19930.05
526870,Satisfactory,2026-03,41767,20759.87
526870,Satisfactory,2026-02,34286,17920.55
526870,Satisfactory,2026-01,38009,20251.58
526870,Satisfactory,2025-12,36073,19102.37
526870,Satisfactory,2025-11,27349,15671.42
526870,Satisfactory,2025-10,31878,16281.11
526870,Satisfactory,2025-09,34171,17460.3
526870,Satisfactory,2025-08,34160,19810.16
526870,Satisfactory,2025-07,41425,21312.07
526870,Satisfactory,2025-06,38217,19497.07
526870,Satisfactory,2025-05,25454,13920.97
526870,Satisfactory,2025-04,33976,17456.44
526870,Satisfactory,2025-03,34339,16023.33
526870,Satisfactory,2025-02,27519,14485.87
526870,Satisfactory,2025-01,39087,19357.3
526870,Satisfactory,2024-12,44190,24058.56
526870,Satisfactory,2024-11,64367,29038.21
526870,Satisfactory,2024-10,137767,60440.27
526870,Satisfactory,2024-09,185957,70615.03
526870,Satisfactory,2024-08,14238,7946.83
526870,Satisfactory,2024-07,18380,10441.3
526870,Satisfactory,2024-06,15495,7936.44
526870,Satisfactory,2024-05,14454,7590.78
526870,Satisfactory,2024-04,20499,10177.04
526870,Satisfactory,2024-03,18770,8622.12
526870,Satisfactory,2024-02,15950,8304.05
526870,Satisfactory,2024-01,22795,11602.31
526870,Satisfactory,2023-12,28600,14437.7
526870,Satisfactory,2023-11,32525,13545.03
526870,Satisfactory,2023-10,14256,7730.84
526870,Satisfactory,2023-09,12512,7225.67
526870,Satisfactory,2023-08,15454,8673.51
526870,Satisfactory,2023-07,21275,12249.11
526870,Satisfactory,2023-06,16929,9570.98
526870,Satisfactory,2023-05,17572,9703.3
526870,Satisfactory,2023-04,21688,11451.98
526870,Satisfactory,2023-03,24414,11651.59
526870,Satisfactory,2023-02,25568,12888.46
526870,Satisfactory,2023-01,28833,15533.61
526870,Satisfactory,2022-12,27486,15441.35
526870,Satisfactory,2022-11,24117,12549.13
526870,Satisfactory,2022-10,27449,14033.47
526870,Satisfactory,2022-09,31310,11307.0
526870,Satisfactory,2022-08,16744,9519.23
526870,Satisfactory,2022-07,22573,13346.94
526870,Satisfactory,2022-06,20417,9976.28
526870,Satisfactory,2022-05,18259,9702.81
526870,Satisfactory,2022-04,18915,10419.37
526870,Satisfactory,2022-03,19086,8766.17
526870,Satisfactory,2022-02,19746,10223.35
526870,Satisfactory,2022-01,26044,13643.63
526870,Satisfactory,2021-12,29876,16194.04
526870,Satisfactory,2021-11,34145,14111.02
526870,Satisfactory,2021-10,21323,8331.65
526870,Satisfactory,2021-09,17389,8676.83
526870,Satisfactory,2021-08,12160,7097.39
526870,Satisfactory,2021-07,13767,7834.67
526870,Satisfactory,2021-06,14602,8155.34
526870,Satisfactory,2021-05,22983,11349.43
526870,Satisfactory,2021-04,32831,14190.72
526870,Satisfactory,2021-03,23574,9466.93
526870,Satisfactory,2021-02,13747,7822.93
526870,Satisfactory,2021-01,19316,10306.14
526870,Satisfactory,2020-12,17080,9347.4
526870,Satisfactory,2020-11,13671,7669.64
526870,Satisfactory,2020-10,11857,6681.53
526870,Satisfactory,2020-09,14148,6823.8
526870,Satisfactory,2020-08,17002,9130.2
526870,Satisfactory,2020-07,23836,13820.92
526870,Satisfactory,2020-06,27439,16772.74
1426210,It Takes Two,2026-04,28284,6910.66
1426210,It Takes Two,2026-03,43736,10046.71
1426210,It Takes Two,2026-02,35469,12204.54
1426210,It Takes Two,2026-01,50808,13874.55
1426210,It Takes Two,2025-12,53085,11247.3
1426210,It Takes Two,2025-11,33339,7304.09
1426210,It Takes Two,2025-10,30326,7654.1
1426210,It Takes Two,2025-09,26863,6404.92
1426210,It Takes Two,2025-08,21264,7447.27
1426210,It Takes Two,2025-07,29331,9297.92
1426210,It Takes Two,2025-06,29455,7158.06
1426210,It Takes Two,2025-05,24811,6909.18
1426210,It Takes Two,2025-04,32000,7326.13
1426210,It Takes Two,2025-03,52428,12522.67
1426210,It Takes Two,2025-02,49200,14763.48
1426210,It Takes Two,2025-01,50571,14796.4
1426210,It Takes Two,2024-12,69976,16147.44
1426210,It Takes Two,2024-11,40228,6805.28
1426210,It Takes Two,2024-10,17736,5165.45
1426210,It Takes Two,2024-09,30727,7965.37
1426210,It Takes Two,2024-08,22353,5955.72
1426210,It Takes Two,2024-07,22486,7802.97
1426210,It Takes Two,2024-06,21289,5089.57
1426210,It Takes Two,2024-05,12773,3810.87
1426210,It Takes Two,2024-04,15426,3726.87
1426210,It Takes Two,2024-03,25741,5848.69
1426210,It Takes Two,2024-02,25903,8337.02
1426210,It Takes Two,2024-01,23133,6364.37
1426210,It Takes Two,2023-12,25070,6410.09
1426210,It Takes Two,2023-11,27629,4738.46
1426210,It Takes Two,2023-10,16053,3952.17
1426210,It Takes Two,2023-09,24660,5028.72
1426210,It Takes Two,2023-08,8980,3180.58
1426210,It Takes Two,2023-07,14207,5308.96
1426210,It Takes Two,2023-06,8854,2628.36
1426210,It Takes Two,2023-05,10253,2671.03
1426210,It Takes Two,2023-04,11237,3102.64
1426210,It Takes Two,2023-03,11913,3017.91
1426210,It Takes Two,2023-02,14782,4219.67
1426210,It Takes Two,2023-01,23539,6484.92
1426210,It Takes Two,2022-12,26659,6777.37
1426210,It Takes Two,2022-11,26694,4384.54
1426210,It Takes Two,2022-10,13308,3521.15
1426210,It Takes Two,2022-09,13628,3566.83
1426210,It Takes Two,2022-08,14387,4661.45
1426210,It Takes Two,2022-07,19336,5934.01
1426210,It Takes Two,2022-06,14995,4545.35
1426210,It Takes Two,2022-05,9943,2729.71
1426210,It Takes Two,2022-04,21759,4297.11
1426210,It Takes Two,2022-03,32647,6631.66
1426210,It Takes Two,2022-02,24434,7489.77
1426210,It Takes Two,2022-01,25554,8094.46
1426210,It Takes Two,2021-12,19263,4668.78
1426210,It Takes Two,2021-11,9885,2201.29
1426210,It Takes Two,2021-10,6320,1980.34
1426210,It Takes Two,2021-09,4703,1594.84
1426210,It Takes Two,2021-08,8829,2837.61
1426210,It Takes Two,2021-07,10384,3304.12
1426210,It Takes Two,2021-06,12717,3515.4
1426210,It Takes Two,2021-05,13059,4083.79
1426210,It Takes Two,2021-04,21439,6908.36
1426210,It Takes Two,2021-03,12526,4547.01
294100,RimWorld,2026-04,40106,26605.12
294100,RimWorld,2026-03,41946,27013.83
294100,RimWorld,2026-02,43383,28201.88
294100,RimWorld,2026-01,39403,27676.49
294100,RimWorld,2025-12,36099,24005.4
294100,RimWorld,2025-11,34047,23364.76
294100,RimWorld,2025-10,39257,25540.27
294100,RimWorld,2025-09,45541,28485.08
294100,RimWorld,2025-08,75236,44614.45
294100,RimWorld,2025-07,95851,51133.98
294100,RimWorld,2025-06,37773,25027.92
294100,RimWorld,2025-05,34564,23299.97
294100,RimWorld,2025-04,37232,24175.62
294100,RimWorld,2025-03,37719,23397.62
294100,RimWorld,2025-02,35308,23681.62
294100,RimWorld,2025-01,34240,23633.22
294100,RimWorld,2024-12,28974,21282.67
294100,RimWorld,2024-11,28831,20421.19
294100,RimWorld,2024-10,32219,20769.51
294100,RimWorld,2024-09,29619,20053.75
294100,RimWorld,2024-08,31007,21964.01
294100,RimWorld,2024-07,31362,21545.25
294100,RimWorld,2024-06,33001,21202.64
294100,RimWorld,2024-05,46527,27322.44
294100,RimWorld,2024-04,62257,32985.29
294100,RimWorld,2024-03,31539,20299.88
294100,RimWorld,2024-02,26012,18108.59
294100,RimWorld,2024-01,27401,19156.94
294100,RimWorld,2023-12,27298,19349.34
294100,RimWorld,2023-11,28208,19232.6
294100,RimWorld,2023-10,27351,18796.98
294100,RimWorld,2023-09,24980,16224.36
294100,RimWorld,2023-08,28384,18850.76
294100,RimWorld,2023-07,28545,20756.48
294100,RimWorld,2023-06,24379,17417.55
294100,RimWorld,2023-05,28614,19138.24
294100,RimWorld,2023-04,30015,18802.53
294100,RimWorld,2023-03,25891,17840.67
294100,RimWorld,2023-02,30310,20045.85
294100,RimWorld,2023-01,31951,23151.27
294100,RimWorld,2022-12,32547,22629.8
294100,RimWorld,2022-11,54009,31704.99
294100,RimWorld,2022-10,60742,25331.18
294100,RimWorld,2022-09,26309,17604.53
294100,RimWorld,2022-08,30045,20221.03
294100,RimWorld,2022-07,28853,19501.84
294100,RimWorld,2022-06,25466,17892.6
294100,RimWorld,2022-05,25979,18307.36
294100,RimWorld,2022-04,25261,17846.39
294100,RimWorld,2022-03,24915,17259.1
294100,RimWorld,2022-02,24798,17980.18
294100,RimWorld,2022-01,25439,18436.22
294100,RimWorld,2021-12,22119,16159.64
294100,RimWorld,2021-11,22404,15875.3
294100,RimWorld,2021-10,24198,16765.36
294100,RimWorld,2021-09,31984,20348.73
294100,RimWorld,2021-08,45856,29457.9
294100,RimWorld,2021-07,50850,25239.43
294100,RimWorld,2021-06,22271,16031.31
294100,RimWorld,2021-05,20751,14855.82
294100,RimWorld,2021-04,20736,14487.47
294100,RimWorld,2021-03,21941,14895.8
294100,RimWorld,2021-02,26260,18423.33
294100,RimWorld,2021-01,26982,18661.34
294100,RimWorld,2020-12,22168,14277.14
294100,RimWorld,2020-11,20737,14769.24
294100,RimWorld,2020-10,19572,13851.02
294100,RimWorld,2020-09,22093,15326.43
294100,RimWorld,2020-08,23344,16529.27
294100,RimWorld,2020-07,20531,15243.38
294100,RimWorld,2020-06,19981,14297.36
294100,RimWorld,2020-05,21491,14814.16
294100,RimWorld,2020-04,25649,17571.78
294100,RimWorld,2020-03,41637,26111.78
294100,RimWorld,2020-02,38204,15436.96
294100,RimWorld,2020-01,18083,12110.73
294100,RimWorld,2019-12,15356,9969.46
294100,RimWorld,2019-11,15292,10029.64
294100,RimWorld,2019-10,15923,10045.15
294100,RimWorld,2019-09,16282,10463.4
294100,RimWorld,2019-08,16719,11416.53
294100,RimWorld,2019-07,15208,10041.86
294100,RimWorld,2019-06,15280,10375.04
294100,RimWorld,2019-05,16594,10834.25
294100,RimWorld,2019-04,16900,10633.26
294100,RimWorld,2019-03,15920,10593.21
294100,RimWorld,2019-02,18211,11672.0
294100,RimWorld,2019-01,18208,11907.63
294100,RimWorld,2018-12,15760,10097.42
294100,RimWorld,2018-11,23774,13297.56
294100,RimWorld,2018-10,28380,13007.56
294100,RimWorld,2018-09,15159,9627.73
294100,RimWorld,2018-08,11169,7449.17
294100,RimWorld,2018-07,12450,7802.86
294100,RimWorld,2018-06,9500,6518.26
294100,RimWorld,2018-05,9555,6297.99
294100,RimWorld,2018-04,10001,6508.88
294100,RimWorld,2018-03,9644,6223.99
294100,RimWorld,2018-02,10030,6379.57
294100,RimWorld,2018-01,12072,7674.39
294100,RimWorld,2017-12,14244,8400.45
294100,RimWorld,2017-11,14223,7031.69
294100,RimWorld,2017-10,9188,5753.01
294100,RimWorld,2017-09,9066,5737.71
294100,RimWorld,2017-08,9167,6124.95
294100,RimWorld,2017-07,10193,6718.67
294100,RimWorld,2017-06,12135,7332.94
294100,RimWorld,2017-05,11795,5702.37
294100,RimWorld,2017-04,8261,5343.21
294100,RimWorld,2017-03,9027,5593.8
294100,RimWorld,2017-02,10340,6385.31
294100,RimWorld,2017-01,13447,8305.95
294100,RimWorld,2016-12,11727,5140.94
294100,RimWorld,2016-11,6218,3949.07
294100,RimWorld,2016-10,8604,4522.13
294100,RimWorld,2016-09,10259,6123.16
294100,RimWorld,2016-08,13484,7807.85
294100,RimWorld,2016-07,14984,4700.59
294100,RimWorld,2016-06,6,1.93
294100,RimWorld,2016-05,3,1.27
782330,DOOM Eternal,2026-04,1526,845.32
782330,DOOM Eternal,2026-03,1707,937.82
782330,DOOM Eternal,2026-02,2584,1247.27
782330,DOOM Eternal,2026-01,1860,1013.08
782330,DOOM Eternal,2025-12,1918,1076.37
782330,DOOM Eternal,2025-11,1887,1003.25
782330,DOOM Eternal,2025-10,5299,1777.86
782330,DOOM Eternal,2025-09,2378,782.29
782330,DOOM Eternal,2025-08,2344,1244.08
782330,DOOM Eternal,2025-07,2935,1407.18
782330,DOOM Eternal,2025-06,4933,1973.2
782330,DOOM Eternal,2025-05,7621,3227.42
782330,DOOM Eternal,2025-04,2724,1471.94
782330,DOOM Eternal,2025-03,2938,1424.54
782330,DOOM Eternal,2025-02,4417,1792.0
782330,DOOM Eternal,2025-01,5090,1633.66
782330,DOOM Eternal,2024-12,2199,1137.16
782330,DOOM Eternal,2024-11,2044,1007.42
782330,DOOM Eternal,2024-10,1605,898.06
782330,DOOM Eternal,2024-09,2133,1119.82
782330,DOOM Eternal,2024-08,3690,1762.3
782330,DOOM Eternal,2024-07,3898,1895.53
782330,DOOM Eternal,2024-06,3914,1700.37
782330,DOOM Eternal,2024-05,1647,919.04
782330,DOOM Eternal,2024-04,2134,1106.33
782330,DOOM Eternal,2024-03,2528,1389.68
782330,DOOM Eternal,2024-02,3568,1359.99
782330,DOOM Eternal,2024-01,2830,1337.65
782330,DOOM Eternal,2023-12,2706,1315.97
782330,DOOM Eternal,2023-11,2480,1095.75
782330,DOOM Eternal,2023-10,1835,903.18
782330,DOOM Eternal,2023-09,1908,1026.69
782330,DOOM Eternal,2023-08,3584,1697.44
782330,DOOM Eternal,2023-07,2524,1392.86
782330,DOOM Eternal,2023-06,2935,1386.89
782330,DOOM Eternal,2023-05,4608,1567.53
782330,DOOM Eternal,2023-04,2537,1290.16
782330,DOOM Eternal,2023-03,2737,1345.52
782330,DOOM Eternal,2023-02,2603,1371.64
782330,DOOM Eternal,2023-01,4410,2083.96
782330,DOOM Eternal,2022-12,4509,2122.65
782330,DOOM Eternal,2022-11,4109,1546.8
782330,DOOM Eternal,2022-10,1971,1109.33
782330,DOOM Eternal,2022-09,2771,1436.0
782330,DOOM Eternal,2022-08,4172,1823.37
782330,DOOM Eternal,2022-07,2899,1668.33
782330,DOOM Eternal,2022-06,3823,1634.77
782330,DOOM Eternal,2022-05,2194,1231.17
782330,DOOM Eternal,2022-04,2014,1104.23
782330,DOOM Eternal,2022-03,1963,1126.51
782330,DOOM Eternal,2022-02,2840,1512.67
782330,DOOM Eternal,2022-01,4186,2061.81
782330,DOOM Eternal,2021-12,3858,2175.02
782330,DOOM Eternal,2021-11,4461,2117.6
782330,DOOM Eternal,2021-10,4503,1613.67
782330,DOOM Eternal,2021-09,3825,2008.17
782330,DOOM Eternal,2021-08,8452,3435.09
782330,DOOM Eternal,2021-07,5071,2436.34
782330,DOOM Eternal,2021-06,5248,1858.42
782330,DOOM Eternal,2021-05,5872,2502.0
782330,DOOM Eternal,2021-04,5696,2634.15
782330,DOOM Eternal,2021-03,14954,3674.15
782330,DOOM Eternal,2021-02,4478,2269.47
782330,DOOM Eternal,2021-01,7733,3391.71
782330,DOOM Eternal,2020-12,7999,4408.05
782330,DOOM Eternal,2020-11,9091,3201.97
782330,DOOM Eternal,2020-10,10078,2583.85
782330,DOOM Eternal,2020-09,3038,1681.42
782330,DOOM Eternal,2020-08,5009,2331.68
782330,DOOM Eternal,2020-07,6900,3027.89
782330,DOOM Eternal,2020-06,7551,1991.55
782330,DOOM Eternal,2020-05,7646,3231.22
782330,DOOM Eternal,2020-04,19915,7587.19
782330,DOOM Eternal,2020-03,84865,31279.17
427520,Factorio,2026-04,25561,15422.37
427520,Factorio,2026-03,26766,15839.65
427520,Factorio,2026-02,29291,17254.33
427520,Factorio,2026-01,31246,17920.93
427520,Factorio,2025-12,25488,15396.86
427520,Factorio,2025-11,26567,15953.16
427520,Factorio,2025-10,27611,15958.29
427520,Factorio,2025-09,25626,15058.97
427520,Factorio,2025-08,27269,15988.93
427520,Factorio,2025-07,24979,15146.04
427520,Factorio,2025-06,30070,17432.4
427520,Factorio,2025-05,27239,16073.96
427520,Factorio,2025-04,27284,16247.47
427520,Factorio,2025-03,28603,16946.86
427520,Factorio,2025-02,33520,18513.65
427520,Factorio,2025-01,42583,23679.94
427520,Factorio,2024-12,64577,30834.96
427520,Factorio,2024-11,112738,54228.89
427520,Factorio,2024-10,118166,30768.18
427520,Factorio,2024-09,18180,11230.33
427520,Factorio,2024-08,19571,12083.36
427520,Factorio,2024-07,18696,11369.53
427520,Factorio,2024-06,17913,10999.41
427520,Factorio,2024-05,18427,11315.77
427520,Factorio,2024-04,19776,11863.69
427520,Factorio,2024-03,20572,12451.05
427520,Factorio,2024-02,20279,12120.6
427520,Factorio,2024-01,22665,13526.13
427520,Factorio,2023-12,20270,13089.15
427520,Factorio,2023-11,21786,12829.68
427520,Factorio,2023-10,22854,13501.59
427520,Factorio,2023-09,21207,12369.22
427520,Factorio,2023-08,17806,10656.03
427520,Factorio,2023-07,16547,10154.35
427520,Factorio,2023-06,17088,10313.93
427520,Factorio,2023-05,17536,10672.03
427520,Factorio,2023-04,19262,11886.46
427520,Factorio,2023-03,19858,11657.12
427520,Factorio,2023-02,19829,11773.6
427520,Factorio,2023-01,21666,13212.04
427520,Factorio,2022-12,20148,12836.56
427520,Factorio,2022-11,19328,11774.79
427520,Factorio,2022-10,18559,11522.18
427520,Factorio,2022-09,19153,11152.54
427520,Factorio,2022-08,17799,11136.42
427520,Factorio,2022-07,17737,11203.07
427520,Factorio,2022-06,17861,11112.01
427520,Factorio,2022-05,20112,11836.4
427520,Factorio,2022-04,20019,11850.44
427520,Factorio,2022-03,16035,9893.1
427520,Factorio,2022-02,17634,10725.18
427520,Factorio,2022-01,18519,11659.37
427520,Factorio,2021-12,16558,10382.44
427520,Factorio,2021-11,17685,10695.96
427520,Factorio,2021-10,20587,11930.19
427520,Factorio,2021-09,21906,12119.79
427520,Factorio,2021-08,17512,10823.19
427520,Factorio,2021-07,15104,9689.79
427520,Factorio,2021-06,15488,9619.45
427520,Factorio,2021-05,17087,10397.23
427520,Factorio,2021-04,17173,10347.64
427520,Factorio,2021-03,17605,10721.06
427520,Factorio,2021-02,22392,13176.7
427520,Factorio,2021-01,21942,11852.97
427520,Factorio,2020-12,17612,10814.38
427520,Factorio,2020-11,20177,12201.23
427520,Factorio,2020-10,23613,13746.76
427520,Factorio,2020-09,28351,16465.7
427520,Factorio,2020-08,34640,15775.35
427520,Factorio,2020-07,12180,7722.68
427520,Factorio,2020-06,13911,8545.99
427520,Factorio,2020-05,16378,9435.14
427520,Factorio,2020-04,18766,11222.09
427520,Factorio,2020-03,18335,9798.53
427520,Factorio,2020-02,15614,8914.44
427520,Factorio,2020-01,15389,8846.6
427520,Factorio,2019-12,13117,7770.21
427520,Factorio,2019-11,13790,7931.22
427520,Factorio,2019-10,13459,7503.23
427520,Factorio,2019-09,12551,6389.94
427520,Factorio,2019-08,11075,6483.14
427520,Factorio,2019-07,10523,6269.67
427520,Factorio,2019-06,12127,7071.0
427520,Factorio,2019-05,14507,8015.24
427520,Factorio,2019-04,16250,8635.71
427520,Factorio,2019-03,22317,11700.51
427520,Factorio,2019-02,15100,8182.2
427520,Factorio,2019-01,14682,8371.4
427520,Factorio,2018-12,13114,7118.64
427520,Factorio,2018-11,11956,6709.29
427520,Factorio,2018-10,12287,6936.67
427520,Factorio,2018-09,11514,6446.35
427520,Factorio,2018-08,11089,6537.15
427520,Factorio,2018-07,11601,6985.48
427520,Factorio,2018-06,12761,7339.26
427520,Factorio,2018-05,13754,8138.71
427520,Factorio,2018-04,16209,9072.96
427520,Factorio,2018-03,13163,7513.53
427520,Factorio,2018-02,13405,7532.05
427520,Factorio,2018-01,15155,8471.75
427520,Factorio,2017-12,14585,7642.52
427520,Factorio,2017-11,12246,6832.35
427520,Factorio,2017-10,11915,6837.54
427520,Factorio,2017-09,13248,7097.38
427520,Factorio,2017-08,11772,6969.85
427520,Factorio,2017-07,10971,6386.48
427520,Factorio,2017-06,14715,7404.32
427520,Factorio,2017-05,19831,10364.55
427520,Factorio,2017-04,20133,6583.72
427520,Factorio,2017-03,10158,5418.31
427520,Factorio,2017-02,11814,6441.33
427520,Factorio,2017-01,10774,5713.98
427520,Factorio,2016-12,7912,4676.75
427520,Factorio,2016-11,8697,4700.62
427520,Factorio,2016-10,8061,4412.64
427520,Factorio,2016-09,8101,4352.27
427520,Factorio,2016-08,7247,4064.89
427520,Factorio,2016-07,8183,4859.37
427520,Factorio,2016-06,7404,4516.69
427520,Factorio,2016-05,13006,6165.63
427520,Factorio,2016-04,15801,8875.26
427520,Factorio,2016-03,16170,9005.43
427520,Factorio,2016-02,11105,2158.67
435150,Divinity: Original Sin 2,2026-04,10309,5117.01
435150,Divinity: Original Sin 2,2026-03,11931,5544.09
435150,Divinity: Original Sin 2,2026-02,19807,9241.39
435150,Divinity: Original Sin 2,2026-01,27063,12852.71
435150,Divinity: Original Sin 2,2025-12,23832,8699.82
435150,Divinity: Original Sin 2,2025-11,5930,3221.76
435150,Divinity: Original Sin 2,2025-10,8324,3768.44
435150,Divinity: Original Sin 2,2025-09,5661,2942.19
435150,Divinity: Original Sin 2,2025-08,6482,3574.71
435150,Divinity: Original Sin 2,2025-07,8014,4088.37
435150,Divinity: Original Sin 2,2025-06,9321,4154.05
435150,Divinity: Original Sin 2,2025-05,6269,3199.69
435150,Divinity: Original Sin 2,2025-04,7263,3582.11
435150,Divinity: Original Sin 2,2025-03,8947,4431.03
435150,Divinity: Original Sin 2,2025-02,10904,4913.14
435150,Divinity: Original Sin 2,2025-01,11380,5529.68
435150,Divinity: Original Sin 2,2024-12,10853,5046.98
435150,Divinity: Original Sin 2,2024-11,7890,3344.51
435150,Divinity: Original Sin 2,2024-10,7140,3479.89
435150,Divinity: Original Sin 2,2024-09,10702,4649.8
435150,Divinity: Original Sin 2,2024-08,7110,3786.2
435150,Divinity: Original Sin 2,2024-07,8654,4491.26
435150,Divinity: Original Sin 2,2024-06,7389,3596.49
435150,Divinity: Original Sin 2,2024-05,9750,4254.22
435150,Divinity: Original Sin 2,2024-04,7818,3785.53
435150,Divinity: Original Sin 2,2024-03,9870,4887.19
435150,Divinity: Original Sin 2,2024-02,12818,5345.75
435150,Divinity: Original Sin 2,2024-01,13326,6125.84
435150,Divinity: Original Sin 2,2023-12,12131,4872.71
435150,Divinity: Original Sin 2,2023-11,8479,4100.84
435150,Divinity: Original Sin 2,2023-10,10966,4838.77
435150,Divinity: Original Sin 2,2023-09,17402,7085.41
435150,Divinity: Original Sin 2,2023-08,15765,8228.83
435150,Divinity: Original Sin 2,2023-07,16650,9192.47
435150,Divinity: Original Sin 2,2023-06,11522,5963.66
435150,Divinity: Original Sin 2,2023-05,12949,6536.45
435150,Divinity: Original Sin 2,2023-04,15584,7927.73
435150,Divinity: Original Sin 2,2023-03,13917,7927.68
435150,Divinity: Original Sin 2,2023-02,15971,7146.61
435150,Divinity: Original Sin 2,2023-01,14967,8686.26
435150,Divinity: Original Sin 2,2022-12,12663,7993.06
435150,Divinity: Original Sin 2,2022-11,10897,6152.88
435150,Divinity: Original Sin 2,2022-10,12663,6340.81
435150,Divinity: Original Sin 2,2022-09,17262,7134.38
435150,Divinity: Original Sin 2,2022-08,11022,6247.47
435150,Divinity: Original Sin 2,2022-07,13457,8168.52
435150,Divinity: Original Sin 2,2022-06,11905,6815.92
435150,Divinity: Original Sin 2,2022-05,12421,5856.44
435150,Divinity: Original Sin 2,2022-04,11903,6074.57
435150,Divinity: Original Sin 2,2022-03,11860,6053.03
435150,Divinity: Original Sin 2,2022-02,13652,7787.9
435150,Divinity: Original Sin 2,2022-01,15604,8792.2
435150,Divinity: Original Sin 2,2021-12,12658,7260.7
435150,Divinity: Original Sin 2,2021-11,14265,7921.98
435150,Divinity: Original Sin 2,2021-10,16177,7399.56
435150,Divinity: Original Sin 2,2021-09,19586,10498.94
435150,Divinity: Original Sin 2,2021-08,11734,7456.13
435150,Divinity: Original Sin 2,2021-07,16103,8831.17
435150,Divinity: Original Sin 2,2021-06,14431,8301.42
435150,Divinity: Original Sin 2,2021-05,15803,7186.72
435150,Divinity: Original Sin 2,2021-04,14072,7390.27
435150,Divinity: Original Sin 2,2021-03,16458,8596.4
435150,Divinity: Original Sin 2,2021-02,17390,9345.17
435150,Divinity: Original Sin 2,2021-01,20036,10235.86
435150,Divinity: Original Sin 2,2020-12,17059,8922.14
435150,Divinity: Original Sin 2,2020-11,23345,11090.52
435150,Divinity: Original Sin 2,2020-10,21786,11831.25
435150,Divinity: Original Sin 2,2020-09,20410,11071.26
435150,Divinity: Original Sin 2,2020-08,16765,9457.51
435150,Divinity: Original Sin 2,2020-07,21244,12690.29
435150,Divinity: Original Sin 2,2020-06,20039,11258.09
435150,Divinity: Original Sin 2,2020-05,23788,12702.32
435150,Divinity: Original Sin 2,2020-04,26454,13527.01
435150,Divinity: Original Sin 2,2020-03,30748,15094.73
435150,Divinity: Original Sin 2,2020-02,20692,8950.19
435150,Divinity: Original Sin 2,2020-01,16728,9083.64
435150,Divinity: Original Sin 2,2019-12,15258,8248.81
435150,Divinity: Original Sin 2,2019-11,13944,6909.43
435150,Divinity: Original Sin 2,2019-10,11151,5820.85
435150,Divinity: Original Sin 2,2019-09,13128,6907.21
435150,Divinity: Original Sin 2,2019-08,11484,6159.17
435150,Divinity: Original Sin 2,2019-07,17387,9312.11
435150,Divinity: Original Sin 2,2019-06,16892,9077.85
435150,Divinity: Original Sin 2,2019-05,16297,8060.54
435150,Divinity: Original Sin 2,2019-04,11219,5879.4
435150,Divinity: Original Sin 2,2019-03,16278,7704.92
435150,Divinity: Original Sin 2,2019-02,16908,8875.07
435150,Divinity: Original Sin 2,2019-01,19299,9622.4
435150,Divinity: Original Sin 2,2018-12,18421,8425.56
435150,Divinity: Original Sin 2,2018-11,16332,8139.99
435150,Divinity: Original Sin 2,2018-10,16400,7892.42
435150,Divinity: Original Sin 2,2018-09,21541,11567.33
435150,Divinity: Original Sin 2,2018-08,12939,5369.33
435150,Divinity: Original Sin 2,2018-07,15874,8674.33
435150,Divinity: Original Sin 2,2018-06,13409,7135.39
435150,Divinity: Original Sin 2,2018-05,13900,7572.42
435150,Divinity: Original Sin 2,2018-04,15236,7087.08
435150,Divinity: Original Sin 2,2018-03,13298,6628.01
435150,Divinity: Original Sin 2,2018-02,18026,8470.72
435150,Divinity: Original Sin 2,2018-01,25690,12417.12
435150,Divinity: Original Sin 2,2017-12,22602,10462.73
435150,Divinity: Original Sin 2,2017-11,28670,11722.28
435150,Divinity: Original Sin 2,2017-10,80081,28002.91
435150,Divinity: Original Sin 2,2017-09,93350,26288.72
435150,Divinity: Original Sin 2,2017-08,1172,444.87
435150,Divinity: Original Sin 2,2017-07,548,290.95
435150,Divinity: Original Sin 2,2017-06,1082,409.3
435150,Divinity: Original Sin 2,2017-05,1335,405.96
435150,Divinity: Original Sin 2,2017-04,569,235.68
435150,Divinity: Original Sin 2,2017-03,400,185.01
435150,Divinity: Original Sin 2,2017-02,644,242.69
435150,Divinity: Original Sin 2,2017-01,429,206.26
435150,Divinity: Original Sin 2,2016-12,405,192.03
435150,Divinity: Original Sin 2,2016-11,537,213.92
435150,Divinity: Original Sin 2,2016-10,1031,348.6
435150,Divinity: Original Sin 2,2016-09,2836,550.36
435150,Divinity: Original Sin 2,2016-08,18,7.1
268910,Cuphead,2026-04,3094,1807.4
268910,Cuphead,2026-03,4014,1929.3
268910,Cuphead,2026-02,3108,1996.79
268910,Cuphead,2026-01,4311,2342.5
268910,Cuphead,2025-12,3939,2055.37
268910,Cuphead,2025-11,3589,1505.06
268910,Cuphead,2025-10,4067,1857.17
268910,Cuphead,2025-09,2873,1575.98
268910,Cuphead,2025-08,2781,1808.81
268910,Cuphead,2025-07,4210,2515.23
268910,Cuphead,2025-06,4164,2213.04
268910,Cuphead,2025-05,6304,2910.53
268910,Cuphead,2025-04,3153,1754.79
268910,Cuphead,2025-03,4207,1986.09
268910,Cuphead,2025-02,2938,1735.74
268910,Cuphead,2025-01,3882,2165.49
268910,Cuphead,2024-12,4232,2130.15
268910,Cuphead,2024-11,3821,1334.05
268910,Cuphead,2024-10,2438,1367.94
268910,Cuphead,2024-09,2639,1528.12
268910,Cuphead,2024-08,2891,1839.72
268910,Cuphead,2024-07,3807,2331.85
268910,Cuphead,2024-06,4322,2039.55
268910,Cuphead,2024-05,2213,1305.98
268910,Cuphead,2024-04,2443,1379.03
268910,Cuphead,2024-03,3165,1548.75
268910,Cuphead,2024-02,2371,1474.2
268910,Cuphead,2024-01,3263,1904.32
268910,Cuphead,2023-12,3385,1641.75
268910,Cuphead,2023-11,3043,1324.29
268910,Cuphead,2023-10,2316,1309.09
268910,Cuphead,2023-09,2406,1346.11
268910,Cuphead,2023-08,2361,1468.83
268910,Cuphead,2023-07,3153,2016.78
268910,Cuphead,2023-06,2595,1388.66
268910,Cuphead,2023-05,2339,1293.16
268910,Cuphead,2023-04,2557,1389.79
268910,Cuphead,2023-03,3116,1482.22
268910,Cuphead,2023-02,2852,1561.31
268910,Cuphead,2023-01,3034,1895.2
268910,Cuphead,2022-12,3128,1836.05
268910,Cuphead,2022-11,3133,1435.61
268910,Cuphead,2022-10,3600,1713.52
268910,Cuphead,2022-09,4005,2042.43
268910,Cuphead,2022-08,5183,3348.42
268910,Cuphead,2022-07,15980,7510.6
268910,Cuphead,2022-06,16314,1703.64
268910,Cuphead,2022-05,2847,1348.52
268910,Cuphead,2022-04,4799,2166.86
268910,Cuphead,2022-03,5856,2982.5
268910,Cuphead,2022-02,4973,2040.47
268910,Cuphead,2022-01,2664,1551.51
268910,Cuphead,2021-12,2625,1254.67
268910,Cuphead,2021-11,2035,791.86
268910,Cuphead,2021-10,1248,741.62
268910,Cuphead,2021-09,1350,800.85
268910,Cuphead,2021-08,1189,799.38
268910,Cuphead,2021-07,1686,1028.71
268910,Cuphead,2021-06,1724,871.8
268910,Cuphead,2021-05,1184,745.89
268910,Cuphead,2021-04,1332,801.39
268910,Cuphead,2021-03,1446,889.61
268910,Cuphead,2021-02,1720,1023.95
268910,Cuphead,2021-01,2194,1243.06
268910,Cuphead,2020-12,2270,1158.56
268910,Cuphead,2020-11,1710,761.45
268910,Cuphead,2020-10,1024,646.07
268910,Cuphead,2020-09,1229,755.95
268910,Cuphead,2020-08,1498,967.73
268910,Cuphead,2020-07,1873,1161.2
268910,Cuphead,2020-06,1926,913.44
268910,Cuphead,2020-05,1261,865.83
268910,Cuphead,2020-04,1393,912.08
268910,Cuphead,2020-03,1527,874.38
268910,Cuphead,2020-02,1542,887.71
268910,Cuphead,2020-01,1807,985.97
268910,Cuphead,2019-12,1879,1027.89
268910,Cuphead,2019-11,2122,820.88
268910,Cuphead,2019-10,1258,642.58
268910,Cuphead,2019-09,902,513.59
268910,Cuphead,2019-08,880,540.0
268910,Cuphead,2019-07,986,637.99
268910,Cuphead,2019-06,1055,668.95
268910,Cuphead,2019-05,1331,704.88
268910,Cuphead,2019-04,1481,697.75
268910,Cuphead,2019-03,1087,529.92
268910,Cuphead,2019-02,1047,556.12
268910,Cuphead,2019-01,1361,665.16
268910,Cuphead,2018-12,1406,680.51
268910,Cuphead,2018-11,1338,657.26
268910,Cuphead,2018-10,1505,611.72
268910,Cuphead,2018-09,1042,532.87
268910,Cuphead,2018-08,1272,652.68
268910,Cuphead,2018-07,1552,853.19
268910,Cuphead,2018-06,1896,843.82
268910,Cuphead,2018-05,1228,646.72
268910,Cuphead,2018-04,1562,769.3
268910,Cuphead,2018-03,1828,907.67
268910,Cuphead,2018-02,2587,1260.91
268910,Cuphead,2018-01,5690,2302.08
268910,Cuphead,2017-12,7251,2944.97
268910,Cuphead,2017-11,7608,3333.09
268910,Cuphead,2017-10,19076,7988.61
268910,Cuphead,2017-09,15240,469.6
268910,Cuphead,2017-08,3,0.52
268910,Cuphead,2017-07,2,0.6
268910,Cuphead,2017-06,3,0.85
203160,Tomb Raider,2026-04,2720,1182.52
203160,Tomb Raider,2026-03,2897,1157.65
203160,Tomb Raider,2026-02,2744,1340.01
203160,Tomb Raider,2026-01,4183,1781.23
203160,Tomb Raider,2025-12,5866,2333.85
203160,Tomb Raider,2025-11,3598,1266.2
203160,Tomb Raider,2025-10,3482,1248.73
203160,Tomb Raider,2025-09,2954,1008.26
203160,Tomb Raider,2025-08,1925,928.52
203160,Tomb Raider,2025-07,1784,981.07
203160,Tomb Raider,2025-06,2105,1000.05
203160,Tomb Raider,2025-05,2052,890.04
203160,Tomb Raider,2025-04,1849,778.06
203160,Tomb Raider,2025-03,2301,980.54
203160,Tomb Raider,2025-02,2318,1032.3
203160,Tomb Raider,2025-01,4121,1246.74
203160,Tomb Raider,2024-12,3045,1476.9
203160,Tomb Raider,2024-11,2949,1053.96
203160,Tomb Raider,2024-10,8416,2248.89
203160,Tomb Raider,2024-09,2064,870.04
203160,Tomb Raider,2024-08,1996,774.83
203160,Tomb Raider,2024-07,1904,923.84
203160,Tomb Raider,2024-06,1482,636.27
203160,Tomb Raider,2024-05,1746,758.27
203160,Tomb Raider,2024-04,2492,867.13
203160,Tomb Raider,2024-03,1610,724.02
203160,Tomb Raider,2024-02,2210,922.12
203160,Tomb Raider,2024-01,1319,718.01
203160,Tomb Raider,2023-12,1417,793.29
203160,Tomb Raider,2023-11,1743,734.38
203160,Tomb Raider,2023-10,1624,615.06
203160,Tomb Raider,2023-09,1793,691.62
203160,Tomb Raider,2023-08,1536,769.57
203160,Tomb Raider,2023-07,2429,855.61
203160,Tomb Raider,2023-06,2191,801.53
203160,Tomb Raider,2023-05,1320,580.6
203160,Tomb Raider,2023-04,1289,604.5
203160,Tomb Raider,2023-03,1333,674.46
203160,Tomb Raider,2023-02,1661,648.78
203160,Tomb Raider,2023-01,1209,679.45
203160,Tomb Raider,2022-12,1314,713.63
203160,Tomb Raider,2022-11,1225,628.91
203160,Tomb Raider,2022-10,1218,586.57
203160,Tomb Raider,2022-09,1449,616.31
203160,Tomb Raider,2022-08,1047,581.58
203160,Tomb Raider,2022-07,1474,731.87
203160,Tomb Raider,2022-06,1286,719.24
203160,Tomb Raider,2022-05,1671,764.73
203160,Tomb Raider,2022-04,1540,711.08
203160,Tomb Raider,2022-03,2210,855.75
203160,Tomb Raider,2022-02,1636,826.26
203160,Tomb Raider,2022-01,2749,1148.03
203160,Tomb Raider,2021-12,2522,1032.0
203160,Tomb Raider,2021-11,4522,1461.22
203160,Tomb Raider,2021-10,4030,863.78
203160,Tomb Raider,2021-09,1641,828.27
203160,Tomb Raider,2021-08,3275,1464.17
203160,Tomb Raider,2021-07,2841,1263.51
203160,Tomb Raider,2021-06,3651,1334.64
203160,Tomb Raider,2021-05,4240,1376.99
203160,Tomb Raider,2021-04,2882,1167.89
203160,Tomb Raider,2021-03,4541,1538.27
203160,Tomb Raider,2021-02,2810,1282.94
203160,Tomb Raider,2021-01,3192,1476.1
203160,Tomb Raider,2020-12,3667,1526.85
203160,Tomb Raider,2020-11,3388,1359.62
203160,Tomb Raider,2020-10,3067,1279.57
203160,Tomb Raider,2020-09,2616,1333.83
203160,Tomb Raider,2020-08,3450,1668.72
203160,Tomb Raider,2020-07,3601,1937.46
203160,Tomb Raider,2020-06,3748,1958.09
203160,Tomb Raider,2020-05,5218,2757.07
203160,Tomb Raider,2020-04,26984,6027.61
203160,Tomb Raider,2020-03,89494,12969.71
203160,Tomb Raider,2020-02,3538,871.69
203160,Tomb Raider,2020-01,2095,1014.5
203160,Tomb Raider,2019-12,2830,1129.12
203160,Tomb Raider,2019-11,2929,994.88
203160,Tomb Raider,2019-10,1435,663.28
203160,Tomb Raider,2019-09,3750,934.99
203160,Tomb Raider,2019-08,1825,712.52
203160,Tomb Raider,2019-07,2335,1024.24
203160,Tomb Raider,2019-06,2560,842.79
203160,Tomb Raider,2019-05,1115,539.14
203160,Tomb Raider,2019-04,1923,702.07
203160,Tomb Raider,2019-03,3342,1199.26
203160,Tomb Raider,2019-02,3517,1218.03
203160,Tomb Raider,2019-01,3745,1403.48
203160,Tomb Raider,2018-12,2750,1090.74
203160,Tomb Raider,2018-11,3582,1210.34
203160,Tomb Raider,2018-10,5157,1350.94
203160,Tomb Raider,2018-09,2874,1256.31
203160,Tomb Raider,2018-08,4404,1536.46
203160,Tomb Raider,2018-07,3652,1464.12
203160,Tomb Raider,2018-06,6604,2004.29
203160,Tomb Raider,2018-05,2072,928.43
203160,Tomb Raider,2018-04,6985,1880.6
203160,Tomb Raider,2018-03,7187,2483.3
203160,Tomb Raider,2018-02,3639,1227.11
203160,Tomb Raider,2018-01,4258,1602.64
203160,Tomb Raider,2017-12,4380,1351.74
203160,Tomb Raider,2017-11,4200,995.52
203160,Tomb Raider,2017-10,5427,1372.79
203160,Tomb Raider,2017-09,4159,837.63
203160,Tomb Raider,2017-08,1230,678.77
203160,Tomb Raider,2017-07,2987,1188.82
203160,Tomb Raider,2017-06,3709,939.13
203160,Tomb Raider,2017-05,1184,573.86
203160,Tomb Raider,2017-04,1329,645.2
203160,Tomb Raider,2017-03,1888,848.02
203160,Tomb Raider,2017-02,4476,1262.74
203160,Tomb Raider,2017-01,3094,1221.59
203160,Tomb Raider,2016-12,2855,1324.07
203160,Tomb Raider,2016-11,6360,1574.0
203160,Tomb Raider,2016-10,1618,731.68
203160,Tomb Raider,2016-09,1451,684.82
203160,Tomb Raider,2016-08,1503,827.71
203160,Tomb Raider,2016-07,3144,1254.43
203160,Tomb Raider,2016-06,2542,984.26
203160,Tomb Raider,2016-05,1887,926.8
203160,Tomb Raider,2016-04,2232,980.05
203160,Tomb Raider,2016-03,5093,1647.49
203160,Tomb Raider,2016-02,5770,2127.23
203160,Tomb Raider,2016-01,6439,2684.74
203160,Tomb Raider,2015-12,5846,2156.45
203160,Tomb Raider,2015-11,5515,1494.33
203160,Tomb Raider,2015-10,8234,2028.1
203160,Tomb Raider,2015-09,5507,1042.26
203160,Tomb Raider,2015-08,2023,1030.83
203160,Tomb Raider,2015-07,2137,1110.97
203160,Tomb Raider,2015-06,4226,1502.07
203160,Tomb Raider,2015-05,1832,880.41
203160,Tomb Raider,2015-04,2123,957.52
203160,Tomb Raider,2015-03,3462,1285.25
203160,Tomb Raider,2015-02,9645,2568.6
203160,Tomb Raider,2015-01,5941,1752.73
203160,Tomb Raider,2014-12,7134,2070.32
203160,Tomb Raider,2014-11,3309,1320.57
203160,Tomb Raider,2014-10,9394,2262.62
203160,Tomb Raider,2014-09,2213,1049.72
203160,Tomb Raider,2014-08,3003,1510.49
203160,Tomb Raider,2014-07,6620,2676.19
203160,Tomb Raider,2014-06,8820,2153.96
203160,Tomb Raider,2014-05,2271,1077.69
203160,Tomb Raider,2014-04,5213,1729.87
203160,Tomb Raider,2014-03,9696,1590.35
203160,Tomb Raider,2014-02,4089,1635.04
203160,Tomb Raider,2014-01,6676,2244.78
203160,Tomb Raider,2013-12,5918,2484.35
203160,Tomb Raider,2013-11,2491,1009.49
203160,Tomb Raider,2013-10,3275,1320.23
203160,Tomb Raider,2013-09,9568,2364.83
203160,Tomb Raider,2013-08,4460,1870.39
203160,Tomb Raider,2013-07,14039,3452.65
203160,Tomb Raider,2013-06,3552,1435.04
203160,Tomb Raider,2013-05,9830,2693.93
203160,Tomb Raider,2013-04,7728,2538.44
203160,Tomb Raider,2013-03,29197,7146.8
646570,Slay the Spire,2026-04,25451,13257.11
646570,Slay the Spire,2026-03,44044,22625.9
646570,Slay the Spire,2026-02,32468,19525.75
646570,Slay the Spire,2026-01,54505,27175.57
646570,Slay the Spire,2025-12,56201,20869.74
646570,Slay the Spire,2025-11,19152,11691.04
646570,Slay the Spire,2025-10,20556,12175.34
646570,Slay the Spire,2025-09,20140,11632.3
646570,Slay the Spire,2025-08,17917,11150.56
646570,Slay the Spire,2025-07,21256,12766.85
646570,Slay the Spire,2025-06,23232,13278.33
646570,Slay the Spire,2025-05,22064,12498.79
646570,Slay the Spire,2025-04,23372,13063.27
646570,Slay the Spire,2025-03,24256,14238.9
646570,Slay the Spire,2025-02,18055,12650.39
646570,Slay the Spire,2025-01,20696,13803.43
646570,Slay the Spire,2024-12,20921,12872.57
646570,Slay the Spire,2024-11,19011,11425.14
646570,Slay the Spire,2024-10,19825,11360.11
646570,Slay the Spire,2024-09,21621,12943.32
646570,Slay the Spire,2024-08,20002,12637.76
646570,Slay the Spire,2024-07,19462,13010.04
646570,Slay the Spire,2024-06,20706,11726.91
646570,Slay the Spire,2024-05,21186,12840.82
646570,Slay the Spire,2024-04,31221,14049.17
646570,Slay the Spire,2024-03,20631,11725.09
646570,Slay the Spire,2024-02,15256,9937.37
646570,Slay the Spire,2024-01,16383,10683.54
646570,Slay the Spire,2023-12,15450,10131.39
646570,Slay the Spire,2023-11,18760,10457.33
646570,Slay the Spire,2023-10,18812,10025.36
646570,Slay the Spire,2023-09,18551,10088.25
646570,Slay the Spire,2023-08,15058,8780.63
646570,Slay the Spire,2023-07,14646,9333.46
646570,Slay the Spire,2023-06,11866,6938.92
646570,Slay the Spire,2023-05,12617,7865.64
646570,Slay the Spire,2023-04,16630,9816.74
646570,Slay the Spire,2023-03,18812,9753.29
646570,Slay the Spire,2023-02,11835,8404.89
646570,Slay the Spire,2023-01,14255,9786.04
646570,Slay the Spire,2022-12,18748,9527.29
646570,Slay the Spire,2022-11,19314,10302.32
646570,Slay the Spire,2022-10,10043,7092.6
646570,Slay the Spire,2022-09,10495,7120.63
646570,Slay the Spire,2022-08,11010,7760.97
646570,Slay the Spire,2022-07,16576,9809.7
646570,Slay the Spire,2022-06,15401,8108.56
646570,Slay the Spire,2022-05,18918,10157.7
646570,Slay the Spire,2022-04,11555,8315.9
646570,Slay the Spire,2022-03,10695,6871.52
646570,Slay the Spire,2022-02,8485,6417.04
646570,Slay the Spire,2022-01,11903,8266.83
646570,Slay the Spire,2021-12,11087,7503.67
646570,Slay the Spire,2021-11,11044,6765.6
646570,Slay the Spire,2021-10,13759,7155.42
646570,Slay the Spire,2021-09,9160,6678.51
646570,Slay the Spire,2021-08,10843,7535.38
646570,Slay the Spire,2021-07,10831,7129.84
646570,Slay the Spire,2021-06,10381,5963.25
646570,Slay the Spire,2021-05,7222,5460.52
646570,Slay the Spire,2021-04,7304,5456.54
646570,Slay the Spire,2021-03,8773,6319.74
646570,Slay the Spire,2021-02,10380,7475.97
646570,Slay the Spire,2021-01,11077,8104.45
646570,Slay the Spire,2020-12,10297,7279.22
646570,Slay the Spire,2020-11,9696,6139.61
646570,Slay the Spire,2020-10,10695,5708.81
646570,Slay the Spire,2020-09,7895,5504.75
646570,Slay the Spire,2020-08,9584,6526.54
646570,Slay the Spire,2020-07,9621,6557.11
646570,Slay the Spire,2020-06,9030,5523.65
646570,Slay the Spire,2020-05,7994,6238.0
646570,Slay the Spire,2020-04,14267,7088.58
646570,Slay the Spire,2020-03,10626,7990.12
646570,Slay the Spire,2020-02,13209,9515.04
646570,Slay the Spire,2020-01,20383,10919.48
646570,Slay the Spire,2019-12,10057,5924.18
646570,Slay the Spire,2019-11,7128,4971.79
646570,Slay the Spire,2019-10,7864,5469.94
646570,Slay the Spire,2019-09,9434,6326.25
646570,Slay the Spire,2019-08,10357,6076.32
646570,Slay the Spire,2019-07,11521,6587.16
646570,Slay the Spire,2019-06,9508,5211.04
646570,Slay the Spire,2019-05,7471,5294.65
646570,Slay the Spire,2019-04,7816,5467.29
646570,Slay the Spire,2019-03,10303,6889.35
646570,Slay the Spire,2019-02,12407,8337.6
646570,Slay the Spire,2019-01,14586,10406.59
646570,Slay the Spire,2018-12,12365,8278.15
646570,Slay the Spire,2018-11,12647,7919.56
646570,Slay the Spire,2018-10,9572,6750.57
646570,Slay the Spire,2018-09,10323,6918.33
646570,Slay the Spire,2018-08,11015,6930.52
646570,Slay the Spire,2018-07,21643,11627.16
646570,Slay the Spire,2018-06,18758,10733.13
646570,Slay the Spire,2018-05,17216,10122.53
646570,Slay the Spire,2018-04,20163,10354.62
646570,Slay the Spire,2018-03,25018,13902.62
646570,Slay the Spire,2018-02,32937,19224.29
646570,Slay the Spire,2018-01,19513,9673.2
646570,Slay the Spire,2017-12,3189,1237.48
646570,Slay the Spire,2017-11,186,66.78
646570,Slay the Spire,2017-10,4,0.4
646570,Slay the Spire,2017-09,2,0.05
646570,Slay the Spire,2017-07,2,0.07
646570,Slay the Spire,2017-06,2,0.08
12210,Grand Theft Auto IV: Complete,2026-04,5255,2728.6
12210,Grand Theft Auto IV: Complete,2026-03,4109,2318.4
12210,Grand Theft Auto IV: Complete,2026-02,7600,3388.14
12210,Grand Theft Auto IV: Complete,2026-01,8757,3469.38
12210,Grand Theft Auto IV: Complete,2025-12,5073,2605.23
12210,Grand Theft Auto IV: Complete,2025-11,5446,2704.08
12210,Grand Theft Auto IV: Complete,2025-10,3732,1980.31
12210,Grand Theft Auto IV: Complete,2025-09,3716,1988.84
12210,Grand Theft Auto IV: Complete,2025-08,4200,2137.89
12210,Grand Theft Auto IV: Complete,2025-07,4533,2501.4
12210,Grand Theft Auto IV: Complete,2025-06,5153,2779.37
12210,Grand Theft Auto IV: Complete,2025-05,4852,2696.25
12210,Grand Theft Auto IV: Complete,2025-04,3421,1813.45
12210,Grand Theft Auto IV: Complete,2025-03,4341,2240.16
12210,Grand Theft Auto IV: Complete,2025-02,6606,3016.88
12210,Grand Theft Auto IV: Complete,2025-01,7610,3091.0
12210,Grand Theft Auto IV: Complete,2024-12,4900,2548.46
12210,Grand Theft Auto IV: Complete,2024-11,3633,1756.95
12210,Grand Theft Auto IV: Complete,2024-10,3074,1759.57
12210,Grand Theft Auto IV: Complete,2024-09,4683,2506.27
12210,Grand Theft Auto IV: Complete,2024-08,4205,2356.16
12210,Grand Theft Auto IV: Complete,2024-07,4839,2843.54
12210,Grand Theft Auto IV: Complete,2024-06,3551,1991.72
12210,Grand Theft Auto IV: Complete,2024-05,3932,2084.92
12210,Grand Theft Auto IV: Complete,2024-04,4714,2340.58
12210,Grand Theft Auto IV: Complete,2024-03,4238,2237.16
12210,Grand Theft Auto IV: Complete,2024-02,6556,3054.65
12210,Grand Theft Auto IV: Complete,2024-01,6219,3034.24
12210,Grand Theft Auto IV: Complete,2023-12,6337,3567.68
12210,Grand Theft Auto IV: Complete,2023-11,5894,2788.98
12210,Grand Theft Auto IV: Complete,2023-10,5321,2503.45
12210,Grand Theft Auto IV: Complete,2023-09,4342,2073.97
12210,Grand Theft Auto IV: Complete,2023-08,5339,2774.38
12210,Grand Theft Auto IV: Complete,2023-07,3921,2385.03
12210,Grand Theft Auto IV: Complete,2023-06,4274,2369.39
12210,Grand Theft Auto IV: Complete,2023-05,4550,2144.62
12210,Grand Theft Auto IV: Complete,2023-04,3859,1773.4
12210,Grand Theft Auto IV: Complete,2023-03,3654,1960.95
12210,Grand Theft Auto IV: Complete,2023-02,4091,2063.38
12210,Grand Theft Auto IV: Complete,2023-01,5528,2501.39
12210,Grand Theft Auto IV: Complete,2022-12,3002,1939.76
12210,Grand Theft Auto IV: Complete,2022-11,2670,1360.38
12210,Grand Theft Auto IV: Complete,2022-10,2841,1574.97
12210,Grand Theft Auto IV: Complete,2022-09,3896,2071.92
12210,Grand Theft Auto IV: Complete,2022-08,3862,2014.43
12210,Grand Theft Auto IV: Complete,2022-07,4305,2361.89
12210,Grand Theft Auto IV: Complete,2022-06,3365,1763.91
12210,Grand Theft Auto IV: Complete,2022-05,3414,1722.63
12210,Grand Theft Auto IV: Complete,2022-04,2590,1378.58
12210,Grand Theft Auto IV: Complete,2022-03,3560,1904.84
12210,Grand Theft Auto IV: Complete,2022-02,3332,1708.25
12210,Grand Theft Auto IV: Complete,2022-01,3197,1751.2
12210,Grand Theft Auto IV: Complete,2021-12,3755,2326.99
12210,Grand Theft Auto IV: Complete,2021-11,3987,1867.02
12210,Grand Theft Auto IV: Complete,2021-10,3343,1303.74
12210,Grand Theft Auto IV: Complete,2021-09,2394,1368.78
12210,Grand Theft Auto IV: Complete,2021-08,3669,2176.61
12210,Grand Theft Auto IV: Complete,2021-07,2970,1758.17
12210,Grand Theft Auto IV: Complete,2021-06,2605,1504.15
12210,Grand Theft Auto IV: Complete,2021-05,3038,1489.91
12210,Grand Theft Auto IV: Complete,2021-04,3888,1854.06
12210,Grand Theft Auto IV: Complete,2021-03,4932,2098.73
12210,Grand Theft Auto IV: Complete,2021-02,3130,1696.31
12210,Grand Theft Auto IV: Complete,2021-01,4034,2017.89
12210,Grand Theft Auto IV: Complete,2020-12,3674,1637.57
12210,Grand Theft Auto IV: Complete,2020-11,2787,1092.48
12210,Grand Theft Auto IV: Complete,2020-10,1592,970.45
12210,Grand Theft Auto IV: Complete,2020-09,1646,985.61
12210,Grand Theft Auto IV: Complete,2020-08,1912,1131.89
12210,Grand Theft Auto IV: Complete,2020-07,2860,1585.53
12210,Grand Theft Auto IV: Complete,2020-06,2707,1223.29
12210,Grand Theft Auto IV: Complete,2020-05,2892,1490.76
12210,Grand Theft Auto IV: Complete,2020-04,4035,2176.46
12210,Grand Theft Auto IV: Complete,2020-03,4696,1425.78
12210,Grand Theft Auto IV: Complete,2020-02,1225,638.65
12210,Grand Theft Auto IV: Complete,2020-01,1386,776.95
12210,Grand Theft Auto IV: Complete,2019-12,1142,636.24
12210,Grand Theft Auto IV: Complete,2019-11,1126,598.8
12210,Grand Theft Auto IV: Complete,2019-10,1248,628.04
12210,Grand Theft Auto IV: Complete,2019-09,1272,632.28
12210,Grand Theft Auto IV: Complete,2019-08,1224,703.83
12210,Grand Theft Auto IV: Complete,2019-07,1224,728.01
12210,Grand Theft Auto IV: Complete,2019-06,1200,706.38
12210,Grand Theft Auto IV: Complete,2019-05,1280,680.64
12210,Grand Theft Auto IV: Complete,2019-04,1198,636.33
12210,Grand Theft Auto IV: Complete,2019-03,1307,696.51
12210,Grand Theft Auto IV: Complete,2019-02,1702,783.99
12210,Grand Theft Auto IV: Complete,2019-01,1613,837.04
12210,Grand Theft Auto IV: Complete,2018-12,1733,781.23
12210,Grand Theft Auto IV: Complete,2018-11,1489,654.7
12210,Grand Theft Auto IV: Complete,2018-10,1254,636.75
12210,Grand Theft Auto IV: Complete,2018-09,2143,980.57
12210,Grand Theft Auto IV: Complete,2018-08,1268,728.72
12210,Grand Theft Auto IV: Complete,2018-07,1531,894.15
12210,Grand Theft Auto IV: Complete,2018-06,1499,748.7
12210,Grand Theft Auto IV: Complete,2018-05,1410,734.21
12210,Grand Theft Auto IV: Complete,2018-04,1291,679.16
12210,Grand Theft Auto IV: Complete,2018-03,1532,784.21
12210,Grand Theft Auto IV: Complete,2018-02,1893,972.77
12210,Grand Theft Auto IV: Complete,2018-01,2186,1069.96
12210,Grand Theft Auto IV: Complete,2017-12,2007,897.99
12210,Grand Theft Auto IV: Complete,2017-11,1709,697.45
12210,Grand Theft Auto IV: Complete,2017-10,1290,658.99
12210,Grand Theft Auto IV: Complete,2017-09,1371,721.83
12210,Grand Theft Auto IV: Complete,2017-08,1399,853.12
12210,Grand Theft Auto IV: Complete,2017-07,2098,1041.82
12210,Grand Theft Auto IV: Complete,2017-06,1786,870.43
12210,Grand Theft Auto IV: Complete,2017-05,1193,667.59
12210,Grand Theft Auto IV: Complete,2017-04,1295,720.67
12210,Grand Theft Auto IV: Complete,2017-03,1486,750.67
12210,Grand Theft Auto IV: Complete,2017-02,1615,876.42
12210,Grand Theft Auto IV: Complete,2017-01,2060,1018.83
12210,Grand Theft Auto IV: Complete,2016-12,1982,946.31
12210,Grand Theft Auto IV: Complete,2016-11,1409,636.26
12210,Grand Theft Auto IV: Complete,2016-10,1600,731.81
12210,Grand Theft Auto IV: Complete,2016-09,1829,741.73
12210,Grand Theft Auto IV: Complete,2016-08,1364,817.89
12210,Grand Theft Auto IV: Complete,2016-07,2431,1065.69
12210,Grand Theft Auto IV: Complete,2016-06,1831,811.73
12210,Grand Theft Auto IV: Complete,2016-05,1180,623.43
12210,Grand Theft Auto IV: Complete,2016-04,1242,654.39
12210,Grand Theft Auto IV: Complete,2016-03,1389,731.13
12210,Grand Theft Auto IV: Complete,2016-02,2039,930.01
12210,Grand Theft Auto IV: Complete,2016-01,2185,1018.23
12210,Grand Theft Auto IV: Complete,2015-12,1964,1021.09
12210,Grand Theft Auto IV: Complete,2015-11,2675,1044.64
12210,Grand Theft Auto IV: Complete,2015-10,2368,768.23
12210,Grand Theft Auto IV: Complete,2015-09,1336,703.17
12210,Grand Theft Auto IV: Complete,2015-08,1398,862.59
12210,Grand Theft Auto IV: Complete,2015-07,1700,1019.49
12210,Grand Theft Auto IV: Complete,2015-06,3050,1345.84
12210,Grand Theft Auto IV: Complete,2015-05,2494,1170.45
12210,Grand Theft Auto IV: Complete,2015-04,4490,1985.05
12210,Grand Theft Auto IV: Complete,2015-03,3196,1576.31
12210,Grand Theft Auto IV: Complete,2015-02,3527,1797.23
12210,Grand Theft Auto IV: Complete,2015-01,5105,2360.39
12210,Grand Theft Auto IV: Complete,2014-12,6093,2558.68
12210,Grand Theft Auto IV: Complete,2014-11,3680,1379.54
12210,Grand Theft Auto IV: Complete,2014-10,2392,1210.54
12210,Grand Theft Auto IV: Complete,2014-09,2666,1370.07
12210,Grand Theft Auto IV: Complete,2014-08,2720,1657.86
12210,Grand Theft Auto IV: Complete,2014-07,5444,2190.19
12210,Grand Theft Auto IV: Complete,2014-06,6580,2587.38
12210,Grand Theft Auto IV: Complete,2014-05,2561,1375.36
12210,Grand Theft Auto IV: Complete,2014-04,3278,1598.29
12210,Grand Theft Auto IV: Complete,2014-03,7403,2332.77
12210,Grand Theft Auto IV: Complete,2014-02,2856,1396.38
12210,Grand Theft Auto IV: Complete,2014-01,6417,2305.19
12210,Grand Theft Auto IV: Complete,2013-12,4949,1737.74
12210,Grand Theft Auto IV: Complete,2013-11,3653,1680.55
12210,Grand Theft Auto IV: Complete,2013-10,5097,2235.64
12210,Grand Theft Auto IV: Complete,2013-09,7818,3041.17
12210,Grand Theft Auto IV: Complete,2013-08,5572,3034.43
12210,Grand Theft Auto IV: Complete,2013-07,11696,4401.87
12210,Grand Theft Auto IV: Complete,2013-06,3776,1989.71
12210,Grand Theft Auto IV: Complete,2013-05,7812,2797.39
12210,Grand Theft Auto IV: Complete,2013-04,8962,2773.07
12210,Grand Theft Auto IV: Complete,2013-03,8275,1370.24
12210,Grand Theft Auto IV: Complete,2013-02,2477,1277.59
12210,Grand Theft Auto IV: Complete,2013-01,5646,2041.82
12210,Grand Theft Auto IV: Complete,2012-12,4781,1504.0
12210,Grand Theft Auto IV: Complete,2012-11,4623,1909.07
12210,Grand Theft Auto IV: Complete,2012-10,1414,801.05
12210,Grand Theft Auto IV: Complete,2012-09,1854,917.61
12210,Grand Theft Auto IV: Complete,2012-08,2489,1380.27
12210,Grand Theft Auto IV: Complete,2012-07,6904,2936.72
518790,theHunter: Call of the Wild,2026-04,10356,4778.1
518790,theHunter: Call of the Wild,2026-03,8771,4218.11
518790,theHunter: Call of the Wild,2026-02,10007,5130.58
518790,theHunter: Call of the Wild,2026-01,15747,6984.79
518790,theHunter: Call of the Wild,2025-12,16480,8398.85
518790,theHunter: Call of the Wild,2025-11,11275,5441.96
518790,theHunter: Call of the Wild,2025-10,11363,4911.51
518790,theHunter: Call of the Wild,2025-09,7955,3580.62
518790,theHunter: Call of the Wild,2025-08,5358,3091.26
518790,theHunter: Call of the Wild,2025-07,9032,4305.44
518790,theHunter: Call of the Wild,2025-06,12944,4773.22
518790,theHunter: Call of the Wild,2025-05,5305,2706.85
518790,theHunter: Call of the Wild,2025-04,6547,3131.15
518790,theHunter: Call of the Wild,2025-03,7443,3656.46
518790,theHunter: Call of the Wild,2025-02,7902,4276.82
518790,theHunter: Call of the Wild,2025-01,11642,5734.08
518790,theHunter: Call of the Wild,2024-12,24953,10131.02
518790,theHunter: Call of the Wild,2024-11,20601,4617.08
518790,theHunter: Call of the Wild,2024-10,5951,3154.38
518790,theHunter: Call of the Wild,2024-09,7459,3157.56
518790,theHunter: Call of the Wild,2024-08,6323,3206.12
518790,theHunter: Call of the Wild,2024-07,15940,5952.09
518790,theHunter: Call of the Wild,2024-06,20490,6183.82
518790,theHunter: Call of the Wild,2024-05,5080,2661.15
518790,theHunter: Call of the Wild,2024-04,7518,3259.0
518790,theHunter: Call of the Wild,2024-03,9081,3946.58
518790,theHunter: Call of the Wild,2024-02,9353,4090.24
518790,theHunter: Call of the Wild,2024-01,14066,6066.04
518790,theHunter: Call of the Wild,2023-12,20227,8221.88
518790,theHunter: Call of the Wild,2023-11,14621,5293.22
518790,theHunter: Call of the Wild,2023-10,10019,3750.03
518790,theHunter: Call of the Wild,2023-09,5360,2821.59
518790,theHunter: Call of the Wild,2023-08,6723,3520.5
518790,theHunter: Call of the Wild,2023-07,18105,7010.54
518790,theHunter: Call of the Wild,2023-06,21219,5990.29
518790,theHunter: Call of the Wild,2023-05,7029,3258.69
518790,theHunter: Call of the Wild,2023-04,6524,3347.4
518790,theHunter: Call of the Wild,2023-03,8405,3854.05
518790,theHunter: Call of the Wild,2023-02,7965,4173.39
518790,theHunter: Call of the Wild,2023-01,11683,5686.69
518790,theHunter: Call of the Wild,2022-12,16444,7888.82
518790,theHunter: Call of the Wild,2022-11,10793,4241.31
518790,theHunter: Call of the Wild,2022-10,9469,3847.98
518790,theHunter: Call of the Wild,2022-09,12922,4168.38
518790,theHunter: Call of the Wild,2022-08,5595,3206.69
518790,theHunter: Call of the Wild,2022-07,11269,5045.19
518790,theHunter: Call of the Wild,2022-06,10756,4173.12
518790,theHunter: Call of the Wild,2022-05,6239,3224.72
518790,theHunter: Call of the Wild,2022-04,11589,4657.75
518790,theHunter: Call of the Wild,2022-03,9119,4567.05
518790,theHunter: Call of the Wild,2022-02,11890,6707.73
518790,theHunter: Call of the Wild,2022-01,15281,7162.88
518790,theHunter: Call of the Wild,2021-12,23480,9916.44
518790,theHunter: Call of the Wild,2021-11,21296,5472.7
518790,theHunter: Call of the Wild,2021-10,9059,2953.93
518790,theHunter: Call of the Wild,2021-09,4359,2408.26
518790,theHunter: Call of the Wild,2021-08,4751,2763.14
518790,theHunter: Call of the Wild,2021-07,13079,5013.84
518790,theHunter: Call of the Wild,2021-06,15953,5446.91
518790,theHunter: Call of the Wild,2021-05,7115,2654.11
518790,theHunter: Call of the Wild,2021-04,7700,3465.1
518790,theHunter: Call of the Wild,2021-03,11253,4105.5
518790,theHunter: Call of the Wild,2021-02,7127,3741.87
518790,theHunter: Call of the Wild,2021-01,11523,5395.05
518790,theHunter: Call of the Wild,2020-12,10157,5443.52
518790,theHunter: Call of the Wild,2020-11,13919,5131.64
518790,theHunter: Call of the Wild,2020-10,5272,2312.97
518790,theHunter: Call of the Wild,2020-09,3815,2185.76
518790,theHunter: Call of the Wild,2020-08,4803,2584.04
518790,theHunter: Call of the Wild,2020-07,14016,5494.76
518790,theHunter: Call of the Wild,2020-06,17809,5325.34
518790,theHunter: Call of the Wild,2020-05,4713,2516.54
518790,theHunter: Call of the Wild,2020-04,9579,3720.38
518790,theHunter: Call of the Wild,2020-03,17965,3788.78
518790,theHunter: Call of the Wild,2020-02,4095,2150.03
518790,theHunter: Call of the Wild,2020-01,4708,2350.33
518790,theHunter: Call of the Wild,2019-12,5633,2665.5
518790,theHunter: Call of the Wild,2019-11,3703,1777.87
518790,theHunter: Call of the Wild,2019-10,5856,1813.4
518790,theHunter: Call of the Wild,2019-09,2817,1398.58
518790,theHunter: Call of the Wild,2019-08,2951,1613.79
518790,theHunter: Call of the Wild,2019-07,5498,2350.32
518790,theHunter: Call of the Wild,2019-06,5288,1929.97
518790,theHunter: Call of the Wild,2019-05,2789,1383.46
518790,theHunter: Call of the Wild,2019-04,4214,1667.29
518790,theHunter: Call of the Wild,2019-03,2955,1345.68
518790,theHunter: Call of the Wild,2019-02,3590,1580.04
518790,theHunter: Call of the Wild,2019-01,3085,1464.01
518790,theHunter: Call of the Wild,2018-12,3001,1464.77
518790,theHunter: Call of the Wild,2018-11,2873,1127.33
518790,theHunter: Call of the Wild,2018-10,2351,1171.68
518790,theHunter: Call of the Wild,2018-09,3028,1313.67
518790,theHunter: Call of the Wild,2018-08,3238,1239.49
518790,theHunter: Call of the Wild,2018-07,1872,988.3
518790,theHunter: Call of the Wild,2018-06,2005,1036.61
518790,theHunter: Call of the Wild,2018-05,3112,1065.42
518790,theHunter: Call of the Wild,2018-04,4463,1392.75
518790,theHunter: Call of the Wild,2018-03,2423,1137.98
518790,theHunter: Call of the Wild,2018-02,2705,1362.8
518790,theHunter: Call of the Wild,2018-01,4122,1918.22
518790,theHunter: Call of the Wild,2017-12,4344,2133.38
518790,theHunter: Call of the Wild,2017-11,5483,1825.37
518790,theHunter: Call of the Wild,2017-10,5071,1999.26
518790,theHunter: Call of the Wild,2017-09,2122,997.51
518790,theHunter: Call of the Wild,2017-08,3793,1186.41
518790,theHunter: Call of the Wild,2017-07,4137,1314.37
518790,theHunter: Call of the Wild,2017-06,3357,814.83
518790,theHunter: Call of the Wild,2017-05,1548,571.59
518790,theHunter: Call of the Wild,2017-04,1745,904.99
518790,theHunter: Call of the Wild,2017-03,4267,1494.72
518790,theHunter: Call of the Wild,2017-02,4681,987.71
518790,theHunter: Call of the Wild,2017-01,19,3.73
518790,theHunter: Call of the Wild,2016-12,203,15.6
534380,Dying Light 2 Stay Human,2026-04,8817,3743.11
534380,Dying Light 2 Stay Human,2026-03,6958,2963.8
534380,Dying Light 2 Stay Human,2026-02,7016,3310.82
534380,Dying Light 2 Stay Human,2026-01,7425,3365.68
534380,Dying Light 2 Stay Human,2025-12,7370,3380.6
534380,Dying Light 2 Stay Human,2025-11,10311,4148.38
534380,Dying Light 2 Stay Human,2025-10,14850,5940.08
534380,Dying Light 2 Stay Human,2025-09,12664,5346.53
534380,Dying Light 2 Stay Human,2025-08,9152,4394.69
534380,Dying Light 2 Stay Human,2025-07,9551,4744.86
534380,Dying Light 2 Stay Human,2025-06,14153,6639.53
534380,Dying Light 2 Stay Human,2025-05,8434,3954.95
534380,Dying Light 2 Stay Human,2025-04,10139,4827.59
534380,Dying Light 2 Stay Human,2025-03,13144,5770.1
534380,Dying Light 2 Stay Human,2025-02,24230,10265.24
534380,Dying Light 2 Stay Human,2025-01,10434,4586.77
534380,Dying Light 2 Stay Human,2024-12,9229,4791.76
534380,Dying Light 2 Stay Human,2024-11,9948,4453.94
534380,Dying Light 2 Stay Human,2024-10,7654,3208.69
534380,Dying Light 2 Stay Human,2024-09,10720,4202.44
534380,Dying Light 2 Stay Human,2024-08,10039,4147.58
534380,Dying Light 2 Stay Human,2024-07,10089,4926.28
534380,Dying Light 2 Stay Human,2024-06,10506,3214.93
534380,Dying Light 2 Stay Human,2024-05,7627,3791.48
534380,Dying Light 2 Stay Human,2024-04,8799,4247.35
534380,Dying Light 2 Stay Human,2024-03,25689,8749.73
534380,Dying Light 2 Stay Human,2024-02,44732,7716.25
534380,Dying Light 2 Stay Human,2024-01,8235,4040.2
534380,Dying Light 2 Stay Human,2023-12,9081,4322.43
534380,Dying Light 2 Stay Human,2023-11,9200,4308.95
534380,Dying Light 2 Stay Human,2023-10,6134,2993.6
534380,Dying Light 2 Stay Human,2023-09,6558,3206.82
534380,Dying Light 2 Stay Human,2023-08,8079,3578.78
534380,Dying Light 2 Stay Human,2023-07,10169,5892.98
534380,Dying Light 2 Stay Human,2023-06,7718,3767.09
534380,Dying Light 2 Stay Human,2023-05,15412,5218.43
534380,Dying Light 2 Stay Human,2023-04,17250,5785.67
534380,Dying Light 2 Stay Human,2023-03,9641,4527.22
534380,Dying Light 2 Stay Human,2023-02,22566,9450.17
534380,Dying Light 2 Stay Human,2023-01,10713,5188.75
534380,Dying Light 2 Stay Human,2022-12,10472,5258.08
534380,Dying Light 2 Stay Human,2022-11,12684,5174.85
534380,Dying Light 2 Stay Human,2022-10,5600,2921.35
534380,Dying Light 2 Stay Human,2022-09,10091,4503.33
534380,Dying Light 2 Stay Human,2022-08,9291,3854.24
534380,Dying Light 2 Stay Human,2022-07,10459,5384.72
534380,Dying Light 2 Stay Human,2022-06,10357,4409.28
534380,Dying Light 2 Stay Human,2022-05,12857,5735.37
534380,Dying Light 2 Stay Human,2022-04,11901,5382.44
534380,Dying Light 2 Stay Human,2022-03,30261,12738.76
534380,Dying Light 2 Stay Human,2022-02,274983,91226.88
588650,Dead Cells,2026-04,4038,2034.57
588650,Dead Cells,2026-03,5963,2509.51
588650,Dead Cells,2026-02,3896,1926.4
588650,Dead Cells,2026-01,4533,2325.32
588650,Dead Cells,2025-12,5391,2458.78
588650,Dead Cells,2025-11,3981,1925.1
588650,Dead Cells,2025-10,3862,2011.57
588650,Dead Cells,2025-09,5092,2304.91
588650,Dead Cells,2025-08,4202,2182.6
588650,Dead Cells,2025-07,6302,2958.45
588650,Dead Cells,2025-06,4738,2328.18
588650,Dead Cells,2025-05,5948,2681.83
588650,Dead Cells,2025-04,4522,2281.8
588650,Dead Cells,2025-03,5912,2776.49
588650,Dead Cells,2025-02,5161,2552.3
588650,Dead Cells,2025-01,5179,2856.03
588650,Dead Cells,2024-12,5740,3186.98
588650,Dead Cells,2024-11,5254,2085.8
588650,Dead Cells,2024-10,6881,2907.22
588650,Dead Cells,2024-09,5865,2689.5
588650,Dead Cells,2024-08,5914,2618.47
588650,Dead Cells,2024-07,4716,2585.42
588650,Dead Cells,2024-06,5017,2451.08
588650,Dead Cells,2024-05,5900,2421.0
588650,Dead Cells,2024-04,5741,2592.89
588650,Dead Cells,2024-03,7813,3545.15
588650,Dead Cells,2024-02,3891,2208.78
588650,Dead Cells,2024-01,5551,2904.1
588650,Dead Cells,2023-12,6001,2935.04
588650,Dead Cells,2023-11,4910,2184.91
588650,Dead Cells,2023-10,5417,2397.92
588650,Dead Cells,2023-09,4002,2089.33
588650,Dead Cells,2023-08,4589,2438.45
588650,Dead Cells,2023-07,5799,3231.23
588650,Dead Cells,2023-06,4674,2393.32
588650,Dead Cells,2023-05,5765,2932.72
588650,Dead Cells,2023-04,8426,3738.53
588650,Dead Cells,2023-03,14880,6234.81
588650,Dead Cells,2023-02,4928,2793.0
588650,Dead Cells,2023-01,6094,3845.28
588650,Dead Cells,2022-12,6505,3494.23
588650,Dead Cells,2022-11,8619,3544.7
588650,Dead Cells,2022-10,3609,1926.07
588650,Dead Cells,2022-09,3713,1985.51
588650,Dead Cells,2022-08,5134,2914.15
588650,Dead Cells,2022-07,5132,2892.35
588650,Dead Cells,2022-06,5146,2344.93
588650,Dead Cells,2022-05,6609,2934.25
588650,Dead Cells,2022-04,6441,2902.78
588650,Dead Cells,2022-03,5492,2608.64
588650,Dead Cells,2022-02,7525,4012.7
588650,Dead Cells,2022-01,13556,7020.91
588650,Dead Cells,2021-12,7553,3594.75
588650,Dead Cells,2021-11,8530,2518.47
588650,Dead Cells,2021-10,4579,1871.59
588650,Dead Cells,2021-09,5483,2166.56
588650,Dead Cells,2021-08,3680,2292.1
588650,Dead Cells,2021-07,6287,3003.26
588650,Dead Cells,2021-06,5852,2357.77
588650,Dead Cells,2021-05,4588,1967.88
588650,Dead Cells,2021-04,6771,2710.38
588650,Dead Cells,2021-03,7289,2939.53
588650,Dead Cells,2021-02,13651,6181.57
588650,Dead Cells,2021-01,10451,2890.31
588650,Dead Cells,2020-12,4107,1677.44
588650,Dead Cells,2020-11,2474,1219.87
588650,Dead Cells,2020-10,2095,1176.17
588650,Dead Cells,2020-09,3307,1660.31
588650,Dead Cells,2020-08,5413,2714.86
588650,Dead Cells,2020-07,5316,2697.15
588650,Dead Cells,2020-06,4428,1671.24
588650,Dead Cells,2020-05,3262,1712.3
588650,Dead Cells,2020-04,5322,2008.09
588650,Dead Cells,2020-03,5054,2356.58
588650,Dead Cells,2020-02,9717,3782.47
588650,Dead Cells,2020-01,3313,1817.83
588650,Dead Cells,2019-12,3780,1803.91
588650,Dead Cells,2019-11,3125,1469.78
588650,Dead Cells,2019-10,2029,1088.27
588650,Dead Cells,2019-09,2685,1409.44
588650,Dead Cells,2019-08,5121,2038.55
588650,Dead Cells,2019-07,3363,1763.95
588650,Dead Cells,2019-06,3274,1437.78
588650,Dead Cells,2019-05,3133,1535.51
588650,Dead Cells,2019-04,5155,2105.09
588650,Dead Cells,2019-03,6323,1658.13
588650,Dead Cells,2019-02,2293,1315.51
588650,Dead Cells,2019-01,4153,1896.96
588650,Dead Cells,2018-12,4381,1797.62
588650,Dead Cells,2018-11,2136,1150.05
588650,Dead Cells,2018-10,3746,1548.68
588650,Dead Cells,2018-09,4601,2132.17
588650,Dead Cells,2018-08,10344,4437.74
588650,Dead Cells,2018-07,3625,1735.69
588650,Dead Cells,2018-06,4192,1768.17
588650,Dead Cells,2018-05,2200,1152.05
588650,Dead Cells,2018-04,1787,1090.05
588650,Dead Cells,2018-03,3516,1448.29
588650,Dead Cells,2018-02,1548,941.41
588650,Dead Cells,2018-01,3602,1803.03
588650,Dead Cells,2017-12,4004,1377.79
588650,Dead Cells,2017-11,2639,1013.96
588650,Dead Cells,2017-10,847,446.91
588650,Dead Cells,2017-09,1670,812.7
588650,Dead Cells,2017-08,1535,970.85
588650,Dead Cells,2017-07,4243,2080.37
588650,Dead Cells,2017-06,4463,2523.67
588650,Dead Cells,2017-05,6712,2561.01
588650,Dead Cells,2017-04,15,2.96
588650,Dead Cells,2017-03,6,0.21
588650,Dead Cells,2017-02,2,0.06
1229490,ULTRAKILL,2026-04,8332,4726.65
1229490,ULTRAKILL,2026-03,19304,7713.31
1229490,ULTRAKILL,2026-02,69799,5045.68
1229490,ULTRAKILL,2026-01,4404,2508.66
1229490,ULTRAKILL,2025-12,4412,2217.63
1229490,ULTRAKILL,2025-11,3495,1851.72
1229490,ULTRAKILL,2025-10,3571,1833.15
1229490,ULTRAKILL,2025-09,3513,1771.72
1229490,ULTRAKILL,2025-08,3549,2229.31
1229490,ULTRAKILL,2025-07,4283,2583.5
1229490,ULTRAKILL,2025-06,5600,3113.74
1229490,ULTRAKILL,2025-05,5051,2861.3
1229490,ULTRAKILL,2025-04,4741,2577.83
1229490,ULTRAKILL,2025-03,12575,4587.91
1229490,ULTRAKILL,2025-02,22928,3592.35
1229490,ULTRAKILL,2025-01,4028,2336.08
1229490,ULTRAKILL,2024-12,4492,2203.99
1229490,ULTRAKILL,2024-11,3513,1751.0
1229490,ULTRAKILL,2024-10,3349,1751.6
1229490,ULTRAKILL,2024-09,3894,1886.73
1229490,ULTRAKILL,2024-08,2754,1654.39
1229490,ULTRAKILL,2024-07,2872,1805.53
1229490,ULTRAKILL,2024-06,3003,1828.09
1229490,ULTRAKILL,2024-05,5068,2474.13
1229490,ULTRAKILL,2024-04,19550,3476.13
1229490,ULTRAKILL,2024-03,3892,2125.0
1229490,ULTRAKILL,2024-02,4325,2167.22
1229490,ULTRAKILL,2024-01,5406,2846.63
1229490,ULTRAKILL,2023-12,27835,2844.11
1229490,ULTRAKILL,2023-11,2219,1222.92
1229490,ULTRAKILL,2023-10,2629,1289.47
1229490,ULTRAKILL,2023-09,2754,1253.33
1229490,ULTRAKILL,2023-08,2111,1365.51
1229490,ULTRAKILL,2023-07,2785,1793.7
1229490,ULTRAKILL,2023-06,2565,1462.88
1229490,ULTRAKILL,2023-05,2872,1512.79
1229490,ULTRAKILL,2023-04,4891,1575.04
1229490,ULTRAKILL,2023-03,15147,1709.96
1229490,ULTRAKILL,2023-02,1600,819.34
1229490,ULTRAKILL,2023-01,2701,1299.58
1229490,ULTRAKILL,2022-12,2680,1010.02
1229490,ULTRAKILL,2022-11,1640,811.35
1229490,ULTRAKILL,2022-10,2164,1064.06
1229490,ULTRAKILL,2022-09,2694,1284.12
1229490,ULTRAKILL,2022-08,16093,1549.96
1229490,ULTRAKILL,2022-07,1062,581.77
1229490,ULTRAKILL,2022-06,972,381.87
1229490,ULTRAKILL,2022-05,451,237.11
1229490,ULTRAKILL,2022-04,470,236.23
1229490,ULTRAKILL,2022-03,427,227.1
1229490,ULTRAKILL,2022-02,1845,341.57
1229490,ULTRAKILL,2022-01,636,298.22
1229490,ULTRAKILL,2021-12,723,275.13
1229490,ULTRAKILL,2021-11,604,261.76
1229490,ULTRAKILL,2021-10,1045,276.7
1229490,ULTRAKILL,2021-09,599,294.89
1229490,ULTRAKILL,2021-08,1074,382.88
1229490,ULTRAKILL,2021-07,621,337.67
1229490,ULTRAKILL,2021-06,2039,245.85
1229490,ULTRAKILL,2021-05,212,108.92
1229490,ULTRAKILL,2021-04,985,176.69
1229490,ULTRAKILL,2021-03,163,89.23
1229490,ULTRAKILL,2021-02,240,98.79
1229490,ULTRAKILL,2021-01,263,115.12
1229490,ULTRAKILL,2020-12,403,123.06
1229490,ULTRAKILL,2020-11,135,65.45
1229490,ULTRAKILL,2020-10,137,68.81
1229490,ULTRAKILL,2020-09,712,194.6
311210,Call of Duty: Black Ops III,2026-04,8150,4464.63
311210,Call of Duty: Black Ops III,2026-03,7919,4102.89
311210,Call of Duty: Black Ops III,2026-02,9352,4248.04
311210,Call of Duty: Black Ops III,2026-01,8567,4227.23
311210,Call of Duty: Black Ops III,2025-12,10089,4593.6
311210,Call of Duty: Black Ops III,2025-11,10280,4584.34
311210,Call of Duty: Black Ops III,2025-10,7552,3952.01
311210,Call of Duty: Black Ops III,2025-09,6684,3373.76
311210,Call of Duty: Black Ops III,2025-08,7424,4297.49
311210,Call of Duty: Black Ops III,2025-07,7182,3978.4
311210,Call of Duty: Black Ops III,2025-06,7037,3674.65
311210,Call of Duty: Black Ops III,2025-05,6196,3022.35
311210,Call of Duty: Black Ops III,2025-04,6401,3023.82
311210,Call of Duty: Black Ops III,2025-03,6807,3395.2
311210,Call of Duty: Black Ops III,2025-02,6894,3258.68
311210,Call of Duty: Black Ops III,2025-01,6522,3024.87
311210,Call of Duty: Black Ops III,2024-12,6658,2931.74
311210,Call of Duty: Black Ops III,2024-11,5631,3039.13
311210,Call of Duty: Black Ops III,2024-10,7851,4041.23
311210,Call of Duty: Black Ops III,2024-09,11319,5802.94
311210,Call of Duty: Black Ops III,2024-08,13704,6329.97
311210,Call of Duty: Black Ops III,2024-07,11315,5863.08
311210,Call of Duty: Black Ops III,2024-06,13027,6780.35
311210,Call of Duty: Black Ops III,2024-05,11260,5435.61
311210,Call of Duty: Black Ops III,2024-04,12533,4889.64
311210,Call of Duty: Black Ops III,2024-03,9707,4779.28
311210,Call of Duty: Black Ops III,2024-02,8763,4170.02
311210,Call of Duty: Black Ops III,2024-01,7714,3893.48
311210,Call of Duty: Black Ops III,2023-12,7387,3429.65
311210,Call of Duty: Black Ops III,2023-11,8072,3810.1
311210,Call of Duty: Black Ops III,2023-10,9018,4415.29
311210,Call of Duty: Black Ops III,2023-09,11218,5336.88
311210,Call of Duty: Black Ops III,2023-08,11864,6030.22
311210,Call of Duty: Black Ops III,2023-07,12159,7099.58
311210,Call of Duty: Black Ops III,2023-06,12178,5992.45
311210,Call of Duty: Black Ops III,2023-05,14112,6973.78
311210,Call of Duty: Black Ops III,2023-04,13783,6195.21
311210,Call of Duty: Black Ops III,2023-03,15602,6174.95
311210,Call of Duty: Black Ops III,2023-02,12875,5720.02
311210,Call of Duty: Black Ops III,2023-01,10861,5297.27
311210,Call of Duty: Black Ops III,2022-12,8864,4026.92
311210,Call of Duty: Black Ops III,2022-11,8272,2849.93
311210,Call of Duty: Black Ops III,2022-10,6017,2845.84
311210,Call of Duty: Black Ops III,2022-09,12099,4732.46
311210,Call of Duty: Black Ops III,2022-08,11007,4618.87
311210,Call of Duty: Black Ops III,2022-07,12386,7026.4
311210,Call of Duty: Black Ops III,2022-06,11537,4585.77
311210,Call of Duty: Black Ops III,2022-05,9068,4344.7
311210,Call of Duty: Black Ops III,2022-04,14668,6435.07
311210,Call of Duty: Black Ops III,2022-03,4984,2670.81
311210,Call of Duty: Black Ops III,2022-02,8281,3686.04
311210,Call of Duty: Black Ops III,2022-01,12012,5083.96
311210,Call of Duty: Black Ops III,2021-12,12114,3639.21
311210,Call of Duty: Black Ops III,2021-11,5611,2377.93
311210,Call of Duty: Black Ops III,2021-10,4731,2311.89
311210,Call of Duty: Black Ops III,2021-09,6045,2601.98
311210,Call of Duty: Black Ops III,2021-08,7730,3495.54
311210,Call of Duty: Black Ops III,2021-07,3870,1998.45
311210,Call of Duty: Black Ops III,2021-06,3519,2054.22
311210,Call of Duty: Black Ops III,2021-05,6398,2982.4
311210,Call of Duty: Black Ops III,2021-04,3212,1822.85
311210,Call of Duty: Black Ops III,2021-03,3085,1758.0
311210,Call of Duty: Black Ops III,2021-02,4882,2169.51
311210,Call of Duty: Black Ops III,2021-01,3695,2002.62
311210,Call of Duty: Black Ops III,2020-12,3824,2033.06
311210,Call of Duty: Black Ops III,2020-11,6583,2974.68
311210,Call of Duty: Black Ops III,2020-10,6288,3415.09
311210,Call of Duty: Black Ops III,2020-09,5033,2823.1
311210,Call of Duty: Black Ops III,2020-08,4554,2756.57
311210,Call of Duty: Black Ops III,2020-07,5394,3275.54
311210,Call of Duty: Black Ops III,2020-06,6321,3623.99
311210,Call of Duty: Black Ops III,2020-05,8870,4798.33
311210,Call of Duty: Black Ops III,2020-04,5445,3212.01
311210,Call of Duty: Black Ops III,2020-03,4763,2353.41
311210,Call of Duty: Black Ops III,2020-02,3842,1885.37
311210,Call of Duty: Black Ops III,2020-01,3885,1909.37
311210,Call of Duty: Black Ops III,2019-12,3985,1722.21
311210,Call of Duty: Black Ops III,2019-11,3384,1572.95
311210,Call of Duty: Black Ops III,2019-10,3225,1570.77
311210,Call of Duty: Black Ops III,2019-09,2829,1371.98
311210,Call of Duty: Black Ops III,2019-08,3086,1746.79
311210,Call of Duty: Black Ops III,2019-07,3579,2155.57
311210,Call of Duty: Black Ops III,2019-06,3529,1850.58
311210,Call of Duty: Black Ops III,2019-05,3034,1514.04
311210,Call of Duty: Black Ops III,2019-04,3020,1460.21
311210,Call of Duty: Black Ops III,2019-03,2443,1194.39
311210,Call of Duty: Black Ops III,2019-02,2125,1051.97
311210,Call of Duty: Black Ops III,2019-01,2333,1185.95
311210,Call of Duty: Black Ops III,2018-12,2404,1175.17
311210,Call of Duty: Black Ops III,2018-11,3389,1450.78
311210,Call of Duty: Black Ops III,2018-10,3804,1857.24
311210,Call of Duty: Black Ops III,2018-09,4129,1872.42
311210,Call of Duty: Black Ops III,2018-08,3908,2169.54
311210,Call of Duty: Black Ops III,2018-07,3840,2193.19
311210,Call of Duty: Black Ops III,2018-06,3975,2122.25
311210,Call of Duty: Black Ops III,2018-05,5223,2007.42
311210,Call of Duty: Black Ops III,2018-04,3396,1667.63
311210,Call of Duty: Black Ops III,2018-03,4475,1998.8
311210,Call of Duty: Black Ops III,2018-02,3950,1958.06
311210,Call of Duty: Black Ops III,2018-01,4631,2257.54
311210,Call of Duty: Black Ops III,2017-12,5979,2177.72
311210,Call of Duty: Black Ops III,2017-11,4396,2039.45
311210,Call of Duty: Black Ops III,2017-10,6060,2766.07
311210,Call of Duty: Black Ops III,2017-09,6514,3026.88
311210,Call of Duty: Black Ops III,2017-08,6773,3788.35
311210,Call of Duty: Black Ops III,2017-07,9322,4842.42
311210,Call of Duty: Black Ops III,2017-06,13011,5663.43
311210,Call of Duty: Black Ops III,2017-05,11135,4714.16
311210,Call of Duty: Black Ops III,2017-04,7209,3433.69
311210,Call of Duty: Black Ops III,2017-03,7851,3267.22
311210,Call of Duty: Black Ops III,2017-02,7633,3590.55
311210,Call of Duty: Black Ops III,2017-01,8419,4000.83
311210,Call of Duty: Black Ops III,2016-12,7893,3586.78
311210,Call of Duty: Black Ops III,2016-11,8977,3905.41
311210,Call of Duty: Black Ops III,2016-10,19089,6913.73
311210,Call of Duty: Black Ops III,2016-09,14867,6233.11
311210,Call of Duty: Black Ops III,2016-08,14610,6955.7
311210,Call of Duty: Black Ops III,2016-07,13494,6543.53
311210,Call of Duty: Black Ops III,2016-06,13817,6970.97
311210,Call of Duty: Black Ops III,2016-05,22951,8901.41
311210,Call of Duty: Black Ops III,2016-04,21544,9311.94
311210,Call of Duty: Black Ops III,2016-03,29517,11877.23
311210,Call of Duty: Black Ops III,2016-02,36698,13504.68
311210,Call of Duty: Black Ops III,2016-01,30760,14292.49
311210,Call of Duty: Black Ops III,2015-12,37374,17367.15
311210,Call of Duty: Black Ops III,2015-11,63681,24852.85
1332010,Stray,2026-04,1035,452.41
1332010,Stray,2026-03,1074,487.08
1332010,Stray,2026-02,1015,427.91
1332010,Stray,2026-01,1499,685.16
1332010,Stray,2025-12,1431,579.33
1332010,Stray,2025-11,1211,479.79
1332010,Stray,2025-10,1183,505.16
1332010,Stray,2025-09,1223,446.88
1332010,Stray,2025-08,1029,430.76
1332010,Stray,2025-07,1172,597.46
1332010,Stray,2025-06,1103,498.26
1332010,Stray,2025-05,909,388.01
1332010,Stray,2025-04,1086,486.76
1332010,Stray,2025-03,1393,557.33
1332010,Stray,2025-02,995,448.55
1332010,Stray,2025-01,1735,656.95
1332010,Stray,2024-12,1691,756.6
1332010,Stray,2024-11,1294,443.34
1332010,Stray,2024-10,748,329.26
1332010,Stray,2024-09,703,362.64
1332010,Stray,2024-08,1423,601.9
1332010,Stray,2024-07,1387,619.23
1332010,Stray,2024-06,1341,475.04
1332010,Stray,2024-05,1136,410.83
1332010,Stray,2024-04,1078,452.15
1332010,Stray,2024-03,1153,492.22
1332010,Stray,2024-02,1293,529.46
1332010,Stray,2024-01,1893,634.77
1332010,Stray,2023-12,1956,805.55
1332010,Stray,2023-11,1437,526.67
1332010,Stray,2023-10,1106,398.9
1332010,Stray,2023-09,1135,461.43
1332010,Stray,2023-08,1362,555.26
1332010,Stray,2023-07,1434,696.89
1332010,Stray,2023-06,908,395.73
1332010,Stray,2023-05,1101,463.7
1332010,Stray,2023-04,985,468.43
1332010,Stray,2023-03,1414,611.25
1332010,Stray,2023-02,1516,700.68
1332010,Stray,2023-01,3265,1190.84
1332010,Stray,2022-12,3764,1406.88
1332010,Stray,2022-11,2520,948.49
1332010,Stray,2022-10,3972,1231.14
1332010,Stray,2022-09,3070,1343.6
1332010,Stray,2022-08,12109,4243.75
1332010,Stray,2022-07,51455,21980.49
48700,Mount & Blade: Warband,2026-04,5679,3037.15
48700,Mount & Blade: Warband,2026-03,5253,3037.02
48700,Mount & Blade: Warband,2026-02,5368,3156.61
48700,Mount & Blade: Warband,2026-01,5690,3279.83
48700,Mount & Blade: Warband,2025-12,5627,3254.77
48700,Mount & Blade: Warband,2025-11,5478,3094.74
48700,Mount & Blade: Warband,2025-10,6103,3214.37
48700,Mount & Blade: Warband,2025-09,5915,3042.33
48700,Mount & Blade: Warband,2025-08,5443,3230.89
48700,Mount & Blade: Warband,2025-07,5731,3376.79
48700,Mount & Blade: Warband,2025-06,5826,3256.33
48700,Mount & Blade: Warband,2025-05,5202,2950.44
48700,Mount & Blade: Warband,2025-04,5772,3102.04
48700,Mount & Blade: Warband,2025-03,5924,3272.89
48700,Mount & Blade: Warband,2025-02,5894,3377.3
48700,Mount & Blade: Warband,2025-01,6249,3747.27
48700,Mount & Blade: Warband,2024-12,5798,3296.45
48700,Mount & Blade: Warband,2024-11,6045,3299.58
48700,Mount & Blade: Warband,2024-10,6022,3342.6
48700,Mount & Blade: Warband,2024-09,6636,3480.46
48700,Mount & Blade: Warband,2024-08,6393,3692.18
48700,Mount & Blade: Warband,2024-07,6675,3978.13
48700,Mount & Blade: Warband,2024-06,6532,3746.19
48700,Mount & Blade: Warband,2024-05,6611,3466.62
48700,Mount & Blade: Warband,2024-04,8049,4199.3
48700,Mount & Blade: Warband,2024-03,15899,6594.72
48700,Mount & Blade: Warband,2024-02,6119,3393.33
48700,Mount & Blade: Warband,2024-01,6613,3841.41
48700,Mount & Blade: Warband,2023-12,6551,3717.94
48700,Mount & Blade: Warband,2023-11,6705,3524.31
48700,Mount & Blade: Warband,2023-10,5655,3138.12
48700,Mount & Blade: Warband,2023-09,5627,3173.93
48700,Mount & Blade: Warband,2023-08,6432,3546.37
48700,Mount & Blade: Warband,2023-07,6076,3757.29
48700,Mount & Blade: Warband,2023-06,5661,3325.54
48700,Mount & Blade: Warband,2023-05,5626,3231.66
48700,Mount & Blade: Warband,2023-04,6043,3397.49
48700,Mount & Blade: Warband,2023-03,6397,3410.8
48700,Mount & Blade: Warband,2023-02,6556,3638.35
48700,Mount & Blade: Warband,2023-01,7201,4181.53
48700,Mount & Blade: Warband,2022-12,6885,4006.79
48700,Mount & Blade: Warband,2022-11,8195,4354.66
48700,Mount & Blade: Warband,2022-10,7366,3998.08
48700,Mount & Blade: Warband,2022-09,7722,4289.17
48700,Mount & Blade: Warband,2022-08,6994,4338.83
48700,Mount & Blade: Warband,2022-07,7399,4611.04
48700,Mount & Blade: Warband,2022-06,7894,4509.9
48700,Mount & Blade: Warband,2022-05,6549,3769.87
48700,Mount & Blade: Warband,2022-04,7603,4168.8
48700,Mount & Blade: Warband,2022-03,7038,4038.88
48700,Mount & Blade: Warband,2022-02,7659,4415.89
48700,Mount & Blade: Warband,2022-01,7874,4844.38
48700,Mount & Blade: Warband,2021-12,7454,4324.83
48700,Mount & Blade: Warband,2021-11,7081,3940.76
48700,Mount & Blade: Warband,2021-10,6829,3641.49
48700,Mount & Blade: Warband,2021-09,5984,3522.08
48700,Mount & Blade: Warband,2021-08,6680,4233.46
48700,Mount & Blade: Warband,2021-07,7413,4520.9
48700,Mount & Blade: Warband,2021-06,7050,4129.51
48700,Mount & Blade: Warband,2021-05,6866,4047.35
48700,Mount & Blade: Warband,2021-04,6734,4016.81
48700,Mount & Blade: Warband,2021-03,7206,4278.77
48700,Mount & Blade: Warband,2021-02,7863,5016.12
48700,Mount & Blade: Warband,2021-01,8125,5057.01
48700,Mount & Blade: Warband,2020-12,7831,4696.91
48700,Mount & Blade: Warband,2020-11,7287,4148.04
48700,Mount & Blade: Warband,2020-10,7434,4107.68
48700,Mount & Blade: Warband,2020-09,5980,3678.46
48700,Mount & Blade: Warband,2020-08,6170,4133.63
48700,Mount & Blade: Warband,2020-07,7143,4569.84
48700,Mount & Blade: Warband,2020-06,6983,4206.01
48700,Mount & Blade: Warband,2020-05,10562,5367.02
48700,Mount & Blade: Warband,2020-04,22160,10683.58
48700,Mount & Blade: Warband,2020-03,17769,10991.36
48700,Mount & Blade: Warband,2020-02,16305,8383.85
48700,Mount & Blade: Warband,2020-01,12949,7952.24
48700,Mount & Blade: Warband,2019-12,11053,6402.44
48700,Mount & Blade: Warband,2019-11,10523,6162.63
48700,Mount & Blade: Warband,2019-10,14673,7045.32
48700,Mount & Blade: Warband,2019-09,10848,6311.62
48700,Mount & Blade: Warband,2019-08,11948,7046.77
48700,Mount & Blade: Warband,2019-07,11653,7272.7
48700,Mount & Blade: Warband,2019-06,11077,6752.38
48700,Mount & Blade: Warband,2019-05,13494,7761.86
48700,Mount & Blade: Warband,2019-04,12448,6861.97
48700,Mount & Blade: Warband,2019-03,11490,6645.02
48700,Mount & Blade: Warband,2019-02,12111,6882.76
48700,Mount & Blade: Warband,2019-01,13779,8156.55
48700,Mount & Blade: Warband,2018-12,13273,7372.96
48700,Mount & Blade: Warband,2018-11,11656,6309.18
48700,Mount & Blade: Warband,2018-10,11149,6144.56
48700,Mount & Blade: Warband,2018-09,12552,6989.17
48700,Mount & Blade: Warband,2018-08,12426,7094.27
48700,Mount & Blade: Warband,2018-07,11759,7927.41
48700,Mount & Blade: Warband,2018-06,11812,6853.1
48700,Mount & Blade: Warband,2018-05,11349,6450.02
48700,Mount & Blade: Warband,2018-04,13264,6912.76
48700,Mount & Blade: Warband,2018-03,10843,5718.71
48700,Mount & Blade: Warband,2018-02,12224,6663.31
48700,Mount & Blade: Warband,2018-01,13079,7436.05
48700,Mount & Blade: Warband,2017-12,12997,6538.89
48700,Mount & Blade: Warband,2017-11,10769,5736.08
48700,Mount & Blade: Warband,2017-10,10746,5573.42
48700,Mount & Blade: Warband,2017-09,13305,6711.52
48700,Mount & Blade: Warband,2017-08,13662,8061.02
48700,Mount & Blade: Warband,2017-07,15220,8543.3
48700,Mount & Blade: Warband,2017-06,13542,7321.64
48700,Mount & Blade: Warband,2017-05,11802,6279.31
48700,Mount & Blade: Warband,2017-04,12440,6539.04
48700,Mount & Blade: Warband,2017-03,16073,7203.3
48700,Mount & Blade: Warband,2017-02,13796,6994.96
48700,Mount & Blade: Warband,2017-01,14590,8087.52
48700,Mount & Blade: Warband,2016-12,13558,7034.27
48700,Mount & Blade: Warband,2016-11,11352,5708.17
48700,Mount & Blade: Warband,2016-10,12044,5855.44
48700,Mount & Blade: Warband,2016-09,13538,6612.44
48700,Mount & Blade: Warband,2016-08,17340,7504.36
48700,Mount & Blade: Warband,2016-07,14827,8012.0
48700,Mount & Blade: Warband,2016-06,14666,7261.95
48700,Mount & Blade: Warband,2016-05,12507,6132.48
48700,Mount & Blade: Warband,2016-04,12461,6121.67
48700,Mount & Blade: Warband,2016-03,13294,6450.95
48700,Mount & Blade: Warband,2016-02,13140,6644.45
48700,Mount & Blade: Warband,2016-01,15428,7828.13
48700,Mount & Blade: Warband,2015-12,14036,6362.77
48700,Mount & Blade: Warband,2015-11,11959,5213.08
48700,Mount & Blade: Warband,2015-10,11804,5686.37
48700,Mount & Blade: Warband,2015-09,15668,7192.39
48700,Mount & Blade: Warband,2015-08,28404,8177.35
48700,Mount & Blade: Warband,2015-07,11089,6448.88
48700,Mount & Blade: Warband,2015-06,15835,7390.32
48700,Mount & Blade: Warband,2015-05,13367,5439.72
48700,Mount & Blade: Warband,2015-04,11462,5529.94
48700,Mount & Blade: Warband,2015-03,13195,5675.82
48700,Mount & Blade: Warband,2015-02,13946,6420.78
48700,Mount & Blade: Warband,2015-01,19472,8199.48
48700,Mount & Blade: Warband,2014-12,18013,7924.45
48700,Mount & Blade: Warband,2014-11,18102,6268.33
48700,Mount & Blade: Warband,2014-10,9679,4321.32
48700,Mount & Blade: Warband,2014-09,9500,4317.2
48700,Mount & Blade: Warband,2014-08,10222,5451.44
48700,Mount & Blade: Warband,2014-07,32799,9215.2
48700,Mount & Blade: Warband,2014-06,12488,5238.03
48700,Mount & Blade: Warband,2014-05,9006,4018.09
48700,Mount & Blade: Warband,2014-04,8856,4068.65
48700,Mount & Blade: Warband,2014-03,8620,3690.05
48700,Mount & Blade: Warband,2014-02,8933,3875.47
48700,Mount & Blade: Warband,2014-01,8989,4054.98
48700,Mount & Blade: Warband,2013-12,7997,3918.67
48700,Mount & Blade: Warband,2013-11,8300,3572.8
48700,Mount & Blade: Warband,2013-10,10143,3215.18
48700,Mount & Blade: Warband,2013-09,7483,2965.87
48700,Mount & Blade: Warband,2013-08,7351,3767.35
48700,Mount & Blade: Warband,2013-07,9432,4585.59
48700,Mount & Blade: Warband,2013-06,10011,3959.15
48700,Mount & Blade: Warband,2013-05,7258,3320.16
48700,Mount & Blade: Warband,2013-04,7601,3395.67
48700,Mount & Blade: Warband,2013-03,7516,3170.01
48700,Mount & Blade: Warband,2013-02,7802,3282.66
48700,Mount & Blade: Warband,2013-01,8413,3909.84
48700,Mount & Blade: Warband,2012-12,6996,3114.23
48700,Mount & Blade: Warband,2012-11,6473,2678.41
48700,Mount & Blade: Warband,2012-10,6428,2793.38
48700,Mount & Blade: Warband,2012-09,7645,3182.24
48700,Mount & Blade: Warband,2012-08,7919,3829.57
48700,Mount & Blade: Warband,2012-07,7803,4139.63
306130,The Elder Scrolls Online,2026-04,20320,11890.92
306130,The Elder Scrolls Online,2026-03,17801,9635.87
306130,The Elder Scrolls Online,2026-02,17131,9931.83
306130,The Elder Scrolls Online,2026-01,16807,9764.86
306130,The Elder Scrolls Online,2025-12,13070,8294.3
306130,The Elder Scrolls Online,2025-11,15060,8998.59
306130,The Elder Scrolls Online,2025-10,15555,8818.16
306130,The Elder Scrolls Online,2025-09,14035,8458.15
306130,The Elder Scrolls Online,2025-08,17890,10142.58
306130,The Elder Scrolls Online,2025-07,17083,10236.91
306130,The Elder Scrolls Online,2025-06,26467,13157.71
306130,The Elder Scrolls Online,2025-05,22800,13203.16
306130,The Elder Scrolls Online,2025-04,20750,12463.12
306130,The Elder Scrolls Online,2025-03,19385,10922.9
306130,The Elder Scrolls Online,2025-02,20198,11236.47
306130,The Elder Scrolls Online,2025-01,19833,11098.14
306130,The Elder Scrolls Online,2024-12,16249,10301.38
306130,The Elder Scrolls Online,2024-11,16563,9960.24
306130,The Elder Scrolls Online,2024-10,17910,10409.02
306130,The Elder Scrolls Online,2024-09,17131,10650.49
306130,The Elder Scrolls Online,2024-08,18084,10898.51
306130,The Elder Scrolls Online,2024-07,19349,11574.94
306130,The Elder Scrolls Online,2024-06,27405,14418.12
306130,The Elder Scrolls Online,2024-05,23327,13795.81
306130,The Elder Scrolls Online,2024-04,29898,16878.65
306130,The Elder Scrolls Online,2024-03,22943,13632.47
306130,The Elder Scrolls Online,2024-02,20415,12639.38
306130,The Elder Scrolls Online,2024-01,24736,14123.67
306130,The Elder Scrolls Online,2023-12,19168,12263.08
306130,The Elder Scrolls Online,2023-11,19637,12152.64
306130,The Elder Scrolls Online,2023-10,22250,11758.1
306130,The Elder Scrolls Online,2023-09,17600,11037.04
306130,The Elder Scrolls Online,2023-08,22563,14302.81
306130,The Elder Scrolls Online,2023-07,24231,15477.29
306130,The Elder Scrolls Online,2023-06,31129,15327.54
306130,The Elder Scrolls Online,2023-05,22772,14721.21
306130,The Elder Scrolls Online,2023-04,29876,18182.92
306130,The Elder Scrolls Online,2023-03,23269,14943.75
306130,The Elder Scrolls Online,2023-02,27763,16331.67
306130,The Elder Scrolls Online,2023-01,29480,16353.77
306130,The Elder Scrolls Online,2022-12,20644,14037.72
306130,The Elder Scrolls Online,2022-11,21737,13300.14
306130,The Elder Scrolls Online,2022-10,22010,13587.67
306130,The Elder Scrolls Online,2022-09,22490,13081.17
306130,The Elder Scrolls Online,2022-08,24309,13807.91
306130,The Elder Scrolls Online,2022-07,27980,16161.99
306130,The Elder Scrolls Online,2022-06,26754,16266.59
306130,The Elder Scrolls Online,2022-05,24474,13749.38
306130,The Elder Scrolls Online,2022-04,26810,15362.73
306130,The Elder Scrolls Online,2022-03,20947,12653.96
306130,The Elder Scrolls Online,2022-02,32209,17885.64
306130,The Elder Scrolls Online,2022-01,34533,19679.33
306130,The Elder Scrolls Online,2021-12,26464,17003.84
306130,The Elder Scrolls Online,2021-11,29494,15780.55
306130,The Elder Scrolls Online,2021-10,28273,17133.01
306130,The Elder Scrolls Online,2021-09,29507,16778.49
306130,The Elder Scrolls Online,2021-08,35630,19317.74
306130,The Elder Scrolls Online,2021-07,31391,18759.61
306130,The Elder Scrolls Online,2021-06,39789,21282.8
306130,The Elder Scrolls Online,2021-05,31115,18979.04
306130,The Elder Scrolls Online,2021-04,43272,23377.61
306130,The Elder Scrolls Online,2021-03,36373,20190.13
306130,The Elder Scrolls Online,2021-02,31886,19912.28
306130,The Elder Scrolls Online,2021-01,33069,19150.22
306130,The Elder Scrolls Online,2020-12,29617,17804.64
306130,The Elder Scrolls Online,2020-11,33807,16956.13
306130,The Elder Scrolls Online,2020-10,32601,19102.69
306130,The Elder Scrolls Online,2020-09,31588,18863.6
306130,The Elder Scrolls Online,2020-08,38240,23369.4
306130,The Elder Scrolls Online,2020-07,34962,22006.6
306130,The Elder Scrolls Online,2020-06,39494,23003.48
306130,The Elder Scrolls Online,2020-05,42677,23395.42
306130,The Elder Scrolls Online,2020-04,49061,28467.65
306130,The Elder Scrolls Online,2020-03,25432,14755.91
306130,The Elder Scrolls Online,2020-02,30989,15738.7
306130,The Elder Scrolls Online,2020-01,28238,15416.94
306130,The Elder Scrolls Online,2019-12,23749,12472.22
306130,The Elder Scrolls Online,2019-11,21527,11531.79
306130,The Elder Scrolls Online,2019-10,19394,11160.97
306130,The Elder Scrolls Online,2019-09,23437,11994.9
306130,The Elder Scrolls Online,2019-08,23212,13323.98
306130,The Elder Scrolls Online,2019-07,24568,14606.19
306130,The Elder Scrolls Online,2019-06,29029,17569.08
306130,The Elder Scrolls Online,2019-05,32498,17805.96
306130,The Elder Scrolls Online,2019-04,28980,16138.11
306130,The Elder Scrolls Online,2019-03,31851,13616.49
306130,The Elder Scrolls Online,2019-02,24158,13429.59
306130,The Elder Scrolls Online,2019-01,21996,12408.4
306130,The Elder Scrolls Online,2018-12,19823,12020.54
306130,The Elder Scrolls Online,2018-11,18228,10897.08
306130,The Elder Scrolls Online,2018-10,21298,12914.51
306130,The Elder Scrolls Online,2018-09,22288,12422.64
306130,The Elder Scrolls Online,2018-08,29547,14577.76
306130,The Elder Scrolls Online,2018-07,23384,13578.24
306130,The Elder Scrolls Online,2018-06,28296,15447.39
306130,The Elder Scrolls Online,2018-05,21380,10573.3
306130,The Elder Scrolls Online,2018-04,19117,11408.31
306130,The Elder Scrolls Online,2018-03,24641,9980.34
306130,The Elder Scrolls Online,2018-02,15284,8965.69
306130,The Elder Scrolls Online,2018-01,17705,10271.4
306130,The Elder Scrolls Online,2017-12,25928,11648.26
306130,The Elder Scrolls Online,2017-11,14783,7829.17
306130,The Elder Scrolls Online,2017-10,13825,7780.48
306130,The Elder Scrolls Online,2017-09,15470,8171.3
306130,The Elder Scrolls Online,2017-08,18457,8097.48
306130,The Elder Scrolls Online,2017-07,14351,8378.74
306130,The Elder Scrolls Online,2017-06,16788,9914.64
306130,The Elder Scrolls Online,2017-05,16676,9234.0
306130,The Elder Scrolls Online,2017-04,29979,11266.26
306130,The Elder Scrolls Online,2017-03,13220,7429.58
306130,The Elder Scrolls Online,2017-02,17655,9579.08
306130,The Elder Scrolls Online,2017-01,13704,7684.02
306130,The Elder Scrolls Online,2016-12,20167,9664.39
306130,The Elder Scrolls Online,2016-11,29305,9037.45
306130,The Elder Scrolls Online,2016-10,6653,3230.06
306130,The Elder Scrolls Online,2016-09,3950,2311.95
306130,The Elder Scrolls Online,2016-08,6114,2993.41
306130,The Elder Scrolls Online,2016-07,7008,3286.39
306130,The Elder Scrolls Online,2016-06,5544,2818.71
306130,The Elder Scrolls Online,2016-05,3240,1652.68
306130,The Elder Scrolls Online,2016-04,3461,1881.4
306130,The Elder Scrolls Online,2016-03,4852,2424.92
306130,The Elder Scrolls Online,2016-02,4524,2523.94
306130,The Elder Scrolls Online,2016-01,8572,3870.33
306130,The Elder Scrolls Online,2015-12,7279,3271.0
306130,The Elder Scrolls Online,2015-11,4487,1584.89
306130,The Elder Scrolls Online,2015-10,2828,1656.53
306130,The Elder Scrolls Online,2015-09,4700,2348.28
306130,The Elder Scrolls Online,2015-08,5030,2377.3
306130,The Elder Scrolls Online,2015-07,5971,2706.88
306130,The Elder Scrolls Online,2015-06,3347,2149.18
306130,The Elder Scrolls Online,2015-05,3208,1911.55
306130,The Elder Scrolls Online,2015-04,4333,2457.01
306130,The Elder Scrolls Online,2015-03,5067,2122.42
306130,The Elder Scrolls Online,2015-02,1559,907.82
306130,The Elder Scrolls Online,2015-01,2095,1005.77
306130,The Elder Scrolls Online,2014-12,1924,843.54
306130,The Elder Scrolls Online,2014-11,1187,510.42
306130,The Elder Scrolls Online,2014-10,1270,631.03
306130,The Elder Scrolls Online,2014-09,1439,711.88
306130,The Elder Scrolls Online,2014-08,2290,1247.68
306130,The Elder Scrolls Online,2014-07,3107,1992.62
244210,Assetto Corsa,2026-04,18226,9828.48
244210,Assetto Corsa,2026-03,19378,9872.54
244210,Assetto Corsa,2026-02,19601,10123.65
244210,Assetto Corsa,2026-01,19413,10683.92
244210,Assetto Corsa,2025-12,20019,10518.27
244210,Assetto Corsa,2025-11,18528,9703.65
244210,Assetto Corsa,2025-10,17937,9237.68
244210,Assetto Corsa,2025-09,17949,9131.55
244210,Assetto Corsa,2025-08,16885,9646.31
244210,Assetto Corsa,2025-07,16628,9756.61
244210,Assetto Corsa,2025-06,17324,9857.46
244210,Assetto Corsa,2025-05,18218,9571.86
244210,Assetto Corsa,2025-04,16925,9269.4
244210,Assetto Corsa,2025-03,18644,9486.83
244210,Assetto Corsa,2025-02,18623,9742.21
244210,Assetto Corsa,2025-01,19481,10612.36
244210,Assetto Corsa,2024-12,19780,10504.5
244210,Assetto Corsa,2024-11,17274,9011.61
244210,Assetto Corsa,2024-10,16556,8946.42
244210,Assetto Corsa,2024-09,16539,8691.86
244210,Assetto Corsa,2024-08,15389,8986.18
244210,Assetto Corsa,2024-07,18094,10141.84
244210,Assetto Corsa,2024-06,19585,10698.78
244210,Assetto Corsa,2024-05,18432,10047.44
244210,Assetto Corsa,2024-04,17613,9574.75
244210,Assetto Corsa,2024-03,18585,9587.8
244210,Assetto Corsa,2024-02,17355,9034.63
244210,Assetto Corsa,2024-01,18605,9679.04
244210,Assetto Corsa,2023-12,19228,9670.8
244210,Assetto Corsa,2023-11,16763,8017.41
244210,Assetto Corsa,2023-10,15425,8170.4
244210,Assetto Corsa,2023-09,15846,8263.24
244210,Assetto Corsa,2023-08,14020,7949.08
244210,Assetto Corsa,2023-07,15037,8707.92
244210,Assetto Corsa,2023-06,14867,8473.2
244210,Assetto Corsa,2023-05,14258,7783.65
244210,Assetto Corsa,2023-04,16371,8557.11
244210,Assetto Corsa,2023-03,16576,8249.2
244210,Assetto Corsa,2023-02,16173,8362.81
244210,Assetto Corsa,2023-01,17380,8951.6
244210,Assetto Corsa,2022-12,16063,8305.68
244210,Assetto Corsa,2022-11,15034,6846.07
244210,Assetto Corsa,2022-10,11949,6489.02
244210,Assetto Corsa,2022-09,12536,6402.37
244210,Assetto Corsa,2022-08,9891,6196.78
244210,Assetto Corsa,2022-07,10655,6328.98
244210,Assetto Corsa,2022-06,11147,6539.59
244210,Assetto Corsa,2022-05,13120,6252.22
244210,Assetto Corsa,2022-04,11999,6313.12
244210,Assetto Corsa,2022-03,9935,5164.99
244210,Assetto Corsa,2022-02,9953,5371.4
244210,Assetto Corsa,2022-01,10533,5807.48
244210,Assetto Corsa,2021-12,10558,5337.11
244210,Assetto Corsa,2021-11,9502,4820.63
244210,Assetto Corsa,2021-10,10410,5028.39
244210,Assetto Corsa,2021-09,9363,4957.08
244210,Assetto Corsa,2021-08,8257,4792.24
244210,Assetto Corsa,2021-07,8225,4606.36
244210,Assetto Corsa,2021-06,11508,5180.36
244210,Assetto Corsa,2021-05,8586,4740.02
244210,Assetto Corsa,2021-04,8758,4746.75
244210,Assetto Corsa,2021-03,8445,4351.89
244210,Assetto Corsa,2021-02,8944,4535.05
244210,Assetto Corsa,2021-01,8585,4629.38
244210,Assetto Corsa,2020-12,9165,4399.08
244210,Assetto Corsa,2020-11,8718,4197.82
244210,Assetto Corsa,2020-10,7942,3614.17
244210,Assetto Corsa,2020-09,6431,3375.92
244210,Assetto Corsa,2020-08,5601,3107.63
244210,Assetto Corsa,2020-07,5948,3299.31
244210,Assetto Corsa,2020-06,6232,3336.6
244210,Assetto Corsa,2020-05,8153,3858.29
244210,Assetto Corsa,2020-04,8335,4399.21
244210,Assetto Corsa,2020-03,7792,3251.38
244210,Assetto Corsa,2020-02,5278,2564.96
244210,Assetto Corsa,2020-01,5446,2716.77
244210,Assetto Corsa,2019-12,5172,2576.63
244210,Assetto Corsa,2019-11,4782,2102.77
244210,Assetto Corsa,2019-10,4425,1982.47
244210,Assetto Corsa,2019-09,3702,1834.63
244210,Assetto Corsa,2019-08,3213,1824.93
244210,Assetto Corsa,2019-07,5392,1998.17
244210,Assetto Corsa,2019-06,3522,1921.11
244210,Assetto Corsa,2019-05,5386,2153.38
244210,Assetto Corsa,2019-04,4077,1951.28
244210,Assetto Corsa,2019-03,3818,1935.54
244210,Assetto Corsa,2019-02,4162,1959.79
244210,Assetto Corsa,2019-01,4034,1996.53
244210,Assetto Corsa,2018-12,3986,1964.13
244210,Assetto Corsa,2018-11,3859,1773.97
244210,Assetto Corsa,2018-10,3497,1664.64
244210,Assetto Corsa,2018-09,3529,1761.92
244210,Assetto Corsa,2018-08,3322,1716.94
244210,Assetto Corsa,2018-07,3279,1726.86
244210,Assetto Corsa,2018-06,3673,1855.91
244210,Assetto Corsa,2018-05,4170,1891.86
244210,Assetto Corsa,2018-04,3607,1712.05
244210,Assetto Corsa,2018-03,3786,1757.36
244210,Assetto Corsa,2018-02,4127,1823.93
244210,Assetto Corsa,2018-01,3985,1902.05
244210,Assetto Corsa,2017-12,4248,1874.94
244210,Assetto Corsa,2017-11,3648,1507.5
244210,Assetto Corsa,2017-10,3101,1457.2
244210,Assetto Corsa,2017-09,3987,1648.09
244210,Assetto Corsa,2017-08,3298,1592.71
244210,Assetto Corsa,2017-07,3293,1630.51
244210,Assetto Corsa,2017-06,3411,1540.69
244210,Assetto Corsa,2017-05,4204,1658.54
244210,Assetto Corsa,2017-04,4419,1618.27
244210,Assetto Corsa,2017-03,3333,1402.28
244210,Assetto Corsa,2017-02,3330,1456.65
244210,Assetto Corsa,2017-01,3050,1405.61
244210,Assetto Corsa,2016-12,3470,1302.09
244210,Assetto Corsa,2016-11,3633,1204.53
244210,Assetto Corsa,2016-10,3593,1069.99
244210,Assetto Corsa,2016-09,2490,1077.86
244210,Assetto Corsa,2016-08,2798,1052.6
244210,Assetto Corsa,2016-07,3604,1133.57
244210,Assetto Corsa,2016-06,2120,955.66
244210,Assetto Corsa,2016-05,3432,1056.13
244210,Assetto Corsa,2016-04,2613,1010.5
244210,Assetto Corsa,2016-03,1899,792.56
244210,Assetto Corsa,2016-02,1905,841.82
244210,Assetto Corsa,2016-01,2103,915.97
244210,Assetto Corsa,2015-12,2647,913.92
244210,Assetto Corsa,2015-11,1897,774.65
244210,Assetto Corsa,2015-10,3207,938.82
244210,Assetto Corsa,2015-09,1586,640.77
244210,Assetto Corsa,2015-08,2357,822.52
244210,Assetto Corsa,2015-07,2660,647.64
244210,Assetto Corsa,2015-06,1780,731.44
244210,Assetto Corsa,2015-05,1999,812.24
244210,Assetto Corsa,2015-04,2487,949.6
244210,Assetto Corsa,2015-03,6954,1321.67
244210,Assetto Corsa,2015-02,2053,881.7
244210,Assetto Corsa,2015-01,2305,1027.86
244210,Assetto Corsa,2014-12,2683,916.75
244210,Assetto Corsa,2014-11,2040,774.99
244210,Assetto Corsa,2014-10,4250,893.64
244210,Assetto Corsa,2014-09,1557,555.03
244210,Assetto Corsa,2014-08,1850,614.84
244210,Assetto Corsa,2014-07,1528,548.46
244210,Assetto Corsa,2014-06,1805,470.16
244210,Assetto Corsa,2014-05,2734,599.98
244210,Assetto Corsa,2014-04,1459,333.74
244210,Assetto Corsa,2014-03,1444,400.72
244210,Assetto Corsa,2014-02,1384,287.8
244210,Assetto Corsa,2014-01,1701,329.04
244210,Assetto Corsa,2013-12,1667,357.37
244210,Assetto Corsa,2013-11,1464,247.0
244210,Assetto Corsa,2013-10,8,1.74
2183900,Warhammer 40k: Space Marine 2,2026-04,18493,10258.83
2183900,Warhammer 40k: Space Marine 2,2026-03,35420,15163.92
2183900,Warhammer 40k: Space Marine 2,2026-02,35402,11756.23
2183900,Warhammer 40k: Space Marine 2,2026-01,20041,12758.53
2183900,Warhammer 40k: Space Marine 2,2025-12,19205,11520.3
2183900,Warhammer 40k: Space Marine 2,2025-11,24122,10139.64
2183900,Warhammer 40k: Space Marine 2,2025-10,20909,10861.56
2183900,Warhammer 40k: Space Marine 2,2025-09,34074,14784.96
2183900,Warhammer 40k: Space Marine 2,2025-08,17382,7603.15
2183900,Warhammer 40k: Space Marine 2,2025-07,19883,9494.63
2183900,Warhammer 40k: Space Marine 2,2025-06,23802,8204.43
2183900,Warhammer 40k: Space Marine 2,2025-05,14962,7612.21
2183900,Warhammer 40k: Space Marine 2,2025-04,19141,7842.28
2183900,Warhammer 40k: Space Marine 2,2025-03,13591,6652.42
2183900,Warhammer 40k: Space Marine 2,2025-02,17335,8455.29
2183900,Warhammer 40k: Space Marine 2,2025-01,19670,8462.6
2183900,Warhammer 40k: Space Marine 2,2024-12,18716,9950.65
2183900,Warhammer 40k: Space Marine 2,2024-11,24297,10723.97
2183900,Warhammer 40k: Space Marine 2,2024-10,56205,25447.32
2183900,Warhammer 40k: Space Marine 2,2024-09,186199,77349.72
