game_id,game_name,year_month,peak_player_count,average_player_count
730,Counter-Strike 2,2026-04,1564830,974785.71
730,Counter-Strike 2,2026-03,1717624,1069173.12
730,Counter-Strike 2,2026-02,1627561,1084094.59
730,Counter-Strike 2,2026-01,1654355,1070443.78
730,Counter-Strike 2,2025-12,1620137,991176.89
730,Counter-Strike 2,2025-11,1597285,981482.45
730,Counter-Strike 2,2025-10,1588091,948244.21
730,Counter-Strike 2,2025-09,1571060,925940.31
730,Counter-Strike 2,2025-08,1502245,928429.24
730,Counter-Strike 2,2025-07,1427300,920069.98
730,Counter-Strike 2,2025-06,1725815,1010123.99
730,Counter-Strike 2,2025-05,1712216,1038596.81
730,Counter-Strike 2,2025-04,1811827,1045701.65
730,Counter-Strike 2,2025-03,1818368,1039662.81
730,Counter-Strike 2,2025-02,1783434,1003570.56
730,Counter-Strike 2,2025-01,1594016,914092.22
730,Counter-Strike 2,2024-12,1740261,913953.36
730,Counter-Strike 2,2024-11,1556938,852164.3
730,Counter-Strike 2,2024-10,1484045,829438.76
730,Counter-Strike 2,2024-09,1473144,836306.66
730,Counter-Strike 2,2024-08,1425958,897337.88
730,Counter-Strike 2,2024-07,1342171,875365.08
730,Counter-Strike 2,2024-06,1510840,947520.53
730,Counter-Strike 2,2024-05,1614925,958207.34
730,Counter-Strike 2,2024-04,1618685,930748.98
730,Counter-Strike 2,2024-03,1521796,885629.69
730,Counter-Strike 2,2024-02,1347519,786630.82
730,Counter-Strike 2,2024-01,1277907,760859.23
730,Counter-Strike 2,2023-12,1248217,770094.8
730,Counter-Strike 2,2023-11,1161043,714511.43
730,Counter-Strike 2,2023-10,1364902,792124.96
730,Counter-Strike 2,2023-09,1556326,976137.99
730,Counter-Strike 2,2023-08,1369511,922152.86
730,Counter-Strike 2,2023-07,1222913,881690.91
730,Counter-Strike 2,2023-06,1665869,1085966.81
730,Counter-Strike 2,2023-05,1802853,1117517.4
730,Counter-Strike 2,2023-04,1510231,918085.6
730,Counter-Strike 2,2023-03,1519457,843474.54
730,Counter-Strike 2,2023-02,1354248,805105.9
730,Counter-Strike 2,2023-01,1199684,726150.29
730,Counter-Strike 2,2022-12,1065079,629325.0
730,Counter-Strike 2,2022-11,1129095,621005.99
730,Counter-Strike 2,2022-10,1078860,608349.53
730,Counter-Strike 2,2022-09,1100366,618776.04
730,Counter-Strike 2,2022-08,1039889,641444.78
730,Counter-Strike 2,2022-07,928329,594453.07
730,Counter-Strike 2,2022-06,906670,572222.47
730,Counter-Strike 2,2022-05,923996,564961.7
730,Counter-Strike 2,2022-04,1013237,568983.16
730,Counter-Strike 2,2022-03,987993,581489.69
730,Counter-Strike 2,2022-02,995163,634638.4
730,Counter-Strike 2,2022-01,991625,602376.27
730,Counter-Strike 2,2021-12,950586,546614.19
730,Counter-Strike 2,2021-11,935593,548161.67
730,Counter-Strike 2,2021-10,864966,512435.85
730,Counter-Strike 2,2021-09,942519,512350.92
730,Counter-Strike 2,2021-08,802544,512081.96
730,Counter-Strike 2,2021-07,763523,506067.36
730,Counter-Strike 2,2021-06,929940,549347.08
730,Counter-Strike 2,2021-05,1087197,659888.89
730,Counter-Strike 2,2021-04,1148077,723346.52
730,Counter-Strike 2,2021-03,1198581,740927.82
730,Counter-Strike 2,2021-02,1123485,741013.24
730,Counter-Strike 2,2021-01,1124553,743209.66
730,Counter-Strike 2,2020-12,1164396,717803.75
730,Counter-Strike 2,2020-11,1037464,668754.58
730,Counter-Strike 2,2020-10,943876,613666.69
730,Counter-Strike 2,2020-09,977769,606850.32
730,Counter-Strike 2,2020-08,925348,639957.66
730,Counter-Strike 2,2020-07,857560,625900.81
730,Counter-Strike 2,2020-06,1009467,671647.46
730,Counter-Strike 2,2020-05,1193359,768795.25
730,Counter-Strike 2,2020-04,1305714,857604.22
730,Counter-Strike 2,2020-03,1145972,671033.29
730,Counter-Strike 2,2020-02,916996,543979.15
730,Counter-Strike 2,2020-01,817229,501196.0
730,Counter-Strike 2,2019-12,767060,456701.56
730,Counter-Strike 2,2019-11,758412,426080.81
730,Counter-Strike 2,2019-10,747937,408995.31
730,Counter-Strike 2,2019-09,720052,410925.6
730,Counter-Strike 2,2019-08,647461,415097.3
730,Counter-Strike 2,2019-07,578933,393782.83
730,Counter-Strike 2,2019-06,587724,389376.72
730,Counter-Strike 2,2019-05,588453,364417.31
730,Counter-Strike 2,2019-04,621614,351989.92
730,Counter-Strike 2,2019-03,680071,390240.16
730,Counter-Strike 2,2019-02,654069,371358.96
730,Counter-Strike 2,2019-01,684511,401366.87
730,Counter-Strike 2,2018-12,746548,395509.26
730,Counter-Strike 2,2018-11,546031,310085.43
730,Counter-Strike 2,2018-10,565968,325907.82
730,Counter-Strike 2,2018-09,583029,333163.99
730,Counter-Strike 2,2018-08,454370,283531.31
730,Counter-Strike 2,2018-07,426008,273307.26
730,Counter-Strike 2,2018-06,420261,266862.24
730,Counter-Strike 2,2018-05,454481,262170.88
730,Counter-Strike 2,2018-04,523262,289076.7
730,Counter-Strike 2,2018-03,672502,354270.33
730,Counter-Strike 2,2018-02,686588,382457.1
730,Counter-Strike 2,2018-01,715850,382030.53
730,Counter-Strike 2,2017-12,598405,340876.88
730,Counter-Strike 2,2017-11,601881,321131.4
730,Counter-Strike 2,2017-10,639968,341861.26
730,Counter-Strike 2,2017-09,665371,354402.09
730,Counter-Strike 2,2017-08,595781,374425.69
730,Counter-Strike 2,2017-07,624785,377589.04
730,Counter-Strike 2,2017-06,614621,374388.04
730,Counter-Strike 2,2017-05,692966,371829.34
730,Counter-Strike 2,2017-04,709841,392199.19
730,Counter-Strike 2,2017-03,742356,386908.72
730,Counter-Strike 2,2017-02,744468,402385.71
730,Counter-Strike 2,2017-01,814616,393109.53
730,Counter-Strike 2,2016-12,662460,342195.7
730,Counter-Strike 2,2016-11,627124,329045.26
730,Counter-Strike 2,2016-10,661985,333076.46
730,Counter-Strike 2,2016-09,638360,322525.89
730,Counter-Strike 2,2016-08,599095,347229.25
730,Counter-Strike 2,2016-07,636056,353777.56
730,Counter-Strike 2,2016-06,579110,334311.06
730,Counter-Strike 2,2016-05,668612,338738.39
730,Counter-Strike 2,2016-04,850485,375795.87
730,Counter-Strike 2,2016-03,737599,379426.95
730,Counter-Strike 2,2016-02,738969,376285.02
730,Counter-Strike 2,2016-01,667432,365371.09
730,Counter-Strike 2,2015-12,823694,377447.11
730,Counter-Strike 2,2015-11,786707,360925.88
730,Counter-Strike 2,2015-10,732093,362766.09
730,Counter-Strike 2,2015-09,725939,355905.33
730,Counter-Strike 2,2015-08,819902,357535.24
730,Counter-Strike 2,2015-07,541181,329532.38
730,Counter-Strike 2,2015-06,610401,344156.01
730,Counter-Strike 2,2015-05,677701,317286.29
730,Counter-Strike 2,2015-04,568556,291748.74
730,Counter-Strike 2,2015-03,595439,267996.31
730,Counter-Strike 2,2015-02,455508,239934.64
730,Counter-Strike 2,2015-01,443188,234070.68
730,Counter-Strike 2,2014-12,367634,183589.5
730,Counter-Strike 2,2014-11,348018,147329.07
730,Counter-Strike 2,2014-10,260613,133537.7
730,Counter-Strike 2,2014-09,242494,131034.68
730,Counter-Strike 2,2014-08,277192,133185.79
730,Counter-Strike 2,2014-07,193613,106138.0
730,Counter-Strike 2,2014-06,164134,84163.62
730,Counter-Strike 2,2014-05,170137,84925.02
730,Counter-Strike 2,2014-04,142526,78880.53
730,Counter-Strike 2,2014-03,164495,70143.33
730,Counter-Strike 2,2014-02,119764,59791.37
730,Counter-Strike 2,2014-01,102084,55627.35
730,Counter-Strike 2,2013-12,96298,46788.27
730,Counter-Strike 2,2013-11,92279,29890.52
730,Counter-Strike 2,2013-10,53263,27902.14
730,Counter-Strike 2,2013-09,52052,27678.91
730,Counter-Strike 2,2013-08,50511,25961.85
730,Counter-Strike 2,2013-07,42149,20492.52
730,Counter-Strike 2,2013-06,33700,18119.84
730,Counter-Strike 2,2013-05,53379,18710.34
730,Counter-Strike 2,2013-04,31966,16006.0
730,Counter-Strike 2,2013-03,32166,15959.89
730,Counter-Strike 2,2013-02,35238,17372.73
730,Counter-Strike 2,2013-01,31359,16164.22
730,Counter-Strike 2,2012-12,27553,14079.39
730,Counter-Strike 2,2012-11,50533,14134.1
730,Counter-Strike 2,2012-10,20850,10739.48
730,Counter-Strike 2,2012-09,36057,16000.75
730,Counter-Strike 2,2012-08,52261,15475.39
730,Counter-Strike 2,2012-07,1642,932.57
570,Dota 2,2026-04,695006,425918.58
570,Dota 2,2026-03,859016,477855.57
570,Dota 2,2026-02,869734,597009.82
570,Dota 2,2026-01,855690,569324.18
570,Dota 2,2025-12,903542,594289.94
570,Dota 2,2025-11,903303,583743.77
570,Dota 2,2025-10,858940,538998.03
570,Dota 2,2025-09,953869,580820.63
570,Dota 2,2025-08,818732,532355.19
570,Dota 2,2025-07,657349,426672.67
570,Dota 2,2025-06,650259,411123.31
570,Dota 2,2025-05,657074,408987.68
570,Dota 2,2025-04,630716,393173.22
570,Dota 2,2025-03,656279,402851.23
570,Dota 2,2025-02,708043,431748.69
570,Dota 2,2025-01,719825,446491.16
570,Dota 2,2024-12,744163,437635.69
570,Dota 2,2024-11,797599,454956.21
570,Dota 2,2024-10,706726,410681.51
570,Dota 2,2024-09,726385,426811.67
570,Dota 2,2024-08,734381,449798.09
570,Dota 2,2024-07,801126,475393.65
570,Dota 2,2024-06,869492,486674.34
570,Dota 2,2024-05,943059,512919.2
570,Dota 2,2024-04,921133,456550.81
570,Dota 2,2024-03,729865,428918.55
570,Dota 2,2024-02,741290,427922.41
570,Dota 2,2024-01,736488,440229.36
570,Dota 2,2023-12,802728,435517.65
570,Dota 2,2023-11,767353,433727.63
570,Dota 2,2023-10,780443,435620.98
570,Dota 2,2023-09,777466,437273.4
570,Dota 2,2023-08,855495,444319.24
570,Dota 2,2023-07,702381,438510.22
570,Dota 2,2023-06,679525,421336.42
570,Dota 2,2023-05,711816,433220.69
570,Dota 2,2023-04,809580,429226.47
570,Dota 2,2023-03,752617,418744.49
570,Dota 2,2023-02,680746,401847.04
570,Dota 2,2023-01,764490,428296.61
570,Dota 2,2022-12,827395,468545.02
570,Dota 2,2022-11,990057,523684.06
570,Dota 2,2022-10,1038848,456302.65
570,Dota 2,2022-09,867484,490724.86
570,Dota 2,2022-08,747231,468466.87
570,Dota 2,2022-07,684842,444594.56
570,Dota 2,2022-06,699592,458143.51
570,Dota 2,2022-05,691586,446916.9
570,Dota 2,2022-04,730168,451826.77
570,Dota 2,2022-03,740784,448723.6
570,Dota 2,2022-02,725851,450200.14
570,Dota 2,2022-01,786118,485791.43
570,Dota 2,2021-12,756170,449297.37
570,Dota 2,2021-11,747506,448860.53
570,Dota 2,2021-10,752482,450761.44
570,Dota 2,2021-09,666838,391082.08
570,Dota 2,2021-08,699613,424980.17
570,Dota 2,2021-07,707406,423156.18
570,Dota 2,2021-06,734277,421509.96
570,Dota 2,2021-05,672307,415144.96
570,Dota 2,2021-04,705534,413784.97
570,Dota 2,2021-03,648875,390412.76
570,Dota 2,2021-02,651615,404832.13
570,Dota 2,2021-01,694613,432671.65
570,Dota 2,2020-12,697833,422552.32
570,Dota 2,2020-11,711824,425904.83
570,Dota 2,2020-10,723280,406361.36
570,Dota 2,2020-09,670547,408609.78
570,Dota 2,2020-08,666138,429717.12
570,Dota 2,2020-07,712610,450213.99
570,Dota 2,2020-06,733294,457184.42
570,Dota 2,2020-05,793135,484189.02
570,Dota 2,2020-04,801121,493300.27
570,Dota 2,2020-03,743933,437147.36
570,Dota 2,2020-02,663812,405978.65
570,Dota 2,2020-01,616415,378925.43
570,Dota 2,2019-12,685165,384179.76
570,Dota 2,2019-11,708517,401931.8
570,Dota 2,2019-10,739924,388355.86
570,Dota 2,2019-09,753996,421971.24
570,Dota 2,2019-08,826690,467148.29
570,Dota 2,2019-07,779160,464787.61
570,Dota 2,2019-06,865374,507528.44
570,Dota 2,2019-05,997341,548523.18
570,Dota 2,2019-04,971545,520218.98
570,Dota 2,2019-03,1033925,586505.85
570,Dota 2,2019-02,964921,564909.67
570,Dota 2,2019-01,874888,475747.0
570,Dota 2,2018-12,765422,439367.83
570,Dota 2,2018-11,826053,461073.48
570,Dota 2,2018-10,739643,431173.91
570,Dota 2,2018-09,826166,466470.74
570,Dota 2,2018-08,829281,476101.08
570,Dota 2,2018-07,701582,441714.35
570,Dota 2,2018-06,796886,473900.0
570,Dota 2,2018-05,844713,474325.87
570,Dota 2,2018-04,733214,430340.94
570,Dota 2,2018-03,773897,437262.35
570,Dota 2,2018-02,779299,438847.72
570,Dota 2,2018-01,778627,486861.91
570,Dota 2,2017-12,864939,513074.33
570,Dota 2,2017-11,861173,487381.24
570,Dota 2,2017-10,832550,466126.79
570,Dota 2,2017-09,829555,491450.16
570,Dota 2,2017-08,876395,556496.3
570,Dota 2,2017-07,824297,498444.38
570,Dota 2,2017-06,923122,555289.07
570,Dota 2,2017-05,972876,567526.42
570,Dota 2,2017-04,921318,540278.03
570,Dota 2,2017-03,956232,548435.44
570,Dota 2,2017-02,1040877,591567.25
570,Dota 2,2017-01,1007451,580281.47
570,Dota 2,2016-12,1014671,593920.6
570,Dota 2,2016-11,1007270,584251.33
570,Dota 2,2016-10,1141191,639355.14
570,Dota 2,2016-09,1064377,622583.9
570,Dota 2,2016-08,1117519,666013.05
570,Dota 2,2016-07,1084198,638212.65
570,Dota 2,2016-06,1095994,640226.98
570,Dota 2,2016-05,1075307,623798.67
570,Dota 2,2016-04,1164041,656944.37
570,Dota 2,2016-03,1291328,672554.89
570,Dota 2,2016-02,1248394,709178.26
570,Dota 2,2016-01,1067949,612174.78
570,Dota 2,2015-12,999452,573344.25
570,Dota 2,2015-11,943635,539536.33
570,Dota 2,2015-10,917306,521941.72
570,Dota 2,2015-09,888728,508156.85
570,Dota 2,2015-08,933942,606943.98
570,Dota 2,2015-07,877264,554991.01
570,Dota 2,2015-06,913997,568448.32
570,Dota 2,2015-05,967674,580348.42
570,Dota 2,2015-04,929677,526061.73
570,Dota 2,2015-03,1213940,571713.15
570,Dota 2,2015-02,1262612,628970.41
570,Dota 2,2015-01,961737,558504.33
570,Dota 2,2014-12,936583,523940.32
570,Dota 2,2014-11,963810,528789.8
570,Dota 2,2014-10,880655,495693.04
570,Dota 2,2014-09,864261,477998.45
570,Dota 2,2014-08,774319,490883.89
570,Dota 2,2014-07,874975,537018.66
570,Dota 2,2014-06,833145,513783.06
570,Dota 2,2014-05,843024,482387.24
570,Dota 2,2014-04,734998,421710.21
570,Dota 2,2014-03,698197,409755.56
570,Dota 2,2014-02,738682,421114.2
570,Dota 2,2014-01,673496,393860.32
570,Dota 2,2013-12,685503,366606.49
570,Dota 2,2013-11,702792,348246.37
570,Dota 2,2013-10,581615,329677.64
570,Dota 2,2013-09,566715,312424.76
570,Dota 2,2013-08,520532,330720.07
570,Dota 2,2013-07,422617,237800.08
570,Dota 2,2013-06,326160,210224.82
570,Dota 2,2013-05,325815,194363.84
570,Dota 2,2013-04,299667,174835.73
570,Dota 2,2013-03,325598,180878.9
570,Dota 2,2013-02,283870,166972.97
570,Dota 2,2013-01,260989,147748.14
570,Dota 2,2012-12,213521,121924.42
570,Dota 2,2012-11,169631,101077.43
570,Dota 2,2012-10,171860,75965.44
570,Dota 2,2012-09,118724,61867.68
570,Dota 2,2012-08,108689,55768.61
570,Dota 2,2012-07,75041,52721.05
578080,PUBG: BATTLEGROUNDS,2026-04,979753,353167.38
578080,PUBG: BATTLEGROUNDS,2026-03,1290870,327212.78
578080,PUBG: BATTLEGROUNDS,2026-02,694462,267134.96
578080,PUBG: BATTLEGROUNDS,2026-01,712143,290396.69
578080,PUBG: BATTLEGROUNDS,2025-12,751295,279406.47
578080,PUBG: BATTLEGROUNDS,2025-11,691068,277985.22
578080,PUBG: BATTLEGROUNDS,2025-10,750442,266558.99
578080,PUBG: BATTLEGROUNDS,2025-09,707773,278095.62
578080,PUBG: BATTLEGROUNDS,2025-08,724503,295503.96
578080,PUBG: BATTLEGROUNDS,2025-07,944484,303261.31
578080,PUBG: BATTLEGROUNDS,2025-06,778327,309892.01
578080,PUBG: BATTLEGROUNDS,2025-05,804674,305253.18
578080,PUBG: BATTLEGROUNDS,2025-04,861598,317441.03
578080,PUBG: BATTLEGROUNDS,2025-03,1329605,345527.34
578080,PUBG: BATTLEGROUNDS,2025-02,818843,316776.38
578080,PUBG: BATTLEGROUNDS,2025-01,786821,307550.31
578080,PUBG: BATTLEGROUNDS,2024-12,799077,321097.93
578080,PUBG: BATTLEGROUNDS,2024-11,796001,315613.2
578080,PUBG: BATTLEGROUNDS,2024-10,762909,293349.98
578080,PUBG: BATTLEGROUNDS,2024-09,807515,298267.38
578080,PUBG: BATTLEGROUNDS,2024-08,719506,285247.47
578080,PUBG: BATTLEGROUNDS,2024-07,700235,293396.8
578080,PUBG: BATTLEGROUNDS,2024-06,699256,287498.52
578080,PUBG: BATTLEGROUNDS,2024-05,693105,271364.22
578080,PUBG: BATTLEGROUNDS,2024-04,699697,280853.22
578080,PUBG: BATTLEGROUNDS,2024-03,764034,281342.08
578080,PUBG: BATTLEGROUNDS,2024-02,609366,250314.93
578080,PUBG: BATTLEGROUNDS,2024-01,587152,249557.66
578080,PUBG: BATTLEGROUNDS,2023-12,623852,247012.55
578080,PUBG: BATTLEGROUNDS,2023-11,502374,206208.57
578080,PUBG: BATTLEGROUNDS,2023-10,444585,188670.82
578080,PUBG: BATTLEGROUNDS,2023-09,415099,181956.39
578080,PUBG: BATTLEGROUNDS,2023-08,397857,180372.9
578080,PUBG: BATTLEGROUNDS,2023-07,356738,163507.73
578080,PUBG: BATTLEGROUNDS,2023-06,376727,164443.43
578080,PUBG: BATTLEGROUNDS,2023-05,414957,183498.98
578080,PUBG: BATTLEGROUNDS,2023-04,444973,197736.31
578080,PUBG: BATTLEGROUNDS,2023-03,459344,203405.11
578080,PUBG: BATTLEGROUNDS,2023-02,490332,220871.5
578080,PUBG: BATTLEGROUNDS,2023-01,465423,203658.43
578080,PUBG: BATTLEGROUNDS,2022-12,586384,212290.36
578080,PUBG: BATTLEGROUNDS,2022-11,425493,183919.79
578080,PUBG: BATTLEGROUNDS,2022-10,440651,196558.88
578080,PUBG: BATTLEGROUNDS,2022-09,448410,195439.04
578080,PUBG: BATTLEGROUNDS,2022-08,395910,184372.52
578080,PUBG: BATTLEGROUNDS,2022-07,391255,177018.21
578080,PUBG: BATTLEGROUNDS,2022-06,413426,181187.81
578080,PUBG: BATTLEGROUNDS,2022-05,468207,200854.21
578080,PUBG: BATTLEGROUNDS,2022-04,527433,223541.44
578080,PUBG: BATTLEGROUNDS,2022-03,535587,226114.89
578080,PUBG: BATTLEGROUNDS,2022-02,532109,241174.46
578080,PUBG: BATTLEGROUNDS,2022-01,696704,242322.35
578080,PUBG: BATTLEGROUNDS,2021-12,363839,153670.81
578080,PUBG: BATTLEGROUNDS,2021-11,341570,141261.19
578080,PUBG: BATTLEGROUNDS,2021-10,393496,158437.88
578080,PUBG: BATTLEGROUNDS,2021-09,400709,167102.12
578080,PUBG: BATTLEGROUNDS,2021-08,444355,184828.4
578080,PUBG: BATTLEGROUNDS,2021-07,413274,186249.97
578080,PUBG: BATTLEGROUNDS,2021-06,427913,179338.27
578080,PUBG: BATTLEGROUNDS,2021-05,419509,184701.21
578080,PUBG: BATTLEGROUNDS,2021-04,453579,186110.65
578080,PUBG: BATTLEGROUNDS,2021-03,464480,193114.18
578080,PUBG: BATTLEGROUNDS,2021-02,447390,198957.52
578080,PUBG: BATTLEGROUNDS,2021-01,451998,201247.19
578080,PUBG: BATTLEGROUNDS,2020-12,444680,189233.58
578080,PUBG: BATTLEGROUNDS,2020-11,438919,179520.26
578080,PUBG: BATTLEGROUNDS,2020-10,381079,162585.64
578080,PUBG: BATTLEGROUNDS,2020-09,403693,169093.71
578080,PUBG: BATTLEGROUNDS,2020-08,443390,192492.61
578080,PUBG: BATTLEGROUNDS,2020-07,469568,211700.3
578080,PUBG: BATTLEGROUNDS,2020-06,546359,230329.74
578080,PUBG: BATTLEGROUNDS,2020-05,553121,243258.78
578080,PUBG: BATTLEGROUNDS,2020-04,913075,242847.28
578080,PUBG: BATTLEGROUNDS,2020-03,562028,228467.17
578080,PUBG: BATTLEGROUNDS,2020-02,606689,257584.32
578080,PUBG: BATTLEGROUNDS,2020-01,645414,275363.04
578080,PUBG: BATTLEGROUNDS,2019-12,686239,308445.45
578080,PUBG: BATTLEGROUNDS,2019-11,695920,305659.39
578080,PUBG: BATTLEGROUNDS,2019-10,637870,287133.41
578080,PUBG: BATTLEGROUNDS,2019-09,660864,311444.31
578080,PUBG: BATTLEGROUNDS,2019-08,750941,358530.96
578080,PUBG: BATTLEGROUNDS,2019-07,745224,352888.88
578080,PUBG: BATTLEGROUNDS,2019-06,745960,363083.37
578080,PUBG: BATTLEGROUNDS,2019-05,817595,385840.59
578080,PUBG: BATTLEGROUNDS,2019-04,886255,390100.9
578080,PUBG: BATTLEGROUNDS,2019-03,931407,417812.51
578080,PUBG: BATTLEGROUNDS,2019-02,931754,437959.1
578080,PUBG: BATTLEGROUNDS,2019-01,1084606,497803.25
578080,PUBG: BATTLEGROUNDS,2018-12,1109766,473541.26
578080,PUBG: BATTLEGROUNDS,2018-11,895650,418159.48
578080,PUBG: BATTLEGROUNDS,2018-10,1048662,469141.74
578080,PUBG: BATTLEGROUNDS,2018-09,1125229,542607.05
578080,PUBG: BATTLEGROUNDS,2018-08,1260894,619320.48
578080,PUBG: BATTLEGROUNDS,2018-07,1350463,688620.42
578080,PUBG: BATTLEGROUNDS,2018-06,1750216,800668.23
578080,PUBG: BATTLEGROUNDS,2018-05,2175704,876180.64
578080,PUBG: BATTLEGROUNDS,2018-04,2456361,1107181.8
578080,PUBG: BATTLEGROUNDS,2018-03,2799269,1295408.59
578080,PUBG: BATTLEGROUNDS,2018-02,2934761,1391015.3
578080,PUBG: BATTLEGROUNDS,2018-01,3236027,1584886.77
578080,PUBG: BATTLEGROUNDS,2017-12,3080769,1436158.51
578080,PUBG: BATTLEGROUNDS,2017-11,2915723,1334170.09
578080,PUBG: BATTLEGROUNDS,2017-10,2390946,1086638.87
578080,PUBG: BATTLEGROUNDS,2017-09,1550463,660192.74
578080,PUBG: BATTLEGROUNDS,2017-08,874171,389527.42
578080,PUBG: BATTLEGROUNDS,2017-07,481291,229701.7
578080,PUBG: BATTLEGROUNDS,2017-06,267194,139902.24
578080,PUBG: BATTLEGROUNDS,2017-05,189456,107441.6
578080,PUBG: BATTLEGROUNDS,2017-04,140104,69794.98
578080,PUBG: BATTLEGROUNDS,2017-03,67846,17551.14
1172470,Apex Legends,2026-04,301520,124387.18
1172470,Apex Legends,2026-03,287202,111603.39
1172470,Apex Legends,2026-02,203439,88899.87
1172470,Apex Legends,2026-01,206450,86432.72
1172470,Apex Legends,2025-12,191112,78780.9
1172470,Apex Legends,2025-11,229804,89983.17
1172470,Apex Legends,2025-10,181156,73654.11
1172470,Apex Legends,2025-09,199203,83772.59
1172470,Apex Legends,2025-08,248781,101672.5
1172470,Apex Legends,2025-07,209736,90567.12
1172470,Apex Legends,2025-06,250796,106933.93
1172470,Apex Legends,2025-05,262219,134646.62
1172470,Apex Legends,2025-04,199349,106840.8
1172470,Apex Legends,2025-03,185193,90276.4
1172470,Apex Legends,2025-02,225810,95099.47
1172470,Apex Legends,2025-01,153693,69580.22
1172470,Apex Legends,2024-12,174720,74196.38
1172470,Apex Legends,2024-11,225795,91362.07
1172470,Apex Legends,2024-10,184035,85102.53
1172470,Apex Legends,2024-09,249334,107227.3
1172470,Apex Legends,2024-08,314327,120008.56
1172470,Apex Legends,2024-07,265369,116747.21
1172470,Apex Legends,2024-06,326928,139736.43
1172470,Apex Legends,2024-05,425742,167424.45
1172470,Apex Legends,2024-04,430800,166767.82
1172470,Apex Legends,2024-03,463933,189218.54
1172470,Apex Legends,2024-02,469431,185661.61
1172470,Apex Legends,2024-01,344621,146164.19
1172470,Apex Legends,2023-12,348791,144447.76
1172470,Apex Legends,2023-11,438349,167295.65
1172470,Apex Legends,2023-10,435229,181420.4
1172470,Apex Legends,2023-09,452991,186494.41
1172470,Apex Legends,2023-08,451223,188891.82
1172470,Apex Legends,2023-07,349762,166199.09
1172470,Apex Legends,2023-06,446463,189101.02
1172470,Apex Legends,2023-05,584294,227947.44
1172470,Apex Legends,2023-04,562634,222749.48
1172470,Apex Legends,2023-03,603290,255792.2
1172470,Apex Legends,2023-02,624473,257416.67
1172470,Apex Legends,2023-01,413670,197969.02
1172470,Apex Legends,2022-12,411891,170882.73
1172470,Apex Legends,2022-11,403157,172345.48
1172470,Apex Legends,2022-10,386994,172176.67
1172470,Apex Legends,2022-09,497242,221826.62
1172470,Apex Legends,2022-08,510286,230432.87
1172470,Apex Legends,2022-07,347314,183161.31
1172470,Apex Legends,2022-06,352659,177736.44
1172470,Apex Legends,2022-05,411183,195551.63
1172470,Apex Legends,2022-04,370651,192598.51
1172470,Apex Legends,2022-03,353623,183596.68
1172470,Apex Legends,2022-02,392998,203653.75
1172470,Apex Legends,2022-01,264287,145582.94
1172470,Apex Legends,2021-12,242823,122108.27
1172470,Apex Legends,2021-11,318330,136245.89
1172470,Apex Legends,2021-10,248669,128529.43
1172470,Apex Legends,2021-09,273617,139647.96
1172470,Apex Legends,2021-08,330476,169528.17
1172470,Apex Legends,2021-07,262129,131151.07
1172470,Apex Legends,2021-06,266591,136439.9
1172470,Apex Legends,2021-05,330879,164238.01
1172470,Apex Legends,2021-04,217728,124905.13
1172470,Apex Legends,2021-03,228439,126121.06
1172470,Apex Legends,2021-02,196799,120982.64
1172470,Apex Legends,2021-01,129928,71766.74
1172470,Apex Legends,2020-12,112076,64469.75
1172470,Apex Legends,2020-11,117193,74957.26
230410,Warframe,2026-04,98672,64714.83
230410,Warframe,2026-03,98923,52427.32
230410,Warframe,2026-02,83459,57146.54
230410,Warframe,2026-01,108026,75258.49
230410,Warframe,2025-12,173377,86044.53
230410,Warframe,2025-11,86409,57644.02
230410,Warframe,2025-10,86545,45256.61
230410,Warframe,2025-09,61587,39491.76
230410,Warframe,2025-08,69171,48090.19
230410,Warframe,2025-07,117575,48453.91
230410,Warframe,2025-06,98841,43444.33
230410,Warframe,2025-05,73021,43464.03
230410,Warframe,2025-04,71082,46433.86
230410,Warframe,2025-03,101881,53343.44
230410,Warframe,2025-02,76887,54616.04
230410,Warframe,2025-01,74296,53438.63
230410,Warframe,2024-12,119690,56169.3
230410,Warframe,2024-11,76455,47673.68
230410,Warframe,2024-10,98228,53567.35
230410,Warframe,2024-09,60537,41473.62
230410,Warframe,2024-08,68005,45769.01
230410,Warframe,2024-07,97330,43824.73
230410,Warframe,2024-06,91584,43704.02
230410,Warframe,2024-05,70135,43019.93
230410,Warframe,2024-04,78277,49977.03
230410,Warframe,2024-03,81734,50841.09
230410,Warframe,2024-02,84823,59247.77
230410,Warframe,2024-01,94593,64766.78
230410,Warframe,2023-12,87383,55599.18
230410,Warframe,2023-11,74457,45549.63
230410,Warframe,2023-10,76911,44347.2
230410,Warframe,2023-09,61347,39713.14
230410,Warframe,2023-08,77361,39582.6
230410,Warframe,2023-07,61112,38412.14
230410,Warframe,2023-06,66482,43891.83
230410,Warframe,2023-05,88346,54935.93
230410,Warframe,2023-04,115322,48355.07
230410,Warframe,2023-03,63635,40706.49
230410,Warframe,2023-02,59850,41930.39
230410,Warframe,2023-01,58816,40670.91
230410,Warframe,2022-12,64073,39102.17
230410,Warframe,2022-11,58261,29968.36
230410,Warframe,2022-10,55500,34102.58
230410,Warframe,2022-09,77239,39771.48
230410,Warframe,2022-08,58478,37581.61
230410,Warframe,2022-07,91910,39765.67
230410,Warframe,2022-06,68207,37347.42
230410,Warframe,2022-05,84285,46222.44
230410,Warframe,2022-04,87532,43232.73
230410,Warframe,2022-03,62134,31060.63
230410,Warframe,2022-02,57905,35037.94
230410,Warframe,2022-01,77400,47395.24
230410,Warframe,2021-12,118297,54651.19
230410,Warframe,2021-11,73093,40776.13
230410,Warframe,2021-10,71407,39866.36
230410,Warframe,2021-09,82680,46968.35
230410,Warframe,2021-08,74329,50753.51
230410,Warframe,2021-07,181509,51614.78
230410,Warframe,2021-06,69028,39622.26
230410,Warframe,2021-05,77193,46683.85
230410,Warframe,2021-04,79251,46416.38
230410,Warframe,2021-03,83221,42951.59
230410,Warframe,2021-02,61032,39209.96
230410,Warframe,2021-01,60019,36124.14
230410,Warframe,2020-12,70305,35990.05
230410,Warframe,2020-11,68553,39914.02
230410,Warframe,2020-10,69891,41298.79
230410,Warframe,2020-09,90316,56330.88
230410,Warframe,2020-08,154246,59629.02
230410,Warframe,2020-07,58719,39385.15
230410,Warframe,2020-06,81798,44830.35
230410,Warframe,2020-05,76165,49687.06
230410,Warframe,2020-04,94162,56318.77
230410,Warframe,2020-03,88215,52827.37
230410,Warframe,2020-02,70798,40934.88
230410,Warframe,2020-01,59186,36264.08
230410,Warframe,2019-12,84081,47143.02
230410,Warframe,2019-11,87616,46092.73
230410,Warframe,2019-10,60931,34398.86
230410,Warframe,2019-09,80466,42482.22
230410,Warframe,2019-08,96262,53195.56
230410,Warframe,2019-07,94907,55902.24
230410,Warframe,2019-06,74255,42673.26
230410,Warframe,2019-05,97068,50580.69
230410,Warframe,2019-04,107898,56574.51
230410,Warframe,2019-03,115102,62800.49
230410,Warframe,2019-02,74472,46224.26
230410,Warframe,2019-01,82266,52754.51
230410,Warframe,2018-12,89029,53727.55
230410,Warframe,2018-11,131766,61486.55
230410,Warframe,2018-10,99735,49718.26
230410,Warframe,2018-09,86984,51794.26
230410,Warframe,2018-08,107100,68891.69
230410,Warframe,2018-07,118191,76594.91
230410,Warframe,2018-06,129002,56623.46
230410,Warframe,2018-05,73097,42942.86
230410,Warframe,2018-04,85227,50342.17
230410,Warframe,2018-03,81338,48090.92
230410,Warframe,2018-02,82384,49035.45
230410,Warframe,2018-01,69002,45177.56
230410,Warframe,2017-12,76564,51379.97
230410,Warframe,2017-11,102965,56500.44
230410,Warframe,2017-10,121377,61908.82
230410,Warframe,2017-09,58608,37028.11
230410,Warframe,2017-08,55743,39967.39
230410,Warframe,2017-07,58314,39002.18
230410,Warframe,2017-06,51423,25902.03
230410,Warframe,2017-05,47732,27781.24
230410,Warframe,2017-04,50822,30576.4
230410,Warframe,2017-03,69526,30723.66
230410,Warframe,2017-02,45309,28398.25
230410,Warframe,2017-01,47134,31734.9
230410,Warframe,2016-12,56812,33678.45
230410,Warframe,2016-11,68530,29817.19
230410,Warframe,2016-10,34094,20888.62
230410,Warframe,2016-09,39037,22775.92
230410,Warframe,2016-08,46268,26548.41
230410,Warframe,2016-07,61417,28526.17
230410,Warframe,2016-06,41739,26326.93
230410,Warframe,2016-05,44091,26597.98
230410,Warframe,2016-04,47242,27145.55
230410,Warframe,2016-03,66308,33747.55
230410,Warframe,2016-02,49683,31909.25
230410,Warframe,2016-01,50177,30709.56
230410,Warframe,2015-12,58502,33253.8
230410,Warframe,2015-11,37303,21333.4
230410,Warframe,2015-10,48901,27713.64
230410,Warframe,2015-09,38904,22067.78
230410,Warframe,2015-08,44908,29160.01
230410,Warframe,2015-07,49829,19936.29
230410,Warframe,2015-06,29209,18366.27
230410,Warframe,2015-05,37595,20930.54
230410,Warframe,2015-04,40497,22097.66
230410,Warframe,2015-03,42816,21233.34
230410,Warframe,2015-02,28376,18378.74
230410,Warframe,2015-01,28400,17919.54
230410,Warframe,2014-12,29349,19376.33
230410,Warframe,2014-11,32800,16896.78
230410,Warframe,2014-10,34785,15736.98
230410,Warframe,2014-09,25841,15803.16
230410,Warframe,2014-08,28233,16466.05
230410,Warframe,2014-07,31766,15222.36
230410,Warframe,2014-06,19939,12148.9
230410,Warframe,2014-05,19536,11609.02
230410,Warframe,2014-04,26848,14372.52
230410,Warframe,2014-03,21193,12379.0
230410,Warframe,2014-02,21380,13652.84
230410,Warframe,2014-01,16929,11660.84
230410,Warframe,2013-12,18274,11115.69
230410,Warframe,2013-11,18459,9220.75
230410,Warframe,2013-10,16381,8937.68
230410,Warframe,2013-09,18941,9716.62
230410,Warframe,2013-08,14349,8831.78
230410,Warframe,2013-07,15714,9605.6
230410,Warframe,2013-06,19554,10774.41
230410,Warframe,2013-05,19734,10338.53
230410,Warframe,2013-04,21157,12329.65
230410,Warframe,2013-03,19099,1960.13
230410,Warframe,2013-02,1,0.0
230410,Warframe,2013-01,0,0.0
236390,War Thunder,2026-04,125317,59540.93
236390,War Thunder,2026-03,101842,58087.94
236390,War Thunder,2026-02,107788,61658.16
236390,War Thunder,2026-01,113172,63311.77
236390,War Thunder,2025-12,119540,60552.23
236390,War Thunder,2025-11,97370,54176.1
236390,War Thunder,2025-10,94871,50444.98
236390,War Thunder,2025-09,88016,47551.92
236390,War Thunder,2025-08,83407,51837.21
236390,War Thunder,2025-07,85973,52813.64
236390,War Thunder,2025-06,93287,56334.82
236390,War Thunder,2025-05,107400,57740.43
236390,War Thunder,2025-04,97913,56004.88
236390,War Thunder,2025-03,106391,59213.78
236390,War Thunder,2025-02,100485,60266.48
236390,War Thunder,2025-01,105873,62799.68
236390,War Thunder,2024-12,116654,62586.84
236390,War Thunder,2024-11,111810,62102.74
236390,War Thunder,2024-10,105233,57521.7
236390,War Thunder,2024-09,100260,55346.32
236390,War Thunder,2024-08,100145,60839.78
236390,War Thunder,2024-07,86471,56711.1
236390,War Thunder,2024-06,95040,59152.3
236390,War Thunder,2024-05,89931,54038.13
236390,War Thunder,2024-04,93281,53653.24
236390,War Thunder,2024-03,100736,59463.58
236390,War Thunder,2024-02,121180,70092.17
236390,War Thunder,2024-01,105330,66052.16
236390,War Thunder,2023-12,112141,65773.85
236390,War Thunder,2023-11,114806,61701.44
236390,War Thunder,2023-10,97956,55219.89
236390,War Thunder,2023-09,101903,52969.06
236390,War Thunder,2023-08,87109,53688.43
236390,War Thunder,2023-07,77668,52519.46
236390,War Thunder,2023-06,83013,53320.24
236390,War Thunder,2023-05,95962,57799.46
236390,War Thunder,2023-04,113145,63272.43
236390,War Thunder,2023-03,100277,59804.23
236390,War Thunder,2023-02,97939,60654.68
236390,War Thunder,2023-01,88053,56067.14
236390,War Thunder,2022-12,87344,49814.44
236390,War Thunder,2022-11,88331,48618.04
236390,War Thunder,2022-10,81733,41260.79
236390,War Thunder,2022-09,74659,42827.33
236390,War Thunder,2022-08,66360,42642.49
236390,War Thunder,2022-07,57219,39828.69
236390,War Thunder,2022-06,65367,42525.19
236390,War Thunder,2022-05,63781,40362.39
236390,War Thunder,2022-04,75998,43612.39
236390,War Thunder,2022-03,72842,39165.69
236390,War Thunder,2022-02,51210,29719.67
236390,War Thunder,2022-01,45424,29066.74
236390,War Thunder,2021-12,43703,26581.67
236390,War Thunder,2021-11,47647,26211.17
236390,War Thunder,2021-10,42419,25086.5
236390,War Thunder,2021-09,43439,25179.81
236390,War Thunder,2021-08,38188,24586.58
236390,War Thunder,2021-07,33676,23001.42
236390,War Thunder,2021-06,39776,24871.47
236390,War Thunder,2021-05,40505,25541.92
236390,War Thunder,2021-04,63379,27850.01
236390,War Thunder,2021-03,54451,30023.21
236390,War Thunder,2021-02,43065,28602.47
236390,War Thunder,2021-01,39887,27477.69
236390,War Thunder,2020-12,49784,27036.2
236390,War Thunder,2020-11,55865,28444.6
236390,War Thunder,2020-10,41463,20961.98
236390,War Thunder,2020-09,35475,21211.97
236390,War Thunder,2020-08,35019,21501.04
236390,War Thunder,2020-07,29402,19152.43
236390,War Thunder,2020-06,32424,20400.64
236390,War Thunder,2020-05,38871,22476.99
236390,War Thunder,2020-04,43584,24790.16
236390,War Thunder,2020-03,35377,20321.06
236390,War Thunder,2020-02,23963,14918.34
236390,War Thunder,2020-01,21319,13825.4
236390,War Thunder,2019-12,23388,13388.39
236390,War Thunder,2019-11,21420,12414.53
236390,War Thunder,2019-10,22713,12547.42
236390,War Thunder,2019-09,22878,12555.42
236390,War Thunder,2019-08,18688,12066.54
236390,War Thunder,2019-07,15867,11063.03
236390,War Thunder,2019-06,17809,11674.33
236390,War Thunder,2019-05,20970,12150.26
236390,War Thunder,2019-04,25719,13294.67
236390,War Thunder,2019-03,23410,13475.33
236390,War Thunder,2019-02,20164,12114.54
236390,War Thunder,2019-01,21094,13420.26
236390,War Thunder,2018-12,23243,13328.36
236390,War Thunder,2018-11,23467,12250.51
236390,War Thunder,2018-10,26688,12690.64
236390,War Thunder,2018-09,22517,11940.84
236390,War Thunder,2018-08,18655,11968.81
236390,War Thunder,2018-07,17640,11527.68
236390,War Thunder,2018-06,21592,12372.09
236390,War Thunder,2018-05,19514,11540.18
236390,War Thunder,2018-04,25982,13183.49
236390,War Thunder,2018-03,27595,13431.58
236390,War Thunder,2018-02,19024,11090.97
236390,War Thunder,2018-01,19041,11615.32
236390,War Thunder,2017-12,20886,11879.4
236390,War Thunder,2017-11,22828,11951.74
236390,War Thunder,2017-10,20125,10681.39
236390,War Thunder,2017-09,19330,10464.8
236390,War Thunder,2017-08,15683,10150.01
236390,War Thunder,2017-07,15731,9379.97
236390,War Thunder,2017-06,18621,10304.06
236390,War Thunder,2017-05,20075,10789.19
236390,War Thunder,2017-04,22217,10830.48
236390,War Thunder,2017-03,21344,10994.24
236390,War Thunder,2017-02,18472,10829.32
236390,War Thunder,2017-01,19324,11347.94
236390,War Thunder,2016-12,20797,10650.6
236390,War Thunder,2016-11,17816,9924.85
236390,War Thunder,2016-10,21819,11016.75
236390,War Thunder,2016-09,24737,9529.8
236390,War Thunder,2016-08,17301,10075.81
236390,War Thunder,2016-07,14474,9696.34
236390,War Thunder,2016-06,23531,11079.32
236390,War Thunder,2016-05,17740,10336.49
236390,War Thunder,2016-04,20631,11093.15
236390,War Thunder,2016-03,24087,11608.99
236390,War Thunder,2016-02,17810,10393.47
236390,War Thunder,2016-01,22378,11192.82
236390,War Thunder,2015-12,23811,11284.34
236390,War Thunder,2015-11,35236,11495.83
236390,War Thunder,2015-10,17817,9089.42
236390,War Thunder,2015-09,15575,8864.56
236390,War Thunder,2015-08,15228,10184.55
236390,War Thunder,2015-07,18204,11123.5
236390,War Thunder,2015-06,21073,10054.55
236390,War Thunder,2015-05,25134,13205.13
236390,War Thunder,2015-04,24962,11579.25
236390,War Thunder,2015-03,29480,14284.9
236390,War Thunder,2015-02,29040,13214.57
236390,War Thunder,2015-01,23837,11169.53
236390,War Thunder,2014-12,22249,10354.59
236390,War Thunder,2014-11,17205,8193.81
236390,War Thunder,2014-10,24601,8940.65
236390,War Thunder,2014-09,11178,6291.17
236390,War Thunder,2014-08,15720,7620.39
236390,War Thunder,2014-07,11994,7504.58
236390,War Thunder,2014-06,16117,8606.26
236390,War Thunder,2014-05,26228,10863.41
236390,War Thunder,2014-04,20438,7091.33
236390,War Thunder,2014-03,11541,5441.85
236390,War Thunder,2014-02,11730,6207.97
236390,War Thunder,2014-01,12146,7076.68
236390,War Thunder,2013-12,22129,6825.75
236390,War Thunder,2013-11,13218,5615.08
236390,War Thunder,2013-10,12446,5812.89
236390,War Thunder,2013-09,18880,7586.98
236390,War Thunder,2013-08,12850,4119.29
236390,War Thunder,2013-07,1,0.05
236390,War Thunder,2013-06,2,0.08
236390,War Thunder,2013-05,0,0.0
236390,War Thunder,2013-04,1,0.02
1599340,Lost Ark,2026-04,13973,6735.58
1599340,Lost Ark,2026-03,12851,6504.46
1599340,Lost Ark,2026-02,17735,8121.49
1599340,Lost Ark,2026-01,14123,8376.62
1599340,Lost Ark,2025-12,17116,8709.47
1599340,Lost Ark,2025-11,16125,9319.74
1599340,Lost Ark,2025-10,19209,9338.88
1599340,Lost Ark,2025-09,28243,13644.89
1599340,Lost Ark,2025-08,29641,15693.95
1599340,Lost Ark,2025-07,25149,11762.14
1599340,Lost Ark,2025-06,24506,14068.95
1599340,Lost Ark,2025-05,35241,18338.22
1599340,Lost Ark,2025-04,37028,14348.04
1599340,Lost Ark,2025-03,28988,13108.49
1599340,Lost Ark,2025-02,31282,17243.98
1599340,Lost Ark,2025-01,40645,26813.01
1599340,Lost Ark,2024-12,34909,22378.75
1599340,Lost Ark,2024-11,27185,17040.34
1599340,Lost Ark,2024-10,30987,17973.62
1599340,Lost Ark,2024-09,30582,17447.08
1599340,Lost Ark,2024-08,29740,19985.12
1599340,Lost Ark,2024-07,32987,19612.22
1599340,Lost Ark,2024-06,32179,19317.91
1599340,Lost Ark,2024-05,94636,55778.15
1599340,Lost Ark,2024-04,80934,52675.03
1599340,Lost Ark,2024-03,57368,36063.09
1599340,Lost Ark,2024-02,74167,48472.78
1599340,Lost Ark,2024-01,61791,35018.31
1599340,Lost Ark,2023-12,76536,43365.09
1599340,Lost Ark,2023-11,92052,56856.06
1599340,Lost Ark,2023-10,55815,36073.98
1599340,Lost Ark,2023-09,55605,33960.47
1599340,Lost Ark,2023-08,47514,26145.56
1599340,Lost Ark,2023-07,41813,24390.32
1599340,Lost Ark,2023-06,50884,31496.08
1599340,Lost Ark,2023-05,93465,53032.5
1599340,Lost Ark,2023-04,104411,72282.76
1599340,Lost Ark,2023-03,210379,110815.46
1599340,Lost Ark,2023-02,231166,168210.88
1599340,Lost Ark,2023-01,333008,170228.52
1599340,Lost Ark,2022-12,346761,269489.71
1599340,Lost Ark,2022-11,280576,189625.19
1599340,Lost Ark,2022-10,257779,156386.02
1599340,Lost Ark,2022-09,229630,149088.37
1599340,Lost Ark,2022-08,350545,168339.44
1599340,Lost Ark,2022-07,351516,214630.65
1599340,Lost Ark,2022-06,885379,465789.34
1599340,Lost Ark,2022-05,797694,489020.4
1599340,Lost Ark,2022-04,569729,354897.77
1599340,Lost Ark,2022-03,907696,444117.16
1599340,Lost Ark,2022-02,1324761,699094.08
304930,Unturned,2026-04,14448,9501.45
304930,Unturned,2026-03,12309,8813.62
304930,Unturned,2026-02,13536,9430.89
304930,Unturned,2026-01,14420,9963.28
304930,Unturned,2025-12,14815,10255.2
304930,Unturned,2025-11,14446,10616.5
304930,Unturned,2025-10,16526,11013.97
304930,Unturned,2025-09,16890,10062.14
304930,Unturned,2025-08,15086,10665.33
304930,Unturned,2025-07,18685,11928.73
304930,Unturned,2025-06,20845,12007.17
304930,Unturned,2025-05,25764,13762.52
304930,Unturned,2025-04,26583,14701.62
304930,Unturned,2025-03,34966,13373.78
304930,Unturned,2025-02,21637,14092.4
304930,Unturned,2025-01,21828,13725.42
304930,Unturned,2024-12,21919,15607.07
304930,Unturned,2024-11,22660,14769.06
304930,Unturned,2024-10,20863,14712.16
304930,Unturned,2024-09,25278,16811.0
304930,Unturned,2024-08,32121,24159.55
304930,Unturned,2024-07,33373,25142.29
304930,Unturned,2024-06,65056,35274.17
304930,Unturned,2024-05,68749,52774.12
304930,Unturned,2024-04,59825,49411.3
304930,Unturned,2024-03,60566,50674.63
304930,Unturned,2024-02,62022,51701.17
304930,Unturned,2024-01,63843,52385.54
304930,Unturned,2023-12,64089,48189.05
304930,Unturned,2023-11,58931,51397.32
304930,Unturned,2023-10,61493,49477.14
304930,Unturned,2023-09,63176,54235.95
304930,Unturned,2023-08,67996,58437.1
304930,Unturned,2023-07,71195,61812.52
304930,Unturned,2023-06,69271,55537.32
304930,Unturned,2023-05,66720,57953.83
304930,Unturned,2023-04,67282,54913.4
304930,Unturned,2023-03,67724,53301.87
304930,Unturned,2023-02,102075,61187.67
304930,Unturned,2023-01,112648,66897.53
304930,Unturned,2022-12,72690,54282.17
304930,Unturned,2022-11,64494,53143.84
304930,Unturned,2022-10,92850,52563.98
304930,Unturned,2022-09,61694,25740.12
304930,Unturned,2022-08,67415,30502.44
304930,Unturned,2022-07,60660,31769.4
304930,Unturned,2022-06,56376,32856.91
304930,Unturned,2022-05,51601,32310.98
304930,Unturned,2022-04,50004,34099.07
304930,Unturned,2022-03,46292,31219.42
304930,Unturned,2022-02,46477,32417.92
304930,Unturned,2022-01,55031,36860.88
304930,Unturned,2021-12,70692,33182.48
304930,Unturned,2021-11,60269,28611.55
304930,Unturned,2021-10,33361,24531.35
304930,Unturned,2021-09,33682,24874.39
304930,Unturned,2021-08,34139,25134.29
304930,Unturned,2021-07,36802,25062.11
304930,Unturned,2021-06,32713,23863.98
304930,Unturned,2021-05,33759,23484.87
304930,Unturned,2021-04,30984,21951.43
304930,Unturned,2021-03,29638,22049.08
304930,Unturned,2021-02,50209,23555.92
304930,Unturned,2021-01,30006,22042.28
304930,Unturned,2020-12,32524,19185.61
304930,Unturned,2020-11,33403,20002.9
304930,Unturned,2020-10,36561,22261.63
304930,Unturned,2020-09,29380,17820.96
304930,Unturned,2020-08,25994,19722.35
304930,Unturned,2020-07,27512,17624.51
304930,Unturned,2020-06,33699,22065.05
304930,Unturned,2020-05,35923,21834.93
304930,Unturned,2020-04,39947,28731.95
304930,Unturned,2020-03,42396,23798.73
304930,Unturned,2020-02,33921,19753.06
304930,Unturned,2020-01,34544,17665.01
304930,Unturned,2019-12,38088,17095.73
304930,Unturned,2019-11,31714,17315.16
304930,Unturned,2019-10,47500,15673.54
304930,Unturned,2019-09,18809,12057.08
304930,Unturned,2019-08,18376,13561.73
304930,Unturned,2019-07,23751,15077.53
304930,Unturned,2019-06,17004,12092.68
304930,Unturned,2019-05,17703,10848.11
304930,Unturned,2019-04,18742,11236.02
304930,Unturned,2019-03,18997,11244.77
304930,Unturned,2019-02,30621,16352.54
304930,Unturned,2019-01,33900,22614.65
304930,Unturned,2018-12,36913,18162.71
304930,Unturned,2018-11,24199,14150.3
304930,Unturned,2018-10,21804,11582.28
304930,Unturned,2018-09,20381,11807.35
304930,Unturned,2018-08,19884,14581.09
304930,Unturned,2018-07,20387,14666.05
304930,Unturned,2018-06,20832,13918.77
304930,Unturned,2018-05,18483,10608.19
304930,Unturned,2018-04,19593,10578.66
304930,Unturned,2018-03,23439,12029.66
304930,Unturned,2018-02,25783,13553.17
304930,Unturned,2018-01,30976,16356.82
304930,Unturned,2017-12,32615,16844.96
304930,Unturned,2017-11,32111,14843.81
304930,Unturned,2017-10,31647,14994.02
304930,Unturned,2017-09,29124,15008.75
304930,Unturned,2017-08,29593,20882.47
304930,Unturned,2017-07,38020,23564.34
304930,Unturned,2017-06,29466,18579.59
304930,Unturned,2017-05,30764,16884.21
304930,Unturned,2017-04,32278,18284.68
304930,Unturned,2017-03,36179,18117.75
304930,Unturned,2017-02,42677,22151.24
304930,Unturned,2017-01,37434,21131.31
304930,Unturned,2016-12,37381,20266.72
304930,Unturned,2016-11,42720,20551.59
304930,Unturned,2016-10,48001,22850.05
304930,Unturned,2016-09,50338,23953.29
304930,Unturned,2016-08,55141,34207.88
304930,Unturned,2016-07,39683,28739.29
304930,Unturned,2016-06,38486,24150.97
304930,Unturned,2016-05,32941,16189.73
304930,Unturned,2016-04,34174,16950.49
304930,Unturned,2016-03,39345,19476.9
304930,Unturned,2016-02,40166,20993.91
304930,Unturned,2016-01,42322,18848.51
304930,Unturned,2015-12,33157,17261.13
304930,Unturned,2015-11,29720,14896.81
304930,Unturned,2015-10,36178,18496.65
304930,Unturned,2015-09,35834,16831.3
304930,Unturned,2015-08,31354,19972.91
304930,Unturned,2015-07,27275,17319.53
304930,Unturned,2015-06,19518,12163.14
304930,Unturned,2015-05,19261,10249.8
304930,Unturned,2015-04,19519,10288.36
304930,Unturned,2015-03,18889,8391.11
304930,Unturned,2015-02,17570,9409.75
304930,Unturned,2015-01,18529,8445.18
304930,Unturned,2014-12,16702,8439.39
304930,Unturned,2014-11,16744,7703.26
304930,Unturned,2014-10,20208,8911.0
304930,Unturned,2014-09,28228,12942.77
304930,Unturned,2014-08,53547,29360.41
304930,Unturned,2014-07,62450,30794.22
304930,Unturned,2014-06,20,4.33
440,Team Fortress 2,2026-04,69163,50683.0
440,Team Fortress 2,2026-03,66670,49522.4
440,Team Fortress 2,2026-02,65782,49577.86
440,Team Fortress 2,2026-01,68845,48842.04
440,Team Fortress 2,2025-12,92856,52408.03
440,Team Fortress 2,2025-11,77876,45417.59
440,Team Fortress 2,2025-10,82862,44426.91
440,Team Fortress 2,2025-09,67138,47672.62
440,Team Fortress 2,2025-08,62083,46105.64
440,Team Fortress 2,2025-07,70613,44977.34
440,Team Fortress 2,2025-06,60738,44741.34
440,Team Fortress 2,2025-05,59650,41675.36
440,Team Fortress 2,2025-04,55704,40713.6
440,Team Fortress 2,2025-03,58434,43816.4
440,Team Fortress 2,2025-02,58638,42205.35
440,Team Fortress 2,2025-01,80723,47976.48
440,Team Fortress 2,2024-12,146595,68682.9
440,Team Fortress 2,2024-11,68400,51794.45
440,Team Fortress 2,2024-10,78491,52663.55
440,Team Fortress 2,2024-09,67263,52559.95
440,Team Fortress 2,2024-08,97050,63648.29
440,Team Fortress 2,2024-07,159941,97583.18
440,Team Fortress 2,2024-06,148457,78099.27
440,Team Fortress 2,2024-05,99995,72178.57
440,Team Fortress 2,2024-04,83577,64920.85
440,Team Fortress 2,2024-03,77754,59993.08
440,Team Fortress 2,2024-02,98588,70143.03
440,Team Fortress 2,2024-01,179882,94137.4
440,Team Fortress 2,2023-12,215509,115016.03
440,Team Fortress 2,2023-11,98605,67802.73
440,Team Fortress 2,2023-10,180283,76833.24
440,Team Fortress 2,2023-09,110520,76408.31
440,Team Fortress 2,2023-08,113761,91712.7
440,Team Fortress 2,2023-07,253225,118906.77
440,Team Fortress 2,2023-06,120989,67200.2
440,Team Fortress 2,2023-05,100266,79956.29
440,Team Fortress 2,2023-04,106135,86829.23
440,Team Fortress 2,2023-03,116604,91692.98
440,Team Fortress 2,2023-02,119399,91717.08
440,Team Fortress 2,2023-01,135479,94161.21
440,Team Fortress 2,2022-12,147868,99266.25
440,Team Fortress 2,2022-11,116266,89344.18
440,Team Fortress 2,2022-10,127647,92058.63
440,Team Fortress 2,2022-09,133570,96008.54
440,Team Fortress 2,2022-08,120426,97974.33
440,Team Fortress 2,2022-07,139034,109642.12
440,Team Fortress 2,2022-06,138435,90117.39
440,Team Fortress 2,2022-05,91626,68496.28
440,Team Fortress 2,2022-04,94815,75412.37
440,Team Fortress 2,2022-03,92526,72810.79
440,Team Fortress 2,2022-02,93238,70352.92
440,Team Fortress 2,2022-01,129305,79748.16
440,Team Fortress 2,2021-12,129147,89325.46
440,Team Fortress 2,2021-11,121812,96993.06
440,Team Fortress 2,2021-10,107528,86103.07
440,Team Fortress 2,2021-09,100830,81854.01
440,Team Fortress 2,2021-08,92436,75015.97
440,Team Fortress 2,2021-07,134736,85157.49
440,Team Fortress 2,2021-06,150037,106222.95
440,Team Fortress 2,2021-05,123327,89532.22
440,Team Fortress 2,2021-04,118950,88187.0
440,Team Fortress 2,2021-03,113107,88703.56
440,Team Fortress 2,2021-02,133620,101230.91
440,Team Fortress 2,2021-01,111102,83148.17
440,Team Fortress 2,2020-12,146887,82423.51
440,Team Fortress 2,2020-11,101610,70304.79
440,Team Fortress 2,2020-10,130548,73594.08
440,Team Fortress 2,2020-09,86576,68866.24
440,Team Fortress 2,2020-08,96577,66943.58
440,Team Fortress 2,2020-07,89648,69301.89
440,Team Fortress 2,2020-06,79946,65169.91
440,Team Fortress 2,2020-05,85744,66393.8
440,Team Fortress 2,2020-04,88124,67187.12
440,Team Fortress 2,2020-03,85149,67978.93
440,Team Fortress 2,2020-02,78393,60109.05
440,Team Fortress 2,2020-01,76738,59597.88
440,Team Fortress 2,2019-12,103481,61695.9
440,Team Fortress 2,2019-11,69869,50315.89
440,Team Fortress 2,2019-10,73467,51993.93
440,Team Fortress 2,2019-09,64640,48332.88
440,Team Fortress 2,2019-08,64518,45544.88
440,Team Fortress 2,2019-07,93245,49538.99
440,Team Fortress 2,2019-06,57130,43002.54
440,Team Fortress 2,2019-05,54127,39076.92
440,Team Fortress 2,2019-04,60330,42505.05
440,Team Fortress 2,2019-03,63379,45940.01
440,Team Fortress 2,2019-02,65290,47707.59
440,Team Fortress 2,2019-01,66649,50511.29
440,Team Fortress 2,2018-12,116141,50592.4
440,Team Fortress 2,2018-11,93560,53084.17
440,Team Fortress 2,2018-10,97329,48766.22
440,Team Fortress 2,2018-09,58152,41002.12
440,Team Fortress 2,2018-08,57772,43632.35
440,Team Fortress 2,2018-07,59658,46149.36
440,Team Fortress 2,2018-06,57752,44207.43
440,Team Fortress 2,2018-05,56049,38847.02
440,Team Fortress 2,2018-04,58292,39180.46
440,Team Fortress 2,2018-03,57366,36781.88
440,Team Fortress 2,2018-02,69198,37715.11
440,Team Fortress 2,2018-01,72845,53432.1
440,Team Fortress 2,2017-12,71122,51816.11
440,Team Fortress 2,2017-11,84022,52270.09
440,Team Fortress 2,2017-10,97248,54963.29
440,Team Fortress 2,2017-09,73411,50985.18
440,Team Fortress 2,2017-08,69172,52992.48
440,Team Fortress 2,2017-07,66951,51861.41
440,Team Fortress 2,2017-06,69895,52408.06
440,Team Fortress 2,2017-05,73188,50126.01
440,Team Fortress 2,2017-04,72616,51733.52
440,Team Fortress 2,2017-03,74656,49483.19
440,Team Fortress 2,2017-02,77381,51787.36
440,Team Fortress 2,2017-01,77405,52436.19
440,Team Fortress 2,2016-12,71438,50140.76
440,Team Fortress 2,2016-11,77056,46904.24
440,Team Fortress 2,2016-10,81153,45910.06
440,Team Fortress 2,2016-09,74797,48541.21
440,Team Fortress 2,2016-08,72111,53742.49
440,Team Fortress 2,2016-07,72643,54459.35
440,Team Fortress 2,2016-06,72453,51362.73
440,Team Fortress 2,2016-05,77972,49804.41
440,Team Fortress 2,2016-04,81206,51434.75
440,Team Fortress 2,2016-03,83425,52754.37
440,Team Fortress 2,2016-02,83544,52864.72
440,Team Fortress 2,2016-01,80583,52763.52
440,Team Fortress 2,2015-12,82824,52972.94
440,Team Fortress 2,2015-11,91588,52145.23
440,Team Fortress 2,2015-10,91684,55256.59
440,Team Fortress 2,2015-09,90718,55776.77
440,Team Fortress 2,2015-08,85201,60484.79
440,Team Fortress 2,2015-07,83241,60778.74
440,Team Fortress 2,2015-06,78971,56344.56
440,Team Fortress 2,2015-05,84603,55586.91
440,Team Fortress 2,2015-04,84438,54533.01
440,Team Fortress 2,2015-03,89571,54117.72
440,Team Fortress 2,2015-02,90599,56469.57
440,Team Fortress 2,2015-01,94272,58550.38
440,Team Fortress 2,2014-12,97449,58391.58
440,Team Fortress 2,2014-11,104323,56732.74
440,Team Fortress 2,2014-10,101741,57976.98
440,Team Fortress 2,2014-09,93749,55091.58
440,Team Fortress 2,2014-08,83414,59228.78
440,Team Fortress 2,2014-07,76060,56704.31
440,Team Fortress 2,2014-06,90242,53342.72
440,Team Fortress 2,2014-05,80053,47900.26
440,Team Fortress 2,2014-04,80730,49671.2
440,Team Fortress 2,2014-03,82998,49145.6
440,Team Fortress 2,2014-02,83502,49817.43
440,Team Fortress 2,2014-01,83323,50662.31
440,Team Fortress 2,2013-12,86393,47901.53
440,Team Fortress 2,2013-11,79961,44536.35
440,Team Fortress 2,2013-10,74370,42808.16
440,Team Fortress 2,2013-09,77493,43714.36
440,Team Fortress 2,2013-08,74504,50324.72
440,Team Fortress 2,2013-07,72803,48700.77
440,Team Fortress 2,2013-06,77349,50739.88
440,Team Fortress 2,2013-05,75126,44632.91
440,Team Fortress 2,2013-04,71706,41942.51
440,Team Fortress 2,2013-03,72799,43336.2
440,Team Fortress 2,2013-02,72893,43210.75
440,Team Fortress 2,2013-01,74300,44255.06
440,Team Fortress 2,2012-12,73695,43623.98
440,Team Fortress 2,2012-11,80988,42498.53
440,Team Fortress 2,2012-10,106853,46978.7
440,Team Fortress 2,2012-09,90232,50699.07
440,Team Fortress 2,2012-08,117917,61561.37
440,Team Fortress 2,2012-07,62321,45566.9
1850510,Overwatch 2,2026-04,168,88.99
1850510,Overwatch 2,2026-03,229,111.05
1850510,Overwatch 2,2026-02,275,121.82
1850510,Overwatch 2,2026-01,288,143.25
1850510,Overwatch 2,2025-12,251,124.82
1850510,Overwatch 2,2025-11,271,124.96
1850510,Overwatch 2,2025-10,369,151.1
1850510,Overwatch 2,2025-09,360,155.65
1850510,Overwatch 2,2025-08,471,222.63
1850510,Overwatch 2,2025-07,442,217.41
1850510,Overwatch 2,2025-06,369,116.38
1850510,Overwatch 2,2025-05,315,142.8
1850510,Overwatch 2,2025-04,213,101.09
1850510,Overwatch 2,2025-03,356,138.12
1850510,Overwatch 2,2025-02,319,147.73
1850510,Overwatch 2,2025-01,336,174.08
1850510,Overwatch 2,2024-12,353,190.97
1850510,Overwatch 2,2024-11,271,106.53
1850510,Overwatch 2,2024-10,508,187.28
1850510,Overwatch 2,2024-09,295,87.12
1850510,Overwatch 2,2024-08,173,87.74
1850510,Overwatch 2,2024-07,236,122.96
1850510,Overwatch 2,2024-06,247,105.55
1850510,Overwatch 2,2024-05,365,139.79
1850510,Overwatch 2,2024-04,261,128.79
1850510,Overwatch 2,2024-03,468,158.38
1850510,Overwatch 2,2024-02,190,99.12
1850510,Overwatch 2,2024-01,403,161.34
1850510,Overwatch 2,2023-12,364,148.18
1850510,Overwatch 2,2023-11,137,77.23
1850510,Overwatch 2,2023-10,184,96.92
1850510,Overwatch 2,2023-09,493,176.24
1850510,Overwatch 2,2023-08,265,111.21
1850510,Overwatch 2,2023-07,472,219.71
1850510,Overwatch 2,2023-06,234,115.78
1850510,Overwatch 2,2023-05,649,255.38
1850510,Overwatch 2,2023-04,924,328.97
1850510,Overwatch 2,2023-03,1284,337.19
1850510,Overwatch 2,2023-02,334,170.46
1850510,Overwatch 2,2023-01,1134,432.81
1850510,Overwatch 2,2022-12,1040,510.92
1850510,Overwatch 2,2022-11,913,437.17
1850510,Overwatch 2,2022-10,1971,956.65
1938090,Call of Duty (Free Tier),2026-04,56600,30260.34
1938090,Call of Duty (Free Tier),2026-03,56420,31557.09
1938090,Call of Duty (Free Tier),2026-02,65904,35595.31
1938090,Call of Duty (Free Tier),2026-01,57963,35168.15
1938090,Call of Duty (Free Tier),2025-12,73143,44253.89
1938090,Call of Duty (Free Tier),2025-11,91752,44318.43
1938090,Call of Duty (Free Tier),2025-10,99072,40811.6
1938090,Call of Duty (Free Tier),2025-09,63073,35886.86
1938090,Call of Duty (Free Tier),2025-08,70483,42585.72
1938090,Call of Duty (Free Tier),2025-07,90230,51163.93
1938090,Call of Duty (Free Tier),2025-06,104112,55035.65
1938090,Call of Duty (Free Tier),2025-05,111680,59989.06
1938090,Call of Duty (Free Tier),2025-04,138335,69431.38
1938090,Call of Duty (Free Tier),2025-03,76258,44613.25
1938090,Call of Duty (Free Tier),2025-02,101760,54575.28
1938090,Call of Duty (Free Tier),2025-01,111472,61340.37
1938090,Call of Duty (Free Tier),2024-12,191538,93505.58
1938090,Call of Duty (Free Tier),2024-11,313313,165668.43
1938090,Call of Duty (Free Tier),2024-10,306133,84236.44
1938090,Call of Duty (Free Tier),2024-09,157718,68244.55
1938090,Call of Duty (Free Tier),2024-08,153244,65541.64
1938090,Call of Duty (Free Tier),2024-07,105754,67184.69
1938090,Call of Duty (Free Tier),2024-06,133356,75656.18
1938090,Call of Duty (Free Tier),2024-05,129056,74179.74
1938090,Call of Duty (Free Tier),2024-04,165756,87096.72
1938090,Call of Duty (Free Tier),2024-03,119465,74850.59
1938090,Call of Duty (Free Tier),2024-02,154491,83220.44
1938090,Call of Duty (Free Tier),2024-01,144838,89143.73
1938090,Call of Duty (Free Tier),2023-12,161960,103126.01
1938090,Call of Duty (Free Tier),2023-11,190273,95463.45
1938090,Call of Duty (Free Tier),2023-10,186402,68396.52
1938090,Call of Duty (Free Tier),2023-09,88115,55145.57
1938090,Call of Duty (Free Tier),2023-08,111913,64866.31
1938090,Call of Duty (Free Tier),2023-07,86278,60629.36
1938090,Call of Duty (Free Tier),2023-06,113002,65050.03
1938090,Call of Duty (Free Tier),2023-05,102040,63995.19
1938090,Call of Duty (Free Tier),2023-04,146067,81332.08
1938090,Call of Duty (Free Tier),2023-03,156956,86525.75
1938090,Call of Duty (Free Tier),2023-02,167640,96141.04
1938090,Call of Duty (Free Tier),2023-01,167294,102946.08
1938090,Call of Duty (Free Tier),2022-12,308833,178353.32
1938090,Call of Duty (Free Tier),2022-11,488897,223897.61
1938090,Call of Duty (Free Tier),2022-10,262875,103689.35
1407200,World of Tanks,2026-04,10920,5548.16
1407200,World of Tanks,2026-03,10998,5807.8
1407200,World of Tanks,2026-02,12785,6244.17
1407200,World of Tanks,2026-01,15819,7790.53
1407200,World of Tanks,2025-12,16918,9024.49
1407200,World of Tanks,2025-11,10879,5800.16
1407200,World of Tanks,2025-10,15915,7624.91
1407200,World of Tanks,2025-09,24057,10435.2
1407200,World of Tanks,2025-08,12485,5367.51
1407200,World of Tanks,2025-07,6801,3909.85
1407200,World of Tanks,2025-06,7623,4247.51
1407200,World of Tanks,2025-05,9468,4884.33
1407200,World of Tanks,2025-04,8572,4695.79
1407200,World of Tanks,2025-03,8692,4592.17
1407200,World of Tanks,2025-02,7944,4245.1
1407200,World of Tanks,2025-01,8223,4657.19
1407200,World of Tanks,2024-12,8549,4619.34
1407200,World of Tanks,2024-11,6084,3272.16
1407200,World of Tanks,2024-10,6740,3536.29
1407200,World of Tanks,2024-09,6473,3432.73
1407200,World of Tanks,2024-08,6150,3414.36
1407200,World of Tanks,2024-07,5174,2993.86
1407200,World of Tanks,2024-06,5906,3300.78
1407200,World of Tanks,2024-05,5756,3282.18
1407200,World of Tanks,2024-04,6023,3315.79
1407200,World of Tanks,2024-03,6527,3553.74
1407200,World of Tanks,2024-02,7015,3905.57
1407200,World of Tanks,2024-01,7506,4158.4
1407200,World of Tanks,2023-12,8024,4463.31
1407200,World of Tanks,2023-11,5394,2962.9
1407200,World of Tanks,2023-10,5496,2908.94
1407200,World of Tanks,2023-09,5084,2727.18
1407200,World of Tanks,2023-08,5277,3006.93
1407200,World of Tanks,2023-07,4509,2658.97
1407200,World of Tanks,2023-06,4555,2653.09
1407200,World of Tanks,2023-05,4777,2780.93
1407200,World of Tanks,2023-04,5323,2965.31
1407200,World of Tanks,2023-03,5434,3101.87
1407200,World of Tanks,2023-02,5834,3212.93
1407200,World of Tanks,2023-01,5759,3204.41
1407200,World of Tanks,2022-12,4972,3012.84
1407200,World of Tanks,2022-11,3901,2185.78
1407200,World of Tanks,2022-10,4605,2423.21
1407200,World of Tanks,2022-09,4968,2652.83
1407200,World of Tanks,2022-08,5224,2881.26
1407200,World of Tanks,2022-07,4320,2681.32
1407200,World of Tanks,2022-06,5361,3049.81
1407200,World of Tanks,2022-05,6071,3312.67
1407200,World of Tanks,2022-04,5486,2991.25
1407200,World of Tanks,2022-03,5307,2862.43
1407200,World of Tanks,2022-02,4918,2826.77
1407200,World of Tanks,2022-01,5106,2893.93
1407200,World of Tanks,2021-12,4454,2296.49
1407200,World of Tanks,2021-11,3420,1685.16
1407200,World of Tanks,2021-10,3011,1529.94
1407200,World of Tanks,2021-09,2944,1568.59
1407200,World of Tanks,2021-08,3125,1551.84
1407200,World of Tanks,2021-07,2056,1241.22
1407200,World of Tanks,2021-06,2423,1361.17
1407200,World of Tanks,2021-05,4196,1593.49
273110,Counter-Strike Nexon: Studio,2026-04,699,346.59
273110,Counter-Strike Nexon: Studio,2026-03,559,328.76
273110,Counter-Strike Nexon: Studio,2026-02,936,401.07
273110,Counter-Strike Nexon: Studio,2026-01,780,417.54
273110,Counter-Strike Nexon: Studio,2025-12,891,432.0
273110,Counter-Strike Nexon: Studio,2025-11,644,349.84
273110,Counter-Strike Nexon: Studio,2025-10,749,413.2
273110,Counter-Strike Nexon: Studio,2025-09,768,424.28
273110,Counter-Strike Nexon: Studio,2025-08,759,423.03
273110,Counter-Strike Nexon: Studio,2025-07,848,422.97
273110,Counter-Strike Nexon: Studio,2025-06,682,387.97
273110,Counter-Strike Nexon: Studio,2025-05,751,382.87
273110,Counter-Strike Nexon: Studio,2025-04,687,352.6
273110,Counter-Strike Nexon: Studio,2025-03,798,420.18
273110,Counter-Strike Nexon: Studio,2025-02,816,466.68
273110,Counter-Strike Nexon: Studio,2025-01,800,434.7
273110,Counter-Strike Nexon: Studio,2024-12,727,410.64
273110,Counter-Strike Nexon: Studio,2024-11,811,383.88
273110,Counter-Strike Nexon: Studio,2024-10,882,461.86
273110,Counter-Strike Nexon: Studio,2024-09,1034,537.02
273110,Counter-Strike Nexon: Studio,2024-08,758,452.1
273110,Counter-Strike Nexon: Studio,2024-07,835,432.7
273110,Counter-Strike Nexon: Studio,2024-06,696,406.22
273110,Counter-Strike Nexon: Studio,2024-05,715,393.2
273110,Counter-Strike Nexon: Studio,2024-04,809,441.94
273110,Counter-Strike Nexon: Studio,2024-03,962,528.15
273110,Counter-Strike Nexon: Studio,2024-02,1194,601.42
273110,Counter-Strike Nexon: Studio,2024-01,893,497.74
273110,Counter-Strike Nexon: Studio,2023-12,840,455.56
273110,Counter-Strike Nexon: Studio,2023-11,727,414.77
273110,Counter-Strike Nexon: Studio,2023-10,928,478.64
273110,Counter-Strike Nexon: Studio,2023-09,715,407.24
273110,Counter-Strike Nexon: Studio,2023-08,961,524.28
273110,Counter-Strike Nexon: Studio,2023-07,902,514.01
273110,Counter-Strike Nexon: Studio,2023-06,872,468.6
273110,Counter-Strike Nexon: Studio,2023-05,756,395.78
273110,Counter-Strike Nexon: Studio,2023-04,820,420.23
273110,Counter-Strike Nexon: Studio,2023-03,730,422.76
273110,Counter-Strike Nexon: Studio,2023-02,699,435.26
273110,Counter-Strike Nexon: Studio,2023-01,893,472.49
273110,Counter-Strike Nexon: Studio,2022-12,617,375.68
273110,Counter-Strike Nexon: Studio,2022-11,537,332.16
273110,Counter-Strike Nexon: Studio,2022-10,734,404.85
273110,Counter-Strike Nexon: Studio,2022-09,930,501.4
273110,Counter-Strike Nexon: Studio,2022-08,1022,591.84
273110,Counter-Strike Nexon: Studio,2022-07,1175,688.13
273110,Counter-Strike Nexon: Studio,2022-06,1145,488.72
273110,Counter-Strike Nexon: Studio,2022-05,974,485.61
273110,Counter-Strike Nexon: Studio,2022-04,1007,492.16
273110,Counter-Strike Nexon: Studio,2022-03,1077,503.61
273110,Counter-Strike Nexon: Studio,2022-02,1156,657.83
273110,Counter-Strike Nexon: Studio,2022-01,1130,594.28
273110,Counter-Strike Nexon: Studio,2021-12,1194,489.84
273110,Counter-Strike Nexon: Studio,2021-11,891,475.62
273110,Counter-Strike Nexon: Studio,2021-10,781,449.53
273110,Counter-Strike Nexon: Studio,2021-09,976,535.95
273110,Counter-Strike Nexon: Studio,2021-08,1112,562.53
273110,Counter-Strike Nexon: Studio,2021-07,1227,620.25
273110,Counter-Strike Nexon: Studio,2021-06,889,544.16
273110,Counter-Strike Nexon: Studio,2021-05,1131,604.53
273110,Counter-Strike Nexon: Studio,2021-04,810,518.66
273110,Counter-Strike Nexon: Studio,2021-03,1170,633.97
273110,Counter-Strike Nexon: Studio,2021-02,1222,667.77
273110,Counter-Strike Nexon: Studio,2021-01,1462,754.1
273110,Counter-Strike Nexon: Studio,2020-12,1017,587.84
273110,Counter-Strike Nexon: Studio,2020-11,958,586.3
273110,Counter-Strike Nexon: Studio,2020-10,1094,630.61
273110,Counter-Strike Nexon: Studio,2020-09,1432,632.33
273110,Counter-Strike Nexon: Studio,2020-08,1048,600.01
273110,Counter-Strike Nexon: Studio,2020-07,976,549.83
273110,Counter-Strike Nexon: Studio,2020-06,993,559.42
273110,Counter-Strike Nexon: Studio,2020-05,1638,762.56
273110,Counter-Strike Nexon: Studio,2020-04,1555,876.48
273110,Counter-Strike Nexon: Studio,2020-03,1132,609.16
273110,Counter-Strike Nexon: Studio,2020-02,1205,556.55
273110,Counter-Strike Nexon: Studio,2020-01,1902,762.92
273110,Counter-Strike Nexon: Studio,2019-12,893,521.02
273110,Counter-Strike Nexon: Studio,2019-11,1233,606.1
273110,Counter-Strike Nexon: Studio,2019-10,1450,681.13
273110,Counter-Strike Nexon: Studio,2019-09,1223,692.5
273110,Counter-Strike Nexon: Studio,2019-08,1943,997.09
273110,Counter-Strike Nexon: Studio,2019-07,1339,496.04
273110,Counter-Strike Nexon: Studio,2019-06,832,479.18
273110,Counter-Strike Nexon: Studio,2019-05,1302,570.8
273110,Counter-Strike Nexon: Studio,2019-04,906,464.64
273110,Counter-Strike Nexon: Studio,2019-03,1110,569.51
273110,Counter-Strike Nexon: Studio,2019-02,1170,549.16
273110,Counter-Strike Nexon: Studio,2019-01,1432,764.52
273110,Counter-Strike Nexon: Studio,2018-12,1185,642.61
273110,Counter-Strike Nexon: Studio,2018-11,1389,639.37
273110,Counter-Strike Nexon: Studio,2018-10,1585,660.86
273110,Counter-Strike Nexon: Studio,2018-09,1169,631.29
273110,Counter-Strike Nexon: Studio,2018-08,1616,821.58
273110,Counter-Strike Nexon: Studio,2018-07,2455,1236.51
273110,Counter-Strike Nexon: Studio,2018-06,1948,1141.98
273110,Counter-Strike Nexon: Studio,2018-05,2718,1307.51
273110,Counter-Strike Nexon: Studio,2018-04,2389,1112.3
273110,Counter-Strike Nexon: Studio,2018-03,2233,1083.37
273110,Counter-Strike Nexon: Studio,2018-02,2337,1206.72
273110,Counter-Strike Nexon: Studio,2018-01,3108,1463.98
273110,Counter-Strike Nexon: Studio,2017-12,3210,1407.03
273110,Counter-Strike Nexon: Studio,2017-11,2637,1339.56
273110,Counter-Strike Nexon: Studio,2017-10,2845,1501.69
273110,Counter-Strike Nexon: Studio,2017-09,3522,1778.63
273110,Counter-Strike Nexon: Studio,2017-08,4319,2367.09
273110,Counter-Strike Nexon: Studio,2017-07,4360,2447.62
273110,Counter-Strike Nexon: Studio,2017-06,4314,2470.5
273110,Counter-Strike Nexon: Studio,2017-05,4197,2320.56
273110,Counter-Strike Nexon: Studio,2017-04,4932,2681.23
273110,Counter-Strike Nexon: Studio,2017-03,5776,2700.42
273110,Counter-Strike Nexon: Studio,2017-02,5656,2894.32
273110,Counter-Strike Nexon: Studio,2017-01,5036,2837.97
273110,Counter-Strike Nexon: Studio,2016-12,5213,2730.57
273110,Counter-Strike Nexon: Studio,2016-11,4567,2315.14
273110,Counter-Strike Nexon: Studio,2016-10,5248,2565.06
273110,Counter-Strike Nexon: Studio,2016-09,5345,2838.83
273110,Counter-Strike Nexon: Studio,2016-08,5750,3542.1
273110,Counter-Strike Nexon: Studio,2016-07,5569,3538.43
273110,Counter-Strike Nexon: Studio,2016-06,6399,3730.77
273110,Counter-Strike Nexon: Studio,2016-05,5998,3166.46
273110,Counter-Strike Nexon: Studio,2016-04,6751,3306.57
273110,Counter-Strike Nexon: Studio,2016-03,7046,3059.74
273110,Counter-Strike Nexon: Studio,2016-02,5609,2887.17
273110,Counter-Strike Nexon: Studio,2016-01,5978,3178.24
273110,Counter-Strike Nexon: Studio,2015-12,6085,3067.06
273110,Counter-Strike Nexon: Studio,2015-11,6148,3001.34
273110,Counter-Strike Nexon: Studio,2015-10,9605,3545.97
273110,Counter-Strike Nexon: Studio,2015-09,9077,3422.43
273110,Counter-Strike Nexon: Studio,2015-08,9264,4796.67
273110,Counter-Strike Nexon: Studio,2015-07,8002,4500.3
273110,Counter-Strike Nexon: Studio,2015-06,5092,2701.78
273110,Counter-Strike Nexon: Studio,2015-05,4550,2455.3
273110,Counter-Strike Nexon: Studio,2015-04,5107,2349.15
273110,Counter-Strike Nexon: Studio,2015-03,4813,2274.54
273110,Counter-Strike Nexon: Studio,2015-02,5074,2541.96
273110,Counter-Strike Nexon: Studio,2015-01,5735,2796.76
273110,Counter-Strike Nexon: Studio,2014-12,6164,3002.11
273110,Counter-Strike Nexon: Studio,2014-11,9132,3837.18
273110,Counter-Strike Nexon: Studio,2014-10,9858,3916.41
273110,Counter-Strike Nexon: Studio,2014-09,6436,301.56
700330,SCP: Secret Laboratory,2026-04,7268,3508.53
700330,SCP: Secret Laboratory,2026-03,8194,3646.54
700330,SCP: Secret Laboratory,2026-02,8870,4562.83
700330,SCP: Secret Laboratory,2026-01,8437,4275.27
700330,SCP: Secret Laboratory,2025-12,8681,3956.46
700330,SCP: Secret Laboratory,2025-11,11057,3915.06
700330,SCP: Secret Laboratory,2025-10,11103,4389.66
700330,SCP: Secret Laboratory,2025-09,9187,3909.77
700330,SCP: Secret Laboratory,2025-08,10093,6244.43
700330,SCP: Secret Laboratory,2025-07,9800,5655.45
700330,SCP: Secret Laboratory,2025-06,7991,4656.6
700330,SCP: Secret Laboratory,2025-05,8801,4677.14
700330,SCP: Secret Laboratory,2025-04,7918,4162.35
700330,SCP: Secret Laboratory,2025-03,7586,3925.35
700330,SCP: Secret Laboratory,2025-02,8352,4521.29
700330,SCP: Secret Laboratory,2025-01,8212,4658.66
700330,SCP: Secret Laboratory,2024-12,8160,4377.47
700330,SCP: Secret Laboratory,2024-11,9070,4663.88
700330,SCP: Secret Laboratory,2024-10,10251,4913.28
700330,SCP: Secret Laboratory,2024-09,9294,4682.32
700330,SCP: Secret Laboratory,2024-08,9776,6417.53
700330,SCP: Secret Laboratory,2024-07,9079,5686.39
700330,SCP: Secret Laboratory,2024-06,10260,5538.95
700330,SCP: Secret Laboratory,2024-05,9691,4965.03
700330,SCP: Secret Laboratory,2024-04,9154,4587.1
700330,SCP: Secret Laboratory,2024-03,10376,5119.19
700330,SCP: Secret Laboratory,2024-02,10984,6078.74
700330,SCP: Secret Laboratory,2024-01,10950,6053.89
700330,SCP: Secret Laboratory,2023-12,11144,5488.11
700330,SCP: Secret Laboratory,2023-11,11104,5295.11
700330,SCP: Secret Laboratory,2023-10,13662,5577.77
700330,SCP: Secret Laboratory,2023-09,11350,5352.91
700330,SCP: Secret Laboratory,2023-08,10171,6805.8
700330,SCP: Secret Laboratory,2023-07,9578,6464.97
700330,SCP: Secret Laboratory,2023-06,9263,5845.44
700330,SCP: Secret Laboratory,2023-05,8200,4699.59
700330,SCP: Secret Laboratory,2023-04,7367,4195.56
700330,SCP: Secret Laboratory,2023-03,7069,3885.53
700330,SCP: Secret Laboratory,2023-02,8042,4378.17
700330,SCP: Secret Laboratory,2023-01,8215,4756.16
700330,SCP: Secret Laboratory,2022-12,7382,3700.98
700330,SCP: Secret Laboratory,2022-11,4650,2405.35
700330,SCP: Secret Laboratory,2022-10,5015,2616.43
700330,SCP: Secret Laboratory,2022-09,4753,2411.06
700330,SCP: Secret Laboratory,2022-08,5145,3352.94
700330,SCP: Secret Laboratory,2022-07,4554,3144.51
700330,SCP: Secret Laboratory,2022-06,4248,2832.3
700330,SCP: Secret Laboratory,2022-05,4458,2586.95
700330,SCP: Secret Laboratory,2022-04,4816,2725.56
700330,SCP: Secret Laboratory,2022-03,4271,2473.18
700330,SCP: Secret Laboratory,2022-02,4398,2814.75
700330,SCP: Secret Laboratory,2022-01,4749,3035.6
700330,SCP: Secret Laboratory,2021-12,4805,2868.78
700330,SCP: Secret Laboratory,2021-11,5117,2759.37
700330,SCP: Secret Laboratory,2021-10,7038,3584.46
700330,SCP: Secret Laboratory,2021-09,5954,3272.48
700330,SCP: Secret Laboratory,2021-08,11109,4984.88
700330,SCP: Secret Laboratory,2021-07,6331,4016.02
700330,SCP: Secret Laboratory,2021-06,5195,3362.07
700330,SCP: Secret Laboratory,2021-05,5818,3457.45
700330,SCP: Secret Laboratory,2021-04,6186,3590.31
700330,SCP: Secret Laboratory,2021-03,7422,4268.31
700330,SCP: Secret Laboratory,2021-02,7438,4974.93
700330,SCP: Secret Laboratory,2021-01,6929,4433.34
700330,SCP: Secret Laboratory,2020-12,5789,3609.51
700330,SCP: Secret Laboratory,2020-11,6134,3689.79
700330,SCP: Secret Laboratory,2020-10,7238,3934.47
700330,SCP: Secret Laboratory,2020-09,6970,4106.0
700330,SCP: Secret Laboratory,2020-08,7603,5679.27
700330,SCP: Secret Laboratory,2020-07,6871,3999.78
700330,SCP: Secret Laboratory,2020-06,5341,3611.58
700330,SCP: Secret Laboratory,2020-05,6395,3513.61
700330,SCP: Secret Laboratory,2020-04,5971,3809.65
700330,SCP: Secret Laboratory,2020-03,5190,3425.87
700330,SCP: Secret Laboratory,2020-02,4450,2715.27
700330,SCP: Secret Laboratory,2020-01,4449,2672.34
700330,SCP: Secret Laboratory,2019-12,5901,2471.54
700330,SCP: Secret Laboratory,2019-11,6553,2591.97
700330,SCP: Secret Laboratory,2019-10,4525,2202.33
700330,SCP: Secret Laboratory,2019-09,4720,2474.4
700330,SCP: Secret Laboratory,2019-08,5002,3103.22
700330,SCP: Secret Laboratory,2019-07,4039,2807.17
700330,SCP: Secret Laboratory,2019-06,3815,2616.56
700330,SCP: Secret Laboratory,2019-05,4463,2505.54
700330,SCP: Secret Laboratory,2019-04,5050,2723.85
700330,SCP: Secret Laboratory,2019-03,4834,2616.94
700330,SCP: Secret Laboratory,2019-02,3999,2341.12
700330,SCP: Secret Laboratory,2019-01,4353,2540.91
700330,SCP: Secret Laboratory,2018-12,4135,2354.84
700330,SCP: Secret Laboratory,2018-11,4219,2180.51
700330,SCP: Secret Laboratory,2018-10,4540,2416.03
700330,SCP: Secret Laboratory,2018-09,4268,1886.83
700330,SCP: Secret Laboratory,2018-08,2834,1991.78
700330,SCP: Secret Laboratory,2018-07,2839,1928.83
700330,SCP: Secret Laboratory,2018-06,2270,1306.17
700330,SCP: Secret Laboratory,2018-05,2954,1337.56
700330,SCP: Secret Laboratory,2018-04,3133,1468.16
700330,SCP: Secret Laboratory,2018-03,2322,1127.21
700330,SCP: Secret Laboratory,2018-02,2005,1152.28
700330,SCP: Secret Laboratory,2018-01,1634,839.88
700330,SCP: Secret Laboratory,2017-12,4326,99.97
698780,Doki Doki Literature Club!,2026-04,858,525.77
698780,Doki Doki Literature Club!,2026-03,724,468.28
698780,Doki Doki Literature Club!,2026-02,819,516.35
698780,Doki Doki Literature Club!,2026-01,826,549.69
698780,Doki Doki Literature Club!,2025-12,771,517.2
698780,Doki Doki Literature Club!,2025-11,601,411.96
698780,Doki Doki Literature Club!,2025-10,617,393.7
698780,Doki Doki Literature Club!,2025-09,584,390.36
698780,Doki Doki Literature Club!,2025-08,580,428.67
698780,Doki Doki Literature Club!,2025-07,540,429.23
698780,Doki Doki Literature Club!,2025-06,608,453.79
698780,Doki Doki Literature Club!,2025-05,593,418.82
698780,Doki Doki Literature Club!,2025-04,629,428.82
698780,Doki Doki Literature Club!,2025-03,699,455.51
698780,Doki Doki Literature Club!,2025-02,713,493.09
698780,Doki Doki Literature Club!,2025-01,846,581.11
698780,Doki Doki Literature Club!,2024-12,827,467.38
698780,Doki Doki Literature Club!,2024-11,774,445.73
698780,Doki Doki Literature Club!,2024-10,834,504.31
698780,Doki Doki Literature Club!,2024-09,649,386.8
698780,Doki Doki Literature Club!,2024-08,672,457.44
698780,Doki Doki Literature Club!,2024-07,593,444.44
698780,Doki Doki Literature Club!,2024-06,593,416.48
698780,Doki Doki Literature Club!,2024-05,600,375.54
698780,Doki Doki Literature Club!,2024-04,585,374.2
698780,Doki Doki Literature Club!,2024-03,633,408.07
698780,Doki Doki Literature Club!,2024-02,780,497.49
698780,Doki Doki Literature Club!,2024-01,637,437.95
698780,Doki Doki Literature Club!,2023-12,634,408.0
698780,Doki Doki Literature Club!,2023-11,551,367.99
698780,Doki Doki Literature Club!,2023-10,587,376.24
698780,Doki Doki Literature Club!,2023-09,597,379.84
698780,Doki Doki Literature Club!,2023-08,651,456.11
698780,Doki Doki Literature Club!,2023-07,710,479.83
698780,Doki Doki Literature Club!,2023-06,603,429.42
698780,Doki Doki Literature Club!,2023-05,593,382.15
698780,Doki Doki Literature Club!,2023-04,638,407.42
698780,Doki Doki Literature Club!,2023-03,629,413.08
698780,Doki Doki Literature Club!,2023-02,662,431.69
698780,Doki Doki Literature Club!,2023-01,676,443.04
698780,Doki Doki Literature Club!,2022-12,625,441.42
698780,Doki Doki Literature Club!,2022-11,674,409.55
698780,Doki Doki Literature Club!,2022-10,739,434.09
698780,Doki Doki Literature Club!,2022-09,786,465.54
698780,Doki Doki Literature Club!,2022-08,614,480.08
698780,Doki Doki Literature Club!,2022-07,760,556.46
698780,Doki Doki Literature Club!,2022-06,868,612.17
698780,Doki Doki Literature Club!,2022-05,860,563.09
698780,Doki Doki Literature Club!,2022-04,848,577.48
698780,Doki Doki Literature Club!,2022-03,890,600.53
698780,Doki Doki Literature Club!,2022-02,944,646.1
698780,Doki Doki Literature Club!,2022-01,1004,700.46
698780,Doki Doki Literature Club!,2021-12,1039,655.71
698780,Doki Doki Literature Club!,2021-11,896,597.09
698780,Doki Doki Literature Club!,2021-10,969,520.7
698780,Doki Doki Literature Club!,2021-09,889,619.24
698780,Doki Doki Literature Club!,2021-08,1244,833.74
698780,Doki Doki Literature Club!,2021-07,1955,1234.41
698780,Doki Doki Literature Club!,2021-06,1617,901.98
698780,Doki Doki Literature Club!,2021-05,954,615.41
698780,Doki Doki Literature Club!,2021-04,850,604.85
698780,Doki Doki Literature Club!,2021-03,914,663.85
698780,Doki Doki Literature Club!,2021-02,1001,746.79
698780,Doki Doki Literature Club!,2021-01,972,732.17
698780,Doki Doki Literature Club!,2020-12,944,650.12
698780,Doki Doki Literature Club!,2020-11,847,618.69
698780,Doki Doki Literature Club!,2020-10,885,595.21
698780,Doki Doki Literature Club!,2020-09,812,614.78
698780,Doki Doki Literature Club!,2020-08,911,719.7
698780,Doki Doki Literature Club!,2020-07,910,783.16
698780,Doki Doki Literature Club!,2020-06,961,762.75
698780,Doki Doki Literature Club!,2020-05,984,770.01
698780,Doki Doki Literature Club!,2020-04,1061,801.95
698780,Doki Doki Literature Club!,2020-03,972,701.45
698780,Doki Doki Literature Club!,2020-02,755,548.42
698780,Doki Doki Literature Club!,2020-01,782,517.05
698780,Doki Doki Literature Club!,2019-12,699,444.02
698780,Doki Doki Literature Club!,2019-11,651,405.02
698780,Doki Doki Literature Club!,2019-10,664,388.04
698780,Doki Doki Literature Club!,2019-09,678,397.94
698780,Doki Doki Literature Club!,2019-08,616,436.75
698780,Doki Doki Literature Club!,2019-07,633,466.22
698780,Doki Doki Literature Club!,2019-06,866,435.68
698780,Doki Doki Literature Club!,2019-05,798,372.16
698780,Doki Doki Literature Club!,2019-04,584,374.23
698780,Doki Doki Literature Club!,2019-03,700,412.98
698780,Doki Doki Literature Club!,2019-02,724,461.87
698780,Doki Doki Literature Club!,2019-01,813,526.08
698780,Doki Doki Literature Club!,2018-12,800,484.66
698780,Doki Doki Literature Club!,2018-11,745,446.43
698780,Doki Doki Literature Club!,2018-10,755,467.45
698780,Doki Doki Literature Club!,2018-09,1158,612.09
698780,Doki Doki Literature Club!,2018-08,1000,703.16
698780,Doki Doki Literature Club!,2018-07,1262,899.88
698780,Doki Doki Literature Club!,2018-06,1431,821.93
698780,Doki Doki Literature Club!,2018-05,1289,817.43
698780,Doki Doki Literature Club!,2018-04,1714,1002.79
698780,Doki Doki Literature Club!,2018-03,2625,1432.05
698780,Doki Doki Literature Club!,2018-02,3854,2188.1
698780,Doki Doki Literature Club!,2018-01,6344,3864.17
698780,Doki Doki Literature Club!,2017-12,7402,3831.05
698780,Doki Doki Literature Club!,2017-11,2858,1425.74
698780,Doki Doki Literature Club!,2017-10,2326,1382.54
1818750,MultiVersus,2026-04,112,49.87
1818750,MultiVersus,2026-03,109,52.04
1818750,MultiVersus,2026-02,194,66.25
1818750,MultiVersus,2026-01,44,20.93
1818750,MultiVersus,2025-12,50,21.04
1818750,MultiVersus,2025-11,55,25.14
1818750,MultiVersus,2025-10,52,23.19
1818750,MultiVersus,2025-09,53,25.03
1818750,MultiVersus,2025-08,70,32.71
1818750,MultiVersus,2025-07,76,36.67
1818750,MultiVersus,2025-06,288,55.56
1818750,MultiVersus,2025-05,941,286.01
1818750,MultiVersus,2025-04,485,273.72
1818750,MultiVersus,2025-03,696,368.33
1818750,MultiVersus,2025-02,1887,550.25
1818750,MultiVersus,2025-01,1126,555.71
1818750,MultiVersus,2024-12,1667,731.09
1818750,MultiVersus,2024-11,4634,1301.66
1818750,MultiVersus,2024-10,2679,1302.64
1818750,MultiVersus,2024-09,5724,1802.0
1818750,MultiVersus,2024-08,5138,2625.2
1818750,MultiVersus,2024-07,13804,4191.32
1818750,MultiVersus,2024-06,53743,14261.76
1818750,MultiVersus,2024-05,114403,5763.44
1818750,MultiVersus,2024-04,198,71.87
1818750,MultiVersus,2024-03,192,77.88
1818750,MultiVersus,2024-02,79,35.65
1818750,MultiVersus,2024-01,76,35.03
1818750,MultiVersus,2023-12,80,34.6
1818750,MultiVersus,2023-11,67,28.47
1818750,MultiVersus,2023-10,78,32.41
1818750,MultiVersus,2023-09,80,33.36
1818750,MultiVersus,2023-08,80,41.08
1818750,MultiVersus,2023-07,91,50.62
1818750,MultiVersus,2023-06,448,184.45
1818750,MultiVersus,2023-05,344,188.47
1818750,MultiVersus,2023-04,790,274.95
1818750,MultiVersus,2023-03,1013,508.3
1818750,MultiVersus,2023-02,1324,735.44
1818750,MultiVersus,2023-01,1694,951.23
1818750,MultiVersus,2022-12,2581,1199.32
1818750,MultiVersus,2022-11,4538,1911.08
1818750,MultiVersus,2022-10,8375,3104.83
1818750,MultiVersus,2022-09,22037,8664.43
1818750,MultiVersus,2022-08,139095,41553.39
1818750,MultiVersus,2022-07,153044,66920.13
677620,Splitgate,2026-04,42,17.01
677620,Splitgate,2026-03,43,17.29
677620,Splitgate,2026-02,49,20.62
677620,Splitgate,2026-01,62,24.32
677620,Splitgate,2025-12,83,27.49
677620,Splitgate,2025-11,62,23.25
677620,Splitgate,2025-10,53,23.28
677620,Splitgate,2025-09,78,29.55
677620,Splitgate,2025-08,205,93.81
677620,Splitgate,2025-07,165,93.65
677620,Splitgate,2025-06,328,133.04
677620,Splitgate,2025-05,450,165.25
677620,Splitgate,2025-04,286,155.3
677620,Splitgate,2025-03,360,178.38
677620,Splitgate,2025-02,338,178.45
677620,Splitgate,2025-01,327,187.74
677620,Splitgate,2024-12,336,178.61
677620,Splitgate,2024-11,359,186.07
677620,Splitgate,2024-10,341,190.21
677620,Splitgate,2024-09,452,225.19
677620,Splitgate,2024-08,507,307.4
677620,Splitgate,2024-07,561,277.72
677620,Splitgate,2024-06,421,247.52
677620,Splitgate,2024-05,485,256.4
677620,Splitgate,2024-04,448,246.14
677620,Splitgate,2024-03,504,248.07
677620,Splitgate,2024-02,462,248.52
677620,Splitgate,2024-01,482,276.85
677620,Splitgate,2023-12,996,301.42
677620,Splitgate,2023-11,514,284.09
677620,Splitgate,2023-10,593,315.43
677620,Splitgate,2023-09,654,354.32
677620,Splitgate,2023-08,689,436.28
677620,Splitgate,2023-07,703,466.04
677620,Splitgate,2023-06,794,456.33
677620,Splitgate,2023-05,730,413.84
677620,Splitgate,2023-04,824,465.76
677620,Splitgate,2023-03,830,450.57
677620,Splitgate,2023-02,892,480.84
677620,Splitgate,2023-01,927,538.55
677620,Splitgate,2022-12,1109,548.02
677620,Splitgate,2022-11,1063,557.2
677620,Splitgate,2022-10,1337,663.12
677620,Splitgate,2022-09,1595,885.76
677620,Splitgate,2022-08,1677,1068.15
677620,Splitgate,2022-07,1896,1219.22
677620,Splitgate,2022-06,2777,1448.74
677620,Splitgate,2022-05,2198,1364.39
677620,Splitgate,2022-04,2429,1500.48
677620,Splitgate,2022-03,2768,1570.23
677620,Splitgate,2022-02,3533,1965.21
677620,Splitgate,2022-01,3437,1882.57
677620,Splitgate,2021-12,5040,2069.44
677620,Splitgate,2021-11,5122,2871.18
677620,Splitgate,2021-10,9841,4920.05
677620,Splitgate,2021-09,34868,12622.87
677620,Splitgate,2021-08,67724,36262.0
677620,Splitgate,2021-07,45597,3715.0
677620,Splitgate,2021-06,954,336.44
677620,Splitgate,2021-05,401,217.09
677620,Splitgate,2021-04,433,251.17
677620,Splitgate,2021-03,444,247.13
677620,Splitgate,2021-02,377,202.69
677620,Splitgate,2021-01,422,235.47
677620,Splitgate,2020-12,405,211.92
677620,Splitgate,2020-11,387,211.58
677620,Splitgate,2020-10,295,116.98
677620,Splitgate,2020-09,230,110.0
677620,Splitgate,2020-08,247,122.96
677620,Splitgate,2020-07,233,136.2
677620,Splitgate,2020-06,217,117.77
677620,Splitgate,2020-05,231,131.86
677620,Splitgate,2020-04,256,149.04
677620,Splitgate,2020-03,321,152.3
677620,Splitgate,2020-02,270,124.1
677620,Splitgate,2020-01,269,128.21
677620,Splitgate,2019-12,255,116.35
677620,Splitgate,2019-11,248,109.21
677620,Splitgate,2019-10,298,109.59
677620,Splitgate,2019-09,487,160.21
677620,Splitgate,2019-08,249,123.22
677620,Splitgate,2019-07,394,195.94
677620,Splitgate,2019-06,4072,598.66
677620,Splitgate,2019-05,11901,4673.39
466240,Deceit,2026-04,59,13.93
466240,Deceit,2026-03,65,15.56
466240,Deceit,2026-02,57,16.57
466240,Deceit,2026-01,69,19.17
466240,Deceit,2025-12,66,16.15
466240,Deceit,2025-11,256,44.33
466240,Deceit,2025-10,287,96.21
466240,Deceit,2025-09,285,106.28
466240,Deceit,2025-08,334,139.46
466240,Deceit,2025-07,464,174.75
466240,Deceit,2025-06,380,169.72
466240,Deceit,2025-05,480,175.52
466240,Deceit,2025-04,4852,525.01
466240,Deceit,2025-03,3228,202.7
466240,Deceit,2025-02,4541,727.64
466240,Deceit,2025-01,2395,442.99
466240,Deceit,2024-12,512,187.92
466240,Deceit,2024-11,541,207.98
466240,Deceit,2024-10,617,245.24
466240,Deceit,2024-09,625,256.4
466240,Deceit,2024-08,640,326.5
466240,Deceit,2024-07,594,330.71
466240,Deceit,2024-06,844,394.24
466240,Deceit,2024-05,2082,515.1
466240,Deceit,2024-04,3369,731.53
466240,Deceit,2024-03,1949,555.34
466240,Deceit,2024-02,2666,774.51
466240,Deceit,2024-01,1044,485.57
466240,Deceit,2023-12,1189,410.2
466240,Deceit,2023-11,1113,454.57
466240,Deceit,2023-10,1295,562.52
466240,Deceit,2023-09,1320,574.61
466240,Deceit,2023-08,1204,715.13
466240,Deceit,2023-07,2288,1043.82
466240,Deceit,2023-06,1841,852.88
466240,Deceit,2023-05,1667,760.6
466240,Deceit,2023-04,1615,737.31
466240,Deceit,2023-03,1176,534.4
466240,Deceit,2023-02,2376,798.76
466240,Deceit,2023-01,1206,599.47
466240,Deceit,2022-12,986,524.26
466240,Deceit,2022-11,1093,521.16
466240,Deceit,2022-10,1220,553.87
466240,Deceit,2022-09,1325,610.61
466240,Deceit,2022-08,1413,825.56
466240,Deceit,2022-07,1315,824.17
466240,Deceit,2022-06,1459,801.71
466240,Deceit,2022-05,1712,863.03
466240,Deceit,2022-04,1915,1014.88
466240,Deceit,2022-03,1667,755.22
466240,Deceit,2022-02,1054,567.93
466240,Deceit,2022-01,1163,580.84
466240,Deceit,2021-12,866,425.01
466240,Deceit,2021-11,1009,445.69
466240,Deceit,2021-10,1372,540.79
466240,Deceit,2021-09,1160,521.31
466240,Deceit,2021-08,1331,714.08
466240,Deceit,2021-07,1004,604.32
466240,Deceit,2021-06,982,560.42
466240,Deceit,2021-05,1197,625.92
466240,Deceit,2021-04,1420,705.97
466240,Deceit,2021-03,1192,580.11
466240,Deceit,2021-02,1251,728.45
466240,Deceit,2021-01,1237,689.44
466240,Deceit,2020-12,1463,766.54
466240,Deceit,2020-11,2414,1029.22
466240,Deceit,2020-10,2900,1220.44
466240,Deceit,2020-09,3382,1680.41
466240,Deceit,2020-08,3605,2244.82
466240,Deceit,2020-07,3185,1722.45
466240,Deceit,2020-06,3738,1917.26
466240,Deceit,2020-05,5737,2955.66
466240,Deceit,2020-04,6434,3818.75
466240,Deceit,2020-03,5176,2602.39
466240,Deceit,2020-02,4475,1854.93
466240,Deceit,2020-01,2546,1427.73
466240,Deceit,2019-12,2329,1217.41
466240,Deceit,2019-11,2672,1132.32
466240,Deceit,2019-10,2338,1025.0
466240,Deceit,2019-09,1939,952.0
466240,Deceit,2019-08,2081,1257.71
466240,Deceit,2019-07,2264,1410.14
466240,Deceit,2019-06,2666,1480.21
466240,Deceit,2019-05,2993,1208.09
466240,Deceit,2019-04,2232,1097.15
466240,Deceit,2019-03,1631,831.98
466240,Deceit,2019-02,1712,793.17
466240,Deceit,2019-01,1908,1101.76
466240,Deceit,2018-12,1972,937.25
466240,Deceit,2018-11,3083,1307.69
466240,Deceit,2018-10,3171,1480.2
466240,Deceit,2018-09,3602,1575.87
466240,Deceit,2018-08,3788,2421.72
466240,Deceit,2018-07,3214,1905.18
466240,Deceit,2018-06,2274,1348.51
466240,Deceit,2018-05,2317,1279.96
466240,Deceit,2018-04,2646,1370.07
466240,Deceit,2018-03,2697,1465.82
466240,Deceit,2018-02,3420,1720.05
466240,Deceit,2018-01,4122,2428.89
466240,Deceit,2017-12,4364,2203.61
466240,Deceit,2017-11,8554,2993.35
466240,Deceit,2017-10,16503,2690.24
466240,Deceit,2017-09,107,36.65
466240,Deceit,2017-08,408,66.02
466240,Deceit,2017-07,135,56.66
466240,Deceit,2017-06,114,51.32
466240,Deceit,2017-05,217,103.55
466240,Deceit,2017-04,741,250.92
466240,Deceit,2017-03,1503,452.07
466240,Deceit,2017-02,22,1.21
466240,Deceit,2017-01,29,1.84
466240,Deceit,2016-12,31,6.03
466240,Deceit,2016-11,55,5.34
466240,Deceit,2016-10,47,8.06
466240,Deceit,2016-09,6,1.16
1046930,Dota Underlords,2026-04,1159,784.89
1046930,Dota Underlords,2026-03,1122,780.04
1046930,Dota Underlords,2026-02,1237,835.3
1046930,Dota Underlords,2026-01,1271,855.09
1046930,Dota Underlords,2025-12,1351,836.42
1046930,Dota Underlords,2025-11,1373,933.04
1046930,Dota Underlords,2025-10,1415,964.35
1046930,Dota Underlords,2025-09,1439,960.42
1046930,Dota Underlords,2025-08,1505,1012.83
1046930,Dota Underlords,2025-07,1564,1044.96
1046930,Dota Underlords,2025-06,1553,1044.17
1046930,Dota Underlords,2025-05,1572,1046.61
1046930,Dota Underlords,2025-04,1591,1062.04
1046930,Dota Underlords,2025-03,1613,1097.36
1046930,Dota Underlords,2025-02,1670,1132.78
1046930,Dota Underlords,2025-01,1657,1141.63
1046930,Dota Underlords,2024-12,1500,1048.98
1046930,Dota Underlords,2024-11,1576,1080.04
1046930,Dota Underlords,2024-10,1615,1094.59
1046930,Dota Underlords,2024-09,1638,1135.34
1046930,Dota Underlords,2024-08,1629,1123.92
1046930,Dota Underlords,2024-07,1554,1103.3
1046930,Dota Underlords,2024-06,1767,1163.5
1046930,Dota Underlords,2024-05,2059,1271.92
1046930,Dota Underlords,2024-04,1983,1362.92
1046930,Dota Underlords,2024-03,2202,1456.72
1046930,Dota Underlords,2024-02,2402,1552.34
1046930,Dota Underlords,2024-01,2395,1580.51
1046930,Dota Underlords,2023-12,2296,1535.24
1046930,Dota Underlords,2023-11,2504,1656.21
1046930,Dota Underlords,2023-10,2417,1605.86
1046930,Dota Underlords,2023-09,2389,1585.66
1046930,Dota Underlords,2023-08,2346,1542.64
1046930,Dota Underlords,2023-07,2310,1493.21
1046930,Dota Underlords,2023-06,2524,1581.66
1046930,Dota Underlords,2023-05,2521,1722.42
1046930,Dota Underlords,2023-04,2677,1819.72
1046930,Dota Underlords,2023-03,2961,1907.22
1046930,Dota Underlords,2023-02,3018,1998.34
1046930,Dota Underlords,2023-01,2891,1942.26
1046930,Dota Underlords,2022-12,3014,1865.33
1046930,Dota Underlords,2022-11,2853,1946.4
1046930,Dota Underlords,2022-10,3363,2068.11
1046930,Dota Underlords,2022-09,3103,2113.78
1046930,Dota Underlords,2022-08,3211,2226.55
1046930,Dota Underlords,2022-07,3322,2266.46
1046930,Dota Underlords,2022-06,3396,2286.56
1046930,Dota Underlords,2022-05,3444,2341.68
1046930,Dota Underlords,2022-04,3693,2398.82
1046930,Dota Underlords,2022-03,3536,2336.01
1046930,Dota Underlords,2022-02,3397,2301.11
1046930,Dota Underlords,2022-01,3571,2442.47
1046930,Dota Underlords,2021-12,3384,2307.48
1046930,Dota Underlords,2021-11,3654,2472.99
1046930,Dota Underlords,2021-10,3848,2463.3
1046930,Dota Underlords,2021-09,4194,2798.89
1046930,Dota Underlords,2021-08,4475,2990.74
1046930,Dota Underlords,2021-07,4537,3032.97
1046930,Dota Underlords,2021-06,4996,3293.28
1046930,Dota Underlords,2021-05,5438,3605.95
1046930,Dota Underlords,2021-04,6316,4018.05
1046930,Dota Underlords,2021-03,6340,4170.6
1046930,Dota Underlords,2021-02,6114,4170.2
1046930,Dota Underlords,2021-01,6337,4302.07
1046930,Dota Underlords,2020-12,8344,4283.58
1046930,Dota Underlords,2020-11,7005,4708.0
1046930,Dota Underlords,2020-10,8084,5314.76
1046930,Dota Underlords,2020-09,10487,6407.96
1046930,Dota Underlords,2020-08,12211,5641.53
1046930,Dota Underlords,2020-07,9055,5349.82
1046930,Dota Underlords,2020-06,9553,6059.79
1046930,Dota Underlords,2020-05,11521,7496.16
1046930,Dota Underlords,2020-04,23007,9817.31
1046930,Dota Underlords,2020-03,29166,14225.19
1046930,Dota Underlords,2020-02,30553,10598.43
1046930,Dota Underlords,2020-01,14783,9500.55
1046930,Dota Underlords,2019-12,20177,11846.79
1046930,Dota Underlords,2019-11,32872,16407.38
1046930,Dota Underlords,2019-10,43557,19607.94
1046930,Dota Underlords,2019-09,44760,24943.62
1046930,Dota Underlords,2019-08,74189,36825.82
1046930,Dota Underlords,2019-07,111805,58456.15
1046930,Dota Underlords,2019-06,202254,76388.35
218230,PlanetSide 2,2026-04,882,453.07
218230,PlanetSide 2,2026-03,922,436.38
218230,PlanetSide 2,2026-02,983,467.11
218230,PlanetSide 2,2026-01,1118,475.97
218230,PlanetSide 2,2025-12,902,457.88
218230,PlanetSide 2,2025-11,1042,555.98
218230,PlanetSide 2,2025-10,1043,521.26
218230,PlanetSide 2,2025-09,1102,499.53
218230,PlanetSide 2,2025-08,1075,540.2
218230,PlanetSide 2,2025-07,1020,551.65
218230,PlanetSide 2,2025-06,1229,645.13
218230,PlanetSide 2,2025-05,1739,758.27
218230,PlanetSide 2,2025-04,1451,737.27
218230,PlanetSide 2,2025-03,1637,681.38
218230,PlanetSide 2,2025-02,1294,646.83
218230,PlanetSide 2,2025-01,1352,677.47
218230,PlanetSide 2,2024-12,1354,688.39
218230,PlanetSide 2,2024-11,1546,748.56
218230,PlanetSide 2,2024-10,1581,732.27
218230,PlanetSide 2,2024-09,1223,627.61
218230,PlanetSide 2,2024-08,1544,761.48
218230,PlanetSide 2,2024-07,1727,724.12
218230,PlanetSide 2,2024-06,1488,768.44
218230,PlanetSide 2,2024-05,1305,704.55
218230,PlanetSide 2,2024-04,1394,754.07
218230,PlanetSide 2,2024-03,1445,812.79
218230,PlanetSide 2,2024-02,1745,958.7
218230,PlanetSide 2,2024-01,1604,916.64
218230,PlanetSide 2,2023-12,1680,923.09
218230,PlanetSide 2,2023-11,1581,907.05
218230,PlanetSide 2,2023-10,1811,993.43
218230,PlanetSide 2,2023-09,1797,990.4
218230,PlanetSide 2,2023-08,1827,1066.5
218230,PlanetSide 2,2023-07,1930,1174.65
218230,PlanetSide 2,2023-06,2909,1518.46
218230,PlanetSide 2,2023-05,3792,1724.11
218230,PlanetSide 2,2023-04,2885,1461.49
218230,PlanetSide 2,2023-03,2579,1390.07
218230,PlanetSide 2,2023-02,2447,1430.62
218230,PlanetSide 2,2023-01,2529,1329.62
218230,PlanetSide 2,2022-12,2462,1413.53
218230,PlanetSide 2,2022-11,3951,1515.37
218230,PlanetSide 2,2022-10,2608,1527.95
218230,PlanetSide 2,2022-09,2900,1583.82
218230,PlanetSide 2,2022-08,3359,1766.35
218230,PlanetSide 2,2022-07,3771,1922.35
218230,PlanetSide 2,2022-06,3184,1843.85
218230,PlanetSide 2,2022-05,3793,2163.13
218230,PlanetSide 2,2022-04,4467,2465.24
218230,PlanetSide 2,2022-03,3025,1695.31
218230,PlanetSide 2,2022-02,3211,1877.42
218230,PlanetSide 2,2022-01,3640,1781.68
218230,PlanetSide 2,2021-12,2782,1623.67
218230,PlanetSide 2,2021-11,3020,1582.87
218230,PlanetSide 2,2021-10,3121,1707.9
218230,PlanetSide 2,2021-09,3140,1763.27
218230,PlanetSide 2,2021-08,3385,1985.83
218230,PlanetSide 2,2021-07,3397,1964.65
218230,PlanetSide 2,2021-06,2595,1607.38
218230,PlanetSide 2,2021-05,3068,1765.39
218230,PlanetSide 2,2021-04,2799,1616.83
218230,PlanetSide 2,2021-03,3007,1760.65
218230,PlanetSide 2,2021-02,3101,1979.26
218230,PlanetSide 2,2021-01,3314,1893.29
218230,PlanetSide 2,2020-12,3291,1839.04
218230,PlanetSide 2,2020-11,4195,2269.23
218230,PlanetSide 2,2020-10,4456,2454.06
218230,PlanetSide 2,2020-09,3538,1977.19
218230,PlanetSide 2,2020-08,3381,2075.48
218230,PlanetSide 2,2020-07,3962,2374.72
218230,PlanetSide 2,2020-06,4004,2333.24
218230,PlanetSide 2,2020-05,4827,2741.37
218230,PlanetSide 2,2020-04,6576,3614.26
218230,PlanetSide 2,2020-03,7694,3639.41
218230,PlanetSide 2,2020-02,4176,2209.24
218230,PlanetSide 2,2020-01,2242,1301.52
218230,PlanetSide 2,2019-12,2008,1258.23
218230,PlanetSide 2,2019-11,2160,1205.31
218230,PlanetSide 2,2019-10,1842,1072.62
218230,PlanetSide 2,2019-09,2056,1216.46
218230,PlanetSide 2,2019-08,2406,1435.06
218230,PlanetSide 2,2019-07,3206,1404.68
218230,PlanetSide 2,2019-06,2483,1477.89
218230,PlanetSide 2,2019-05,3554,2163.63
218230,PlanetSide 2,2019-04,3472,1284.76
218230,PlanetSide 2,2019-03,2152,1229.15
218230,PlanetSide 2,2019-02,2324,1380.13
218230,PlanetSide 2,2019-01,2883,1672.76
218230,PlanetSide 2,2018-12,2892,1862.16
218230,PlanetSide 2,2018-11,3075,1771.77
218230,PlanetSide 2,2018-10,3513,1825.92
218230,PlanetSide 2,2018-09,2736,1584.55
218230,PlanetSide 2,2018-08,2576,1606.94
218230,PlanetSide 2,2018-07,3081,1771.43
218230,PlanetSide 2,2018-06,2936,1765.82
218230,PlanetSide 2,2018-05,3403,1785.62
218230,PlanetSide 2,2018-04,3159,1872.84
218230,PlanetSide 2,2018-03,3514,1883.08
218230,PlanetSide 2,2018-02,3331,1891.93
218230,PlanetSide 2,2018-01,3171,1695.28
218230,PlanetSide 2,2017-12,3079,1658.44
218230,PlanetSide 2,2017-11,3012,1630.39
218230,PlanetSide 2,2017-10,4031,1836.54
218230,PlanetSide 2,2017-09,3181,1842.15
218230,PlanetSide 2,2017-08,3265,2043.37
218230,PlanetSide 2,2017-07,3131,1817.34
218230,PlanetSide 2,2017-06,3180,1825.55
218230,PlanetSide 2,2017-05,3522,1992.67
218230,PlanetSide 2,2017-04,3798,2106.54
218230,PlanetSide 2,2017-03,3632,1919.85
218230,PlanetSide 2,2017-02,3876,2097.45
218230,PlanetSide 2,2017-01,3979,2169.42
218230,PlanetSide 2,2016-12,3498,1909.85
218230,PlanetSide 2,2016-11,3707,1879.6
218230,PlanetSide 2,2016-10,3452,1836.2
218230,PlanetSide 2,2016-09,3560,1823.46
218230,PlanetSide 2,2016-08,3539,2141.08
218230,PlanetSide 2,2016-07,3339,2086.14
218230,PlanetSide 2,2016-06,4684,2363.96
218230,PlanetSide 2,2016-05,6165,2969.38
218230,PlanetSide 2,2016-04,5547,2033.76
218230,PlanetSide 2,2016-03,4182,2258.84
218230,PlanetSide 2,2016-02,4054,2120.25
218230,PlanetSide 2,2016-01,4166,2195.44
218230,PlanetSide 2,2015-12,4147,2153.17
218230,PlanetSide 2,2015-11,4304,2240.32
218230,PlanetSide 2,2015-10,4554,2431.89
218230,PlanetSide 2,2015-09,5171,2446.34
218230,PlanetSide 2,2015-08,4606,2820.69
218230,PlanetSide 2,2015-07,4627,2682.0
218230,PlanetSide 2,2015-06,4342,2327.15
218230,PlanetSide 2,2015-05,4703,2512.68
218230,PlanetSide 2,2015-04,4962,2608.51
218230,PlanetSide 2,2015-03,6052,2906.62
218230,PlanetSide 2,2015-02,6934,3613.1
218230,PlanetSide 2,2015-01,7508,4008.17
218230,PlanetSide 2,2014-12,6305,3540.19
218230,PlanetSide 2,2014-11,6836,3255.25
218230,PlanetSide 2,2014-10,6108,3105.26
218230,PlanetSide 2,2014-09,6483,3267.49
218230,PlanetSide 2,2014-08,6808,3800.7
218230,PlanetSide 2,2014-07,6536,3668.15
218230,PlanetSide 2,2014-06,6630,3241.81
218230,PlanetSide 2,2014-05,6713,3365.5
218230,PlanetSide 2,2014-04,7426,4135.66
218230,PlanetSide 2,2014-03,8699,4570.73
218230,PlanetSide 2,2014-02,9525,5282.48
218230,PlanetSide 2,2014-01,10606,5149.65
218230,PlanetSide 2,2013-12,8066,4136.41
218230,PlanetSide 2,2013-11,8501,4229.83
218230,PlanetSide 2,2013-10,6331,3375.71
218230,PlanetSide 2,2013-09,6640,3565.86
218230,PlanetSide 2,2013-08,7032,3979.33
218230,PlanetSide 2,2013-07,8399,4019.02
218230,PlanetSide 2,2013-06,8182,4824.3
218230,PlanetSide 2,2013-05,8824,4774.11
218230,PlanetSide 2,2013-04,8563,4674.96
218230,PlanetSide 2,2013-03,10439,5382.52
218230,PlanetSide 2,2013-02,20152,6526.25
218230,PlanetSide 2,2013-01,14532,7353.27
218230,PlanetSide 2,2012-12,23686,11458.69
218230,PlanetSide 2,2012-11,29449,16240.47
588430,Fallout Shelter,2026-04,3671,2087.56
588430,Fallout Shelter,2026-03,4012,2359.44
588430,Fallout Shelter,2026-02,6007,3237.91
588430,Fallout Shelter,2026-01,6018,3455.04
588430,Fallout Shelter,2025-12,5001,2577.67
588430,Fallout Shelter,2025-11,1946,1306.42
588430,Fallout Shelter,2025-10,2019,1161.5
588430,Fallout Shelter,2025-09,1709,1137.09
588430,Fallout Shelter,2025-08,1785,1148.96
588430,Fallout Shelter,2025-07,1511,1067.03
588430,Fallout Shelter,2025-06,1623,1147.57
588430,Fallout Shelter,2025-05,1662,1137.65
588430,Fallout Shelter,2025-04,1690,1165.87
588430,Fallout Shelter,2025-03,1835,1215.5
588430,Fallout Shelter,2025-02,1735,1197.4
588430,Fallout Shelter,2025-01,1793,1215.81
588430,Fallout Shelter,2024-12,1767,1171.65
588430,Fallout Shelter,2024-11,2011,1336.58
588430,Fallout Shelter,2024-10,2433,1367.09
588430,Fallout Shelter,2024-09,2201,1415.98
588430,Fallout Shelter,2024-08,2706,1707.46
588430,Fallout Shelter,2024-07,2894,1910.38
588430,Fallout Shelter,2024-06,4495,2737.46
588430,Fallout Shelter,2024-05,6903,4134.27
588430,Fallout Shelter,2024-04,8308,3618.92
588430,Fallout Shelter,2024-03,2059,1389.56
588430,Fallout Shelter,2024-02,1954,1279.22
588430,Fallout Shelter,2024-01,1947,1329.98
588430,Fallout Shelter,2023-12,1918,1321.82
588430,Fallout Shelter,2023-11,2005,1376.85
588430,Fallout Shelter,2023-10,2287,1405.39
588430,Fallout Shelter,2023-09,1987,1343.31
588430,Fallout Shelter,2023-08,2254,1510.13
588430,Fallout Shelter,2023-07,1869,1386.63
588430,Fallout Shelter,2023-06,1978,1373.86
588430,Fallout Shelter,2023-05,1788,1237.8
588430,Fallout Shelter,2023-04,1897,1258.31
588430,Fallout Shelter,2023-03,1817,1190.05
588430,Fallout Shelter,2023-02,1906,1255.38
588430,Fallout Shelter,2023-01,1917,1321.69
588430,Fallout Shelter,2022-12,2013,1306.97
588430,Fallout Shelter,2022-11,2053,1397.47
588430,Fallout Shelter,2022-10,2308,1476.52
588430,Fallout Shelter,2022-09,1825,1226.38
588430,Fallout Shelter,2022-08,2022,1283.48
588430,Fallout Shelter,2022-07,1638,1208.36
588430,Fallout Shelter,2022-06,1674,1169.09
588430,Fallout Shelter,2022-05,1711,1159.72
588430,Fallout Shelter,2022-04,1668,1118.07
588430,Fallout Shelter,2022-03,1645,1109.38
588430,Fallout Shelter,2022-02,1553,1067.88
588430,Fallout Shelter,2022-01,1590,1092.63
588430,Fallout Shelter,2021-12,1464,1024.64
588430,Fallout Shelter,2021-11,1626,1091.88
588430,Fallout Shelter,2021-10,1872,1131.29
588430,Fallout Shelter,2021-09,1661,1117.51
588430,Fallout Shelter,2021-08,1621,1135.61
588430,Fallout Shelter,2021-07,1488,1060.78
588430,Fallout Shelter,2021-06,1497,1052.28
588430,Fallout Shelter,2021-05,1746,1076.62
588430,Fallout Shelter,2021-04,1461,1020.73
588430,Fallout Shelter,2021-03,1477,1035.1
588430,Fallout Shelter,2021-02,1496,1035.25
588430,Fallout Shelter,2021-01,1544,1072.97
588430,Fallout Shelter,2020-12,1556,1046.48
588430,Fallout Shelter,2020-11,1603,1133.35
588430,Fallout Shelter,2020-10,1969,1131.12
588430,Fallout Shelter,2020-09,1696,1083.03
588430,Fallout Shelter,2020-08,2272,1239.63
588430,Fallout Shelter,2020-07,1477,1055.43
588430,Fallout Shelter,2020-06,1603,1132.0
588430,Fallout Shelter,2020-05,1982,1368.22
588430,Fallout Shelter,2020-04,2159,1573.56
588430,Fallout Shelter,2020-03,2053,1207.38
588430,Fallout Shelter,2020-02,1508,1011.81
588430,Fallout Shelter,2020-01,1548,996.37
588430,Fallout Shelter,2019-12,1569,976.08
588430,Fallout Shelter,2019-11,1630,1044.46
588430,Fallout Shelter,2019-10,1400,820.27
588430,Fallout Shelter,2019-09,1221,786.82
588430,Fallout Shelter,2019-08,1341,884.35
588430,Fallout Shelter,2019-07,1559,877.4
588430,Fallout Shelter,2019-06,1320,873.33
588430,Fallout Shelter,2019-05,1514,850.74
588430,Fallout Shelter,2019-04,1309,821.67
588430,Fallout Shelter,2019-03,1378,876.86
588430,Fallout Shelter,2019-02,1437,905.33
588430,Fallout Shelter,2019-01,1619,1051.42
588430,Fallout Shelter,2018-12,2049,1200.78
588430,Fallout Shelter,2018-11,2337,1429.41
588430,Fallout Shelter,2018-10,2676,1472.25
588430,Fallout Shelter,2018-09,2799,1564.03
588430,Fallout Shelter,2018-08,3803,1998.01
588430,Fallout Shelter,2018-07,3617,2271.02
588430,Fallout Shelter,2018-06,5238,2818.88
588430,Fallout Shelter,2018-05,2498,1581.33
588430,Fallout Shelter,2018-04,2381,1536.76
588430,Fallout Shelter,2018-03,2913,1676.89
588430,Fallout Shelter,2018-02,2872,1731.77
588430,Fallout Shelter,2018-01,3128,1917.31
588430,Fallout Shelter,2017-12,3183,2001.46
588430,Fallout Shelter,2017-11,3732,2274.83
588430,Fallout Shelter,2017-10,4776,2739.34
588430,Fallout Shelter,2017-09,4264,2529.29
588430,Fallout Shelter,2017-08,4341,2568.22
588430,Fallout Shelter,2017-07,5411,3240.44
588430,Fallout Shelter,2017-06,8244,4816.26
588430,Fallout Shelter,2017-05,15002,8087.63
588430,Fallout Shelter,2017-04,42390,16783.83
109600,Neverwinter,2026-04,1234,643.86
109600,Neverwinter,2026-03,1174,649.73
109600,Neverwinter,2026-02,1275,682.02
109600,Neverwinter,2026-01,1182,663.56
109600,Neverwinter,2025-12,1115,638.64
109600,Neverwinter,2025-11,1213,632.06
109600,Neverwinter,2025-10,977,542.07
109600,Neverwinter,2025-09,1054,573.79
109600,Neverwinter,2025-08,1046,597.53
109600,Neverwinter,2025-07,1047,610.18
109600,Neverwinter,2025-06,1387,696.83
109600,Neverwinter,2025-05,1415,726.18
109600,Neverwinter,2025-04,1092,644.23
109600,Neverwinter,2025-03,1149,662.23
109600,Neverwinter,2025-02,1152,662.45
109600,Neverwinter,2025-01,1154,648.29
109600,Neverwinter,2024-12,1129,664.52
109600,Neverwinter,2024-11,1316,657.23
109600,Neverwinter,2024-10,1081,616.07
109600,Neverwinter,2024-09,1205,684.87
109600,Neverwinter,2024-08,1168,704.08
109600,Neverwinter,2024-07,1203,670.07
109600,Neverwinter,2024-06,1448,730.86
109600,Neverwinter,2024-05,1335,733.1
109600,Neverwinter,2024-04,1361,720.59
109600,Neverwinter,2024-03,1367,768.67
109600,Neverwinter,2024-02,1556,801.31
109600,Neverwinter,2024-01,1419,814.02
109600,Neverwinter,2023-12,1335,758.92
109600,Neverwinter,2023-11,1532,840.58
109600,Neverwinter,2023-10,1345,759.25
109600,Neverwinter,2023-09,1385,764.37
109600,Neverwinter,2023-08,1470,858.86
109600,Neverwinter,2023-07,1673,992.61
109600,Neverwinter,2023-06,1932,953.48
109600,Neverwinter,2023-05,1689,958.91
109600,Neverwinter,2023-04,2098,1060.54
109600,Neverwinter,2023-03,1823,855.03
109600,Neverwinter,2023-02,1542,877.86
109600,Neverwinter,2023-01,1462,850.59
109600,Neverwinter,2022-12,1542,810.48
109600,Neverwinter,2022-11,1573,846.24
109600,Neverwinter,2022-10,1485,771.57
109600,Neverwinter,2022-09,1623,845.48
109600,Neverwinter,2022-08,1434,843.13
109600,Neverwinter,2022-07,1479,871.95
109600,Neverwinter,2022-06,1750,871.51
109600,Neverwinter,2022-05,1226,727.29
109600,Neverwinter,2022-04,1285,727.38
109600,Neverwinter,2022-03,1332,758.84
109600,Neverwinter,2022-02,1674,883.38
109600,Neverwinter,2022-01,2472,1208.14
109600,Neverwinter,2021-12,1940,1154.84
109600,Neverwinter,2021-11,2127,1204.23
109600,Neverwinter,2021-10,2266,1268.15
109600,Neverwinter,2021-09,2402,1355.57
109600,Neverwinter,2021-08,3539,1782.88
109600,Neverwinter,2021-07,3600,1592.86
109600,Neverwinter,2021-06,2719,1626.41
109600,Neverwinter,2021-05,2674,1601.64
109600,Neverwinter,2021-04,2696,1624.35
109600,Neverwinter,2021-03,3025,1770.13
109600,Neverwinter,2021-02,3213,1778.75
109600,Neverwinter,2021-01,3167,1747.99
109600,Neverwinter,2020-12,2809,1624.43
109600,Neverwinter,2020-11,3125,1858.19
109600,Neverwinter,2020-10,3118,1807.05
109600,Neverwinter,2020-09,3032,1775.3
109600,Neverwinter,2020-08,3031,1810.86
109600,Neverwinter,2020-07,3206,1967.89
109600,Neverwinter,2020-06,3407,1936.49
109600,Neverwinter,2020-05,3993,2375.13
109600,Neverwinter,2020-04,4435,2683.51
109600,Neverwinter,2020-03,3987,1933.72
109600,Neverwinter,2020-02,2884,1624.7
109600,Neverwinter,2020-01,3047,1605.48
109600,Neverwinter,2019-12,2360,1406.32
109600,Neverwinter,2019-11,2521,1426.15
109600,Neverwinter,2019-10,2470,1398.41
109600,Neverwinter,2019-09,2889,1574.62
109600,Neverwinter,2019-08,2901,1675.64
109600,Neverwinter,2019-07,2602,1522.37
109600,Neverwinter,2019-06,2632,1599.37
109600,Neverwinter,2019-05,3768,1953.94
109600,Neverwinter,2019-04,4464,2022.19
109600,Neverwinter,2019-03,3917,2136.88
109600,Neverwinter,2019-02,3684,2085.49
109600,Neverwinter,2019-01,3907,2237.51
109600,Neverwinter,2018-12,3875,2235.98
109600,Neverwinter,2018-11,4291,2441.74
109600,Neverwinter,2018-10,4107,2318.64
109600,Neverwinter,2018-09,4495,2436.69
109600,Neverwinter,2018-08,4484,2749.81
109600,Neverwinter,2018-07,5685,3504.48
109600,Neverwinter,2018-06,5140,2611.97
109600,Neverwinter,2018-05,3900,2388.71
109600,Neverwinter,2018-04,4300,2465.34
109600,Neverwinter,2018-03,4588,2696.16
109600,Neverwinter,2018-02,4649,2717.39
109600,Neverwinter,2018-01,4531,2616.65
109600,Neverwinter,2017-12,4005,2369.2
109600,Neverwinter,2017-11,4002,2223.8
109600,Neverwinter,2017-10,3790,2070.2
109600,Neverwinter,2017-09,3908,2205.18
109600,Neverwinter,2017-08,3818,2260.6
109600,Neverwinter,2017-07,3896,2252.5
109600,Neverwinter,2017-06,3972,2395.44
109600,Neverwinter,2017-05,3927,2293.46
109600,Neverwinter,2017-04,3845,2212.32
109600,Neverwinter,2017-03,4213,2339.9
109600,Neverwinter,2017-02,4252,2389.7
109600,Neverwinter,2017-01,3773,2197.38
109600,Neverwinter,2016-12,3357,2005.18
109600,Neverwinter,2016-11,3440,1841.13
109600,Neverwinter,2016-10,3024,1748.82
109600,Neverwinter,2016-09,3491,1906.51
109600,Neverwinter,2016-08,3485,2013.25
109600,Neverwinter,2016-07,2854,1813.15
109600,Neverwinter,2016-06,3323,1942.41
109600,Neverwinter,2016-05,3392,1851.13
109600,Neverwinter,2016-04,3647,2038.22
109600,Neverwinter,2016-03,4173,2350.06
109600,Neverwinter,2016-02,4056,2344.01
109600,Neverwinter,2016-01,4095,2386.81
109600,Neverwinter,2015-12,3991,2348.83
109600,Neverwinter,2015-11,4518,2368.1
109600,Neverwinter,2015-10,3857,2087.45
109600,Neverwinter,2015-09,4044,2190.64
109600,Neverwinter,2015-08,4828,2674.12
109600,Neverwinter,2015-07,3639,2312.23
109600,Neverwinter,2015-06,4285,2557.36
109600,Neverwinter,2015-05,5079,2905.73
109600,Neverwinter,2015-04,6324,3692.41
109600,Neverwinter,2015-03,5921,3299.59
109600,Neverwinter,2015-02,5881,3450.4
109600,Neverwinter,2015-01,6043,3680.6
109600,Neverwinter,2014-12,6069,3515.95
109600,Neverwinter,2014-11,7231,3699.28
109600,Neverwinter,2014-10,5258,3017.26
109600,Neverwinter,2014-09,5669,3066.27
109600,Neverwinter,2014-08,9459,4146.94
109600,Neverwinter,2014-07,5547,3393.48
109600,Neverwinter,2014-06,6717,4026.82
109600,Neverwinter,2014-05,8220,4110.12
109600,Neverwinter,2014-04,6668,3872.0
109600,Neverwinter,2014-03,7805,4094.73
109600,Neverwinter,2014-02,9669,5038.78
109600,Neverwinter,2014-01,11604,6405.32
109600,Neverwinter,2013-12,14822,7187.49
113400,APB Reloaded,2026-04,488,225.48
113400,APB Reloaded,2026-03,441,138.58
113400,APB Reloaded,2026-02,320,137.99
113400,APB Reloaded,2026-01,269,138.08
113400,APB Reloaded,2025-12,274,116.77
113400,APB Reloaded,2025-11,210,96.83
113400,APB Reloaded,2025-10,241,110.44
113400,APB Reloaded,2025-09,306,143.12
113400,APB Reloaded,2025-08,386,174.78
113400,APB Reloaded,2025-07,328,148.99
113400,APB Reloaded,2025-06,371,161.17
113400,APB Reloaded,2025-05,438,211.65
113400,APB Reloaded,2025-04,491,243.25
113400,APB Reloaded,2025-03,863,339.53
113400,APB Reloaded,2025-02,470,50.56
113400,APB Reloaded,2025-01,524,285.47
113400,APB Reloaded,2024-12,551,239.43
113400,APB Reloaded,2024-11,417,205.72
113400,APB Reloaded,2024-10,575,276.33
113400,APB Reloaded,2024-09,941,414.72
113400,APB Reloaded,2024-08,1186,439.69
113400,APB Reloaded,2024-07,859,414.35
113400,APB Reloaded,2024-06,932,698.52
113400,APB Reloaded,2024-05,829,679.25
113400,APB Reloaded,2024-04,565,275.14
113400,APB Reloaded,2024-03,343,167.23
113400,APB Reloaded,2024-02,448,204.78
113400,APB Reloaded,2024-01,386,194.37
113400,APB Reloaded,2023-12,408,190.44
113400,APB Reloaded,2023-11,386,199.19
113400,APB Reloaded,2023-10,422,189.18
113400,APB Reloaded,2023-09,376,180.43
113400,APB Reloaded,2023-08,357,189.9
113400,APB Reloaded,2023-07,348,190.64
113400,APB Reloaded,2023-06,445,211.21
113400,APB Reloaded,2023-05,568,287.72
113400,APB Reloaded,2023-04,622,308.54
113400,APB Reloaded,2023-03,784,401.3
113400,APB Reloaded,2023-02,922,436.26
113400,APB Reloaded,2023-01,388,187.19
113400,APB Reloaded,2022-12,306,154.24
113400,APB Reloaded,2022-11,330,154.08
113400,APB Reloaded,2022-10,339,168.03
113400,APB Reloaded,2022-09,342,165.33
113400,APB Reloaded,2022-08,325,179.93
113400,APB Reloaded,2022-07,318,168.9
113400,APB Reloaded,2022-06,354,182.73
113400,APB Reloaded,2022-05,380,196.5
113400,APB Reloaded,2022-04,399,208.46
113400,APB Reloaded,2022-03,382,193.34
113400,APB Reloaded,2022-02,375,197.19
113400,APB Reloaded,2022-01,372,209.85
113400,APB Reloaded,2021-12,436,202.88
113400,APB Reloaded,2021-11,449,209.44
113400,APB Reloaded,2021-10,467,225.99
113400,APB Reloaded,2021-09,405,215.47
113400,APB Reloaded,2021-08,415,223.19
113400,APB Reloaded,2021-07,362,200.27
113400,APB Reloaded,2021-06,377,202.58
113400,APB Reloaded,2021-05,482,246.47
113400,APB Reloaded,2021-04,551,284.11
113400,APB Reloaded,2021-03,604,306.1
113400,APB Reloaded,2021-02,653,356.66
113400,APB Reloaded,2021-01,690,341.34
113400,APB Reloaded,2020-12,535,284.6
113400,APB Reloaded,2020-11,636,317.68
113400,APB Reloaded,2020-10,730,323.19
113400,APB Reloaded,2020-09,550,303.53
113400,APB Reloaded,2020-08,874,373.5
113400,APB Reloaded,2020-07,791,431.23
113400,APB Reloaded,2020-06,1311,474.45
113400,APB Reloaded,2020-05,1255,660.23
113400,APB Reloaded,2020-04,1362,788.32
113400,APB Reloaded,2020-03,1265,593.48
113400,APB Reloaded,2020-02,782,419.92
113400,APB Reloaded,2020-01,718,409.24
113400,APB Reloaded,2019-12,906,469.4
113400,APB Reloaded,2019-11,1020,475.6
113400,APB Reloaded,2019-10,935,465.79
113400,APB Reloaded,2019-09,939,490.73
113400,APB Reloaded,2019-08,989,550.7
113400,APB Reloaded,2019-07,837,495.49
113400,APB Reloaded,2019-06,925,485.55
113400,APB Reloaded,2019-05,1000,460.33
113400,APB Reloaded,2019-04,924,477.27
113400,APB Reloaded,2019-03,956,527.41
113400,APB Reloaded,2019-02,1008,525.23
113400,APB Reloaded,2019-01,1295,652.4
113400,APB Reloaded,2018-12,994,548.07
113400,APB Reloaded,2018-11,1072,548.59
113400,APB Reloaded,2018-10,1058,536.95
113400,APB Reloaded,2018-09,1105,576.59
113400,APB Reloaded,2018-08,1205,739.64
113400,APB Reloaded,2018-07,1865,956.88
113400,APB Reloaded,2018-06,2030,1032.28
113400,APB Reloaded,2018-05,1720,800.88
113400,APB Reloaded,2018-04,1127,542.4
113400,APB Reloaded,2018-03,1237,672.82
113400,APB Reloaded,2018-02,1303,712.3
113400,APB Reloaded,2018-01,1315,707.49
113400,APB Reloaded,2017-12,1438,748.19
113400,APB Reloaded,2017-11,1651,796.98
113400,APB Reloaded,2017-10,1741,848.68
113400,APB Reloaded,2017-09,1434,764.62
113400,APB Reloaded,2017-08,1374,830.07
113400,APB Reloaded,2017-07,1334,798.47
113400,APB Reloaded,2017-06,1579,864.28
113400,APB Reloaded,2017-05,1619,894.65
113400,APB Reloaded,2017-04,1731,1015.39
113400,APB Reloaded,2017-03,1748,948.31
113400,APB Reloaded,2017-02,2024,1106.86
113400,APB Reloaded,2017-01,1796,1072.17
113400,APB Reloaded,2016-12,1883,1077.62
113400,APB Reloaded,2016-11,1864,1029.25
113400,APB Reloaded,2016-10,2006,1062.89
113400,APB Reloaded,2016-09,2188,1035.09
113400,APB Reloaded,2016-08,2195,1320.46
113400,APB Reloaded,2016-07,1755,1131.08
113400,APB Reloaded,2016-06,2106,1244.9
113400,APB Reloaded,2016-05,2258,1194.83
113400,APB Reloaded,2016-04,2150,1232.65
113400,APB Reloaded,2016-03,2332,1335.2
113400,APB Reloaded,2016-02,2797,1555.88
113400,APB Reloaded,2016-01,2689,1470.34
113400,APB Reloaded,2015-12,3068,1527.62
113400,APB Reloaded,2015-11,2929,1403.72
113400,APB Reloaded,2015-10,2854,1612.44
113400,APB Reloaded,2015-09,3169,1531.92
113400,APB Reloaded,2015-08,2678,1741.15
113400,APB Reloaded,2015-07,3097,1972.86
113400,APB Reloaded,2015-06,2735,1648.42
113400,APB Reloaded,2015-05,3101,1751.42
113400,APB Reloaded,2015-04,3775,2169.46
113400,APB Reloaded,2015-03,3779,1976.0
113400,APB Reloaded,2015-02,4887,2431.84
113400,APB Reloaded,2015-01,3722,2127.49
113400,APB Reloaded,2014-12,4237,2257.12
113400,APB Reloaded,2014-11,3777,1910.94
113400,APB Reloaded,2014-10,3164,1758.49
113400,APB Reloaded,2014-09,3272,1774.49
113400,APB Reloaded,2014-08,4348,2468.05
113400,APB Reloaded,2014-07,4228,2222.82
113400,APB Reloaded,2014-06,3241,2000.06
113400,APB Reloaded,2014-05,4391,2305.45
113400,APB Reloaded,2014-04,4220,2315.7
113400,APB Reloaded,2014-03,4112,2124.88
113400,APB Reloaded,2014-02,4469,2375.64
113400,APB Reloaded,2014-01,4728,2604.61
113400,APB Reloaded,2013-12,4653,2459.3
113400,APB Reloaded,2013-11,4201,2117.75
113400,APB Reloaded,2013-10,4887,2308.64
113400,APB Reloaded,2013-09,4715,2447.85
113400,APB Reloaded,2013-08,5592,2980.53
113400,APB Reloaded,2013-07,5179,2881.57
113400,APB Reloaded,2013-06,5255,2922.53
113400,APB Reloaded,2013-05,5176,2767.84
113400,APB Reloaded,2013-04,4975,2710.78
113400,APB Reloaded,2013-03,5253,2783.25
113400,APB Reloaded,2013-02,5293,2886.37
113400,APB Reloaded,2013-01,5226,2923.16
113400,APB Reloaded,2012-12,4540,2645.14
113400,APB Reloaded,2012-11,4677,2297.09
113400,APB Reloaded,2012-10,4350,2274.44
113400,APB Reloaded,2012-09,4765,2466.85
113400,APB Reloaded,2012-08,4876,2898.72
113400,APB Reloaded,2012-07,4801,2482.45
844870,KurtzPel,2026-04,39,13.78
844870,KurtzPel,2026-03,33,12.78
844870,KurtzPel,2026-02,44,9.9
844870,KurtzPel,2026-01,31,8.81
844870,KurtzPel,2025-12,40,11.67
844870,KurtzPel,2025-11,37,15.45
844870,KurtzPel,2025-10,53,19.04
844870,KurtzPel,2025-09,67,22.5
844870,KurtzPel,2025-08,63,21.78
844870,KurtzPel,2025-07,50,22.03
844870,KurtzPel,2025-06,74,28.55
844870,KurtzPel,2025-05,93,40.5
844870,KurtzPel,2025-04,79,40.26
844870,KurtzPel,2025-03,75,38.81
844870,KurtzPel,2025-02,108,50.31
844870,KurtzPel,2025-01,108,47.18
844870,KurtzPel,2024-12,129,33.28
844870,KurtzPel,2024-11,73,35.09
844870,KurtzPel,2024-10,114,48.69
844870,KurtzPel,2024-09,119,61.52
844870,KurtzPel,2024-08,118,51.3
844870,KurtzPel,2024-07,92,39.46
844870,KurtzPel,2024-06,127,53.86
844870,KurtzPel,2024-05,158,68.62
844870,KurtzPel,2024-04,165,75.85
844870,KurtzPel,2024-03,139,73.36
844870,KurtzPel,2024-02,414,134.74
844870,KurtzPel,2024-01,148,71.36
844870,KurtzPel,2023-12,163,77.44
844870,KurtzPel,2023-11,158,76.45
844870,KurtzPel,2023-10,157,75.88
844870,KurtzPel,2023-09,146,75.84
844870,KurtzPel,2023-08,142,68.72
844870,KurtzPel,2023-07,179,87.82
844870,KurtzPel,2023-06,224,119.07
844870,KurtzPel,2023-05,211,117.08
844870,KurtzPel,2023-04,232,125.46
844870,KurtzPel,2023-03,216,109.0
844870,KurtzPel,2023-02,211,119.62
844870,KurtzPel,2023-01,222,124.01
844870,KurtzPel,2022-12,278,142.67
844870,KurtzPel,2022-11,297,140.58
844870,KurtzPel,2022-10,287,147.52
844870,KurtzPel,2022-09,268,125.47
844870,KurtzPel,2022-08,380,169.34
844870,KurtzPel,2022-07,434,241.38
844870,KurtzPel,2022-06,606,246.94
844870,KurtzPel,2022-05,408,239.69
844870,KurtzPel,2022-04,538,265.48
844870,KurtzPel,2022-03,508,277.86
844870,KurtzPel,2022-02,489,288.1
844870,KurtzPel,2022-01,579,358.3
844870,KurtzPel,2021-12,649,377.02
844870,KurtzPel,2021-11,578,338.95
844870,KurtzPel,2021-10,844,352.46
844870,KurtzPel,2021-09,560,343.23
844870,KurtzPel,2021-08,838,450.24
844870,KurtzPel,2021-07,681,410.71
844870,KurtzPel,2021-06,920,512.53
844870,KurtzPel,2021-05,1132,682.27
844870,KurtzPel,2021-04,1217,687.64
844870,KurtzPel,2021-03,934,592.87
844870,KurtzPel,2021-02,975,661.32
844870,KurtzPel,2021-01,1171,672.75
844870,KurtzPel,2020-12,1056,633.89
844870,KurtzPel,2020-11,1581,674.51
844870,KurtzPel,2020-10,889,484.06
844870,KurtzPel,2020-09,1614,763.6
844870,KurtzPel,2020-08,1343,926.48
844870,KurtzPel,2020-07,1718,908.36
844870,KurtzPel,2020-06,1340,849.15
844870,KurtzPel,2020-05,2238,1134.82
844870,KurtzPel,2020-04,2408,1183.62
844870,KurtzPel,2020-03,2568,1255.13
844870,KurtzPel,2020-02,1870,1088.09
844870,KurtzPel,2020-01,2650,1291.85
844870,KurtzPel,2019-12,2119,1281.03
844870,KurtzPel,2019-11,2285,1354.66
844870,KurtzPel,2019-10,3298,1627.82
844870,KurtzPel,2019-09,3361,1794.64
844870,KurtzPel,2019-08,4353,2201.58
844870,KurtzPel,2019-07,5603,2918.62
844870,KurtzPel,2019-06,11878,4583.47
844870,KurtzPel,2019-05,9477,1754.87
555570,Infestation: The New Z,2026-04,290,140.72
555570,Infestation: The New Z,2026-03,254,130.11
555570,Infestation: The New Z,2026-02,295,146.51
555570,Infestation: The New Z,2026-01,280,147.23
555570,Infestation: The New Z,2025-12,327,162.73
555570,Infestation: The New Z,2025-11,291,153.94
555570,Infestation: The New Z,2025-10,350,164.13
555570,Infestation: The New Z,2025-09,314,136.85
555570,Infestation: The New Z,2025-08,216,103.4
555570,Infestation: The New Z,2025-07,259,123.22
555570,Infestation: The New Z,2025-06,230,106.84
555570,Infestation: The New Z,2025-05,247,125.42
555570,Infestation: The New Z,2025-04,286,151.08
555570,Infestation: The New Z,2025-03,284,140.51
555570,Infestation: The New Z,2025-02,400,177.27
555570,Infestation: The New Z,2025-01,339,171.27
555570,Infestation: The New Z,2024-12,396,220.32
555570,Infestation: The New Z,2024-11,531,236.19
555570,Infestation: The New Z,2024-10,325,151.3
555570,Infestation: The New Z,2024-09,278,135.65
555570,Infestation: The New Z,2024-08,319,146.99
555570,Infestation: The New Z,2024-07,358,174.71
555570,Infestation: The New Z,2024-06,334,171.24
555570,Infestation: The New Z,2024-05,301,165.83
555570,Infestation: The New Z,2024-04,365,184.81
555570,Infestation: The New Z,2024-03,401,214.48
555570,Infestation: The New Z,2024-02,536,268.59
555570,Infestation: The New Z,2024-01,554,284.35
555570,Infestation: The New Z,2023-12,647,353.26
555570,Infestation: The New Z,2023-11,677,354.15
555570,Infestation: The New Z,2023-10,791,330.72
555570,Infestation: The New Z,2023-09,517,247.46
555570,Infestation: The New Z,2023-08,412,216.01
555570,Infestation: The New Z,2023-07,412,215.08
555570,Infestation: The New Z,2023-06,392,221.77
555570,Infestation: The New Z,2023-05,477,261.92
555570,Infestation: The New Z,2023-04,561,283.75
555570,Infestation: The New Z,2023-03,514,266.54
555570,Infestation: The New Z,2023-02,570,312.24
555570,Infestation: The New Z,2023-01,603,319.19
555570,Infestation: The New Z,2022-12,531,306.11
555570,Infestation: The New Z,2022-11,669,329.39
555570,Infestation: The New Z,2022-10,760,398.32
555570,Infestation: The New Z,2022-09,614,275.51
555570,Infestation: The New Z,2022-08,575,287.71
555570,Infestation: The New Z,2022-07,551,302.51
555570,Infestation: The New Z,2022-06,481,265.08
555570,Infestation: The New Z,2022-05,504,280.68
555570,Infestation: The New Z,2022-04,660,341.46
555570,Infestation: The New Z,2022-03,618,320.47
555570,Infestation: The New Z,2022-02,650,321.52
555570,Infestation: The New Z,2022-01,578,323.71
555570,Infestation: The New Z,2021-12,574,303.39
555570,Infestation: The New Z,2021-11,651,332.67
555570,Infestation: The New Z,2021-10,708,328.63
555570,Infestation: The New Z,2021-09,658,348.13
555570,Infestation: The New Z,2021-08,637,346.05
555570,Infestation: The New Z,2021-07,674,370.94
555570,Infestation: The New Z,2021-06,767,398.87
555570,Infestation: The New Z,2021-05,905,485.64
555570,Infestation: The New Z,2021-04,1082,539.58
555570,Infestation: The New Z,2021-03,707,386.47
555570,Infestation: The New Z,2021-02,810,461.26
555570,Infestation: The New Z,2021-01,911,551.73
555570,Infestation: The New Z,2020-12,989,538.43
555570,Infestation: The New Z,2020-11,1425,688.08
555570,Infestation: The New Z,2020-10,1603,700.21
555570,Infestation: The New Z,2020-09,735,411.69
555570,Infestation: The New Z,2020-08,775,444.33
555570,Infestation: The New Z,2020-07,843,479.48
555570,Infestation: The New Z,2020-06,781,474.86
555570,Infestation: The New Z,2020-05,1110,594.77
555570,Infestation: The New Z,2020-04,1211,742.36
555570,Infestation: The New Z,2020-03,1204,667.07
555570,Infestation: The New Z,2020-02,1027,577.58
555570,Infestation: The New Z,2020-01,914,531.82
555570,Infestation: The New Z,2019-12,946,550.35
555570,Infestation: The New Z,2019-11,1086,570.06
555570,Infestation: The New Z,2019-10,1119,589.51
555570,Infestation: The New Z,2019-09,1330,719.42
555570,Infestation: The New Z,2019-08,1440,743.65
555570,Infestation: The New Z,2019-07,1267,596.35
555570,Infestation: The New Z,2019-06,950,552.23
555570,Infestation: The New Z,2019-05,1055,557.96
555570,Infestation: The New Z,2019-04,1181,636.72
555570,Infestation: The New Z,2019-03,1211,686.29
555570,Infestation: The New Z,2019-02,1380,766.91
555570,Infestation: The New Z,2019-01,1334,845.2
555570,Infestation: The New Z,2018-12,1336,856.81
555570,Infestation: The New Z,2018-11,1503,852.36
555570,Infestation: The New Z,2018-10,1796,839.57
555570,Infestation: The New Z,2018-09,1730,915.07
555570,Infestation: The New Z,2018-08,1644,1087.88
555570,Infestation: The New Z,2018-07,1805,1217.69
555570,Infestation: The New Z,2018-06,2100,1325.43
555570,Infestation: The New Z,2018-05,2628,1548.2
555570,Infestation: The New Z,2018-04,3148,1830.18
555570,Infestation: The New Z,2018-03,3147,2014.19
555570,Infestation: The New Z,2018-02,3576,2220.33
555570,Infestation: The New Z,2018-01,3812,2475.66
555570,Infestation: The New Z,2017-12,4099,2618.18
555570,Infestation: The New Z,2017-11,4447,2620.47
555570,Infestation: The New Z,2017-10,4595,3007.37
555570,Infestation: The New Z,2017-09,4837,3045.87
555570,Infestation: The New Z,2017-08,4505,3023.43
555570,Infestation: The New Z,2017-07,4940,3348.13
555570,Infestation: The New Z,2017-06,5905,3459.85
555570,Infestation: The New Z,2017-05,6797,4208.42
555570,Infestation: The New Z,2017-04,8395,5221.3
555570,Infestation: The New Z,2017-03,8619,5276.3
555570,Infestation: The New Z,2017-02,11274,6577.44
555570,Infestation: The New Z,2017-01,13915,8581.01
555570,Infestation: The New Z,2016-12,13846,8237.0
555570,Infestation: The New Z,2016-11,11437,5612.48
225840,Sven Co-op,2026-04,413,206.51
225840,Sven Co-op,2026-03,430,208.39
225840,Sven Co-op,2026-02,405,214.47
225840,Sven Co-op,2026-01,431,240.2
225840,Sven Co-op,2025-12,444,229.85
225840,Sven Co-op,2025-11,494,213.65
225840,Sven Co-op,2025-10,396,194.1
225840,Sven Co-op,2025-09,372,196.71
225840,Sven Co-op,2025-08,424,222.22
225840,Sven Co-op,2025-07,404,216.54
225840,Sven Co-op,2025-06,401,219.77
225840,Sven Co-op,2025-05,413,212.66
225840,Sven Co-op,2025-04,393,205.42
225840,Sven Co-op,2025-03,461,217.98
225840,Sven Co-op,2025-02,484,233.31
225840,Sven Co-op,2025-01,474,248.88
225840,Sven Co-op,2024-12,560,262.72
225840,Sven Co-op,2024-11,632,275.74
225840,Sven Co-op,2024-10,531,253.05
225840,Sven Co-op,2024-09,498,252.86
225840,Sven Co-op,2024-08,632,283.25
225840,Sven Co-op,2024-07,467,274.94
225840,Sven Co-op,2024-06,487,269.2
225840,Sven Co-op,2024-05,501,261.39
225840,Sven Co-op,2024-04,552,271.82
225840,Sven Co-op,2024-03,610,301.72
225840,Sven Co-op,2024-02,657,313.72
225840,Sven Co-op,2024-01,666,339.33
225840,Sven Co-op,2023-12,875,386.34
225840,Sven Co-op,2023-11,1396,408.05
225840,Sven Co-op,2023-10,591,299.15
225840,Sven Co-op,2023-09,617,305.12
225840,Sven Co-op,2023-08,636,332.42
225840,Sven Co-op,2023-07,594,344.19
225840,Sven Co-op,2023-06,583,328.82
225840,Sven Co-op,2023-05,582,300.88
225840,Sven Co-op,2023-04,595,315.06
225840,Sven Co-op,2023-03,635,306.36
225840,Sven Co-op,2023-02,638,337.18
225840,Sven Co-op,2023-01,656,366.3
225840,Sven Co-op,2022-12,620,355.14
225840,Sven Co-op,2022-11,604,304.42
225840,Sven Co-op,2022-10,544,293.82
225840,Sven Co-op,2022-09,579,313.16
225840,Sven Co-op,2022-08,604,358.99
225840,Sven Co-op,2022-07,603,368.66
225840,Sven Co-op,2022-06,573,330.9
225840,Sven Co-op,2022-05,642,339.05
225840,Sven Co-op,2022-04,681,346.38
225840,Sven Co-op,2022-03,674,350.3
225840,Sven Co-op,2022-02,655,375.02
225840,Sven Co-op,2022-01,749,390.83
225840,Sven Co-op,2021-12,618,332.51
225840,Sven Co-op,2021-11,601,319.27
225840,Sven Co-op,2021-10,646,328.29
225840,Sven Co-op,2021-09,630,339.81
225840,Sven Co-op,2021-08,592,379.26
225840,Sven Co-op,2021-07,591,372.74
225840,Sven Co-op,2021-06,591,364.06
225840,Sven Co-op,2021-05,642,375.05
225840,Sven Co-op,2021-04,722,379.84
225840,Sven Co-op,2021-03,686,377.88
225840,Sven Co-op,2021-02,713,431.37
225840,Sven Co-op,2021-01,897,458.23
225840,Sven Co-op,2020-12,626,343.08
225840,Sven Co-op,2020-11,597,347.69
225840,Sven Co-op,2020-10,588,307.65
225840,Sven Co-op,2020-09,514,303.81
225840,Sven Co-op,2020-08,560,359.91
225840,Sven Co-op,2020-07,511,347.96
225840,Sven Co-op,2020-06,532,346.84
225840,Sven Co-op,2020-05,869,435.42
225840,Sven Co-op,2020-04,1049,614.18
225840,Sven Co-op,2020-03,1213,469.67
225840,Sven Co-op,2020-02,593,305.57
225840,Sven Co-op,2020-01,701,304.39
225840,Sven Co-op,2019-12,497,263.1
225840,Sven Co-op,2019-11,547,250.48
225840,Sven Co-op,2019-10,435,210.93
225840,Sven Co-op,2019-09,472,226.55
225840,Sven Co-op,2019-08,430,250.87
225840,Sven Co-op,2019-07,396,254.08
225840,Sven Co-op,2019-06,425,241.4
225840,Sven Co-op,2019-05,486,208.09
225840,Sven Co-op,2019-04,444,224.22
225840,Sven Co-op,2019-03,498,260.77
225840,Sven Co-op,2019-02,509,262.98
225840,Sven Co-op,2019-01,571,296.95
225840,Sven Co-op,2018-12,490,257.91
225840,Sven Co-op,2018-11,458,226.98
225840,Sven Co-op,2018-10,465,223.92
225840,Sven Co-op,2018-09,463,240.57
225840,Sven Co-op,2018-08,473,283.48
225840,Sven Co-op,2018-07,507,302.79
225840,Sven Co-op,2018-06,499,292.11
225840,Sven Co-op,2018-05,553,280.02
225840,Sven Co-op,2018-04,585,284.37
225840,Sven Co-op,2018-03,608,296.96
225840,Sven Co-op,2018-02,556,312.45
225840,Sven Co-op,2018-01,605,337.81
225840,Sven Co-op,2017-12,566,304.2
225840,Sven Co-op,2017-11,523,268.81
225840,Sven Co-op,2017-10,566,285.38
225840,Sven Co-op,2017-09,617,303.26
225840,Sven Co-op,2017-08,543,322.04
225840,Sven Co-op,2017-07,517,331.9
225840,Sven Co-op,2017-06,573,329.64
225840,Sven Co-op,2017-05,612,308.51
225840,Sven Co-op,2017-04,666,348.24
225840,Sven Co-op,2017-03,702,333.5
225840,Sven Co-op,2017-02,726,389.72
225840,Sven Co-op,2017-01,743,419.3
225840,Sven Co-op,2016-12,650,357.76
225840,Sven Co-op,2016-11,646,312.18
225840,Sven Co-op,2016-10,521,260.21
225840,Sven Co-op,2016-09,553,272.47
225840,Sven Co-op,2016-08,600,381.65
225840,Sven Co-op,2016-07,595,390.07
225840,Sven Co-op,2016-06,736,406.6
225840,Sven Co-op,2016-05,759,382.34
225840,Sven Co-op,2016-04,801,399.73
225840,Sven Co-op,2016-03,1194,551.4
225840,Sven Co-op,2016-02,2647,1234.51
225840,Sven Co-op,2016-01,6510,2394.71
211500,RaceRoom Racing Experience,2026-04,1584,704.73
211500,RaceRoom Racing Experience,2026-03,1675,686.4
211500,RaceRoom Racing Experience,2026-02,1531,677.58
211500,RaceRoom Racing Experience,2026-01,1778,768.31
211500,RaceRoom Racing Experience,2025-12,1974,915.02
211500,RaceRoom Racing Experience,2025-11,1770,841.91
211500,RaceRoom Racing Experience,2025-10,1872,798.17
211500,RaceRoom Racing Experience,2025-09,1533,606.16
211500,RaceRoom Racing Experience,2025-08,1580,752.13
211500,RaceRoom Racing Experience,2025-07,1687,759.27
211500,RaceRoom Racing Experience,2025-06,1188,598.91
211500,RaceRoom Racing Experience,2025-05,1343,568.5
211500,RaceRoom Racing Experience,2025-04,1253,591.39
211500,RaceRoom Racing Experience,2025-03,1065,459.97
211500,RaceRoom Racing Experience,2025-02,1129,441.11
211500,RaceRoom Racing Experience,2025-01,1171,498.89
211500,RaceRoom Racing Experience,2024-12,1414,602.15
211500,RaceRoom Racing Experience,2024-11,1595,557.21
211500,RaceRoom Racing Experience,2024-10,1015,442.88
211500,RaceRoom Racing Experience,2024-09,1269,489.12
211500,RaceRoom Racing Experience,2024-08,762,353.23
211500,RaceRoom Racing Experience,2024-07,991,422.51
211500,RaceRoom Racing Experience,2024-06,1029,464.18
211500,RaceRoom Racing Experience,2024-05,895,388.14
211500,RaceRoom Racing Experience,2024-04,891,396.34
211500,RaceRoom Racing Experience,2024-03,943,411.93
211500,RaceRoom Racing Experience,2024-02,929,400.28
211500,RaceRoom Racing Experience,2024-01,917,407.94
211500,RaceRoom Racing Experience,2023-12,972,446.63
211500,RaceRoom Racing Experience,2023-11,921,415.74
211500,RaceRoom Racing Experience,2023-10,1028,452.61
211500,RaceRoom Racing Experience,2023-09,1205,449.75
211500,RaceRoom Racing Experience,2023-08,1141,456.1
211500,RaceRoom Racing Experience,2023-07,1113,487.16
211500,RaceRoom Racing Experience,2023-06,1253,457.75
211500,RaceRoom Racing Experience,2023-05,857,360.5
211500,RaceRoom Racing Experience,2023-04,921,364.12
211500,RaceRoom Racing Experience,2023-03,887,349.47
211500,RaceRoom Racing Experience,2023-02,893,369.74
211500,RaceRoom Racing Experience,2023-01,935,388.62
211500,RaceRoom Racing Experience,2022-12,976,436.22
211500,RaceRoom Racing Experience,2022-11,945,402.16
211500,RaceRoom Racing Experience,2022-10,939,391.4
211500,RaceRoom Racing Experience,2022-09,905,364.29
211500,RaceRoom Racing Experience,2022-08,761,334.84
211500,RaceRoom Racing Experience,2022-07,786,352.46
211500,RaceRoom Racing Experience,2022-06,1150,427.66
211500,RaceRoom Racing Experience,2022-05,1533,495.29
211500,RaceRoom Racing Experience,2022-04,1007,408.84
211500,RaceRoom Racing Experience,2022-03,1054,391.46
211500,RaceRoom Racing Experience,2022-02,1290,492.26
211500,RaceRoom Racing Experience,2022-01,1435,564.78
211500,RaceRoom Racing Experience,2021-12,1172,483.31
211500,RaceRoom Racing Experience,2021-11,1145,454.21
211500,RaceRoom Racing Experience,2021-10,1216,491.62
211500,RaceRoom Racing Experience,2021-09,1241,503.58
211500,RaceRoom Racing Experience,2021-08,1191,509.46
211500,RaceRoom Racing Experience,2021-07,1338,549.44
211500,RaceRoom Racing Experience,2021-06,1593,577.71
211500,RaceRoom Racing Experience,2021-05,1420,591.56
211500,RaceRoom Racing Experience,2021-04,1319,553.19
211500,RaceRoom Racing Experience,2021-03,1309,522.57
211500,RaceRoom Racing Experience,2021-02,1384,536.04
211500,RaceRoom Racing Experience,2021-01,1309,570.44
211500,RaceRoom Racing Experience,2020-12,1516,626.76
211500,RaceRoom Racing Experience,2020-11,1453,586.68
211500,RaceRoom Racing Experience,2020-10,1444,548.04
211500,RaceRoom Racing Experience,2020-09,1161,482.08
211500,RaceRoom Racing Experience,2020-08,1098,418.81
211500,RaceRoom Racing Experience,2020-07,1080,448.22
211500,RaceRoom Racing Experience,2020-06,1284,522.05
211500,RaceRoom Racing Experience,2020-05,1826,710.27
211500,RaceRoom Racing Experience,2020-04,2150,871.42
211500,RaceRoom Racing Experience,2020-03,2600,669.71
211500,RaceRoom Racing Experience,2020-02,1120,381.79
211500,RaceRoom Racing Experience,2020-01,1055,416.36
211500,RaceRoom Racing Experience,2019-12,1687,513.05
211500,RaceRoom Racing Experience,2019-11,855,348.39
211500,RaceRoom Racing Experience,2019-10,940,336.84
211500,RaceRoom Racing Experience,2019-09,922,312.77
211500,RaceRoom Racing Experience,2019-08,753,313.48
211500,RaceRoom Racing Experience,2019-07,962,327.36
211500,RaceRoom Racing Experience,2019-06,758,313.12
211500,RaceRoom Racing Experience,2019-05,1012,350.54
211500,RaceRoom Racing Experience,2019-04,972,340.48
211500,RaceRoom Racing Experience,2019-03,920,322.91
211500,RaceRoom Racing Experience,2019-02,1020,333.19
211500,RaceRoom Racing Experience,2019-01,934,345.46
211500,RaceRoom Racing Experience,2018-12,910,362.41
211500,RaceRoom Racing Experience,2018-11,867,292.88
211500,RaceRoom Racing Experience,2018-10,764,265.09
211500,RaceRoom Racing Experience,2018-09,795,284.57
211500,RaceRoom Racing Experience,2018-08,920,301.12
211500,RaceRoom Racing Experience,2018-07,650,258.41
211500,RaceRoom Racing Experience,2018-06,725,262.02
211500,RaceRoom Racing Experience,2018-05,818,285.81
211500,RaceRoom Racing Experience,2018-04,793,286.85
211500,RaceRoom Racing Experience,2018-03,1125,338.49
211500,RaceRoom Racing Experience,2018-02,903,312.67
211500,RaceRoom Racing Experience,2018-01,830,304.93
211500,RaceRoom Racing Experience,2017-12,910,356.49
211500,RaceRoom Racing Experience,2017-11,759,252.54
211500,RaceRoom Racing Experience,2017-10,759,258.92
211500,RaceRoom Racing Experience,2017-09,706,254.4
211500,RaceRoom Racing Experience,2017-08,618,244.19
211500,RaceRoom Racing Experience,2017-07,663,256.76
211500,RaceRoom Racing Experience,2017-06,765,286.15
211500,RaceRoom Racing Experience,2017-05,863,308.99
211500,RaceRoom Racing Experience,2017-04,795,321.14
211500,RaceRoom Racing Experience,2017-03,738,277.92
211500,RaceRoom Racing Experience,2017-02,710,261.42
211500,RaceRoom Racing Experience,2017-01,644,246.89
211500,RaceRoom Racing Experience,2016-12,692,260.62
211500,RaceRoom Racing Experience,2016-11,672,232.65
211500,RaceRoom Racing Experience,2016-10,573,217.44
211500,RaceRoom Racing Experience,2016-09,575,209.0
211500,RaceRoom Racing Experience,2016-08,498,219.33
211500,RaceRoom Racing Experience,2016-07,620,237.05
211500,RaceRoom Racing Experience,2016-06,670,268.78
211500,RaceRoom Racing Experience,2016-05,748,299.23
211500,RaceRoom Racing Experience,2016-04,755,317.82
211500,RaceRoom Racing Experience,2016-03,581,223.62
211500,RaceRoom Racing Experience,2016-02,510,212.62
211500,RaceRoom Racing Experience,2016-01,608,242.66
211500,RaceRoom Racing Experience,2015-12,614,243.81
211500,RaceRoom Racing Experience,2015-11,563,213.47
211500,RaceRoom Racing Experience,2015-10,577,196.94
211500,RaceRoom Racing Experience,2015-09,401,165.07
211500,RaceRoom Racing Experience,2015-08,373,171.54
211500,RaceRoom Racing Experience,2015-07,514,199.67
211500,RaceRoom Racing Experience,2015-06,768,218.35
211500,RaceRoom Racing Experience,2015-05,457,151.1
211500,RaceRoom Racing Experience,2015-04,469,181.5
211500,RaceRoom Racing Experience,2015-03,496,166.48
211500,RaceRoom Racing Experience,2015-02,511,187.56
211500,RaceRoom Racing Experience,2015-01,474,174.07
211500,RaceRoom Racing Experience,2014-12,553,196.09
211500,RaceRoom Racing Experience,2014-11,466,157.28
211500,RaceRoom Racing Experience,2014-10,539,174.74
211500,RaceRoom Racing Experience,2014-09,586,172.73
211500,RaceRoom Racing Experience,2014-08,239,108.27
211500,RaceRoom Racing Experience,2014-07,350,133.1
211500,RaceRoom Racing Experience,2014-06,390,132.06
211500,RaceRoom Racing Experience,2014-05,366,125.18
211500,RaceRoom Racing Experience,2014-04,293,116.45
211500,RaceRoom Racing Experience,2014-03,263,108.65
211500,RaceRoom Racing Experience,2014-02,232,92.47
211500,RaceRoom Racing Experience,2014-01,242,104.09
211500,RaceRoom Racing Experience,2013-12,327,135.61
211500,RaceRoom Racing Experience,2013-11,260,108.88
211500,RaceRoom Racing Experience,2013-10,260,97.8
211500,RaceRoom Racing Experience,2013-09,335,118.47
211500,RaceRoom Racing Experience,2013-08,232,103.84
211500,RaceRoom Racing Experience,2013-07,260,103.68
211500,RaceRoom Racing Experience,2013-06,247,105.57
211500,RaceRoom Racing Experience,2013-05,300,122.62
211500,RaceRoom Racing Experience,2013-04,304,123.05
211500,RaceRoom Racing Experience,2013-03,411,149.31
211500,RaceRoom Racing Experience,2013-02,722,222.72
211500,RaceRoom Racing Experience,2013-01,427,42.98
211500,RaceRoom Racing Experience,2012-12,83,32.77
211500,RaceRoom Racing Experience,2012-11,111,45.82
211500,RaceRoom Racing Experience,2012-10,165,58.06
211500,RaceRoom Racing Experience,2012-09,452,105.12
273350,Evolve Stage 2,2026-04,21,8.91
273350,Evolve Stage 2,2026-03,21,7.46
273350,Evolve Stage 2,2026-02,21,8.6
273350,Evolve Stage 2,2026-01,24,9.31
273350,Evolve Stage 2,2025-12,21,7.64
273350,Evolve Stage 2,2025-11,22,10.57
273350,Evolve Stage 2,2025-10,25,9.69
273350,Evolve Stage 2,2025-09,23,9.76
273350,Evolve Stage 2,2025-08,31,13.17
273350,Evolve Stage 2,2025-07,36,15.36
273350,Evolve Stage 2,2025-06,26,12.21
273350,Evolve Stage 2,2025-05,30,11.54
273350,Evolve Stage 2,2025-04,29,12.75
273350,Evolve Stage 2,2025-03,26,12.42
273350,Evolve Stage 2,2025-02,51,16.38
273350,Evolve Stage 2,2025-01,43,12.32
273350,Evolve Stage 2,2024-12,32,8.43
273350,Evolve Stage 2,2024-11,24,10.29
273350,Evolve Stage 2,2024-10,38,12.74
273350,Evolve Stage 2,2024-09,40,15.48
273350,Evolve Stage 2,2024-08,29,13.97
273350,Evolve Stage 2,2024-07,31,16.39
273350,Evolve Stage 2,2024-06,38,18.34
273350,Evolve Stage 2,2024-05,31,14.63
273350,Evolve Stage 2,2024-04,34,13.19
273350,Evolve Stage 2,2024-03,23,9.55
273350,Evolve Stage 2,2024-02,24,8.56
273350,Evolve Stage 2,2024-01,26,8.73
273350,Evolve Stage 2,2023-12,23,8.72
273350,Evolve Stage 2,2023-11,22,9.46
273350,Evolve Stage 2,2023-10,33,9.5
273350,Evolve Stage 2,2023-09,28,9.61
273350,Evolve Stage 2,2023-08,32,8.8
273350,Evolve Stage 2,2023-07,34,12.14
273350,Evolve Stage 2,2023-06,52,16.55
273350,Evolve Stage 2,2023-05,56,24.91
273350,Evolve Stage 2,2023-04,59,29.7
273350,Evolve Stage 2,2023-03,80,34.57
273350,Evolve Stage 2,2023-02,77,43.71
273350,Evolve Stage 2,2023-01,111,56.8
273350,Evolve Stage 2,2022-12,171,68.23
273350,Evolve Stage 2,2022-11,402,124.92
273350,Evolve Stage 2,2022-10,1123,160.97
273350,Evolve Stage 2,2022-09,439,177.52
273350,Evolve Stage 2,2022-08,2378,803.01
273350,Evolve Stage 2,2022-07,1607,170.9
273350,Evolve Stage 2,2022-06,31,14.74
273350,Evolve Stage 2,2022-05,32,15.21
273350,Evolve Stage 2,2022-04,43,15.03
273350,Evolve Stage 2,2022-03,29,12.97
273350,Evolve Stage 2,2022-02,37,15.94
273350,Evolve Stage 2,2022-01,48,18.36
273350,Evolve Stage 2,2021-12,31,13.62
273350,Evolve Stage 2,2021-11,41,16.56
273350,Evolve Stage 2,2021-10,39,15.86
273350,Evolve Stage 2,2021-09,40,17.82
273350,Evolve Stage 2,2021-08,43,19.21
273350,Evolve Stage 2,2021-07,38,17.59
273350,Evolve Stage 2,2021-06,46,18.52
273350,Evolve Stage 2,2021-05,43,19.86
273350,Evolve Stage 2,2021-04,45,18.77
273350,Evolve Stage 2,2021-03,41,17.6
273350,Evolve Stage 2,2021-02,39,18.27
273350,Evolve Stage 2,2021-01,43,19.97
273350,Evolve Stage 2,2020-12,39,17.43
273350,Evolve Stage 2,2020-11,41,17.53
273350,Evolve Stage 2,2020-10,39,17.06
273350,Evolve Stage 2,2020-09,39,16.27
273350,Evolve Stage 2,2020-08,57,20.34
273350,Evolve Stage 2,2020-07,50,22.5
273350,Evolve Stage 2,2020-06,77,27.96
273350,Evolve Stage 2,2020-05,55,27.79
273350,Evolve Stage 2,2020-04,61,26.83
273350,Evolve Stage 2,2020-03,52,20.9
273350,Evolve Stage 2,2020-02,47,20.32
273350,Evolve Stage 2,2020-01,44,21.23
273350,Evolve Stage 2,2019-12,82,28.08
273350,Evolve Stage 2,2019-11,46,21.61
273350,Evolve Stage 2,2019-10,42,17.59
273350,Evolve Stage 2,2019-09,42,19.44
273350,Evolve Stage 2,2019-08,110,23.43
273350,Evolve Stage 2,2019-07,55,25.22
273350,Evolve Stage 2,2019-06,83,26.89
273350,Evolve Stage 2,2019-05,92,29.08
273350,Evolve Stage 2,2019-04,55,22.84
273350,Evolve Stage 2,2019-03,55,24.98
273350,Evolve Stage 2,2019-02,63,30.09
273350,Evolve Stage 2,2019-01,75,38.1
273350,Evolve Stage 2,2018-12,146,40.61
273350,Evolve Stage 2,2018-11,73,35.14
273350,Evolve Stage 2,2018-10,82,38.65
273350,Evolve Stage 2,2018-09,193,56.63
273350,Evolve Stage 2,2018-08,233,120.55
273350,Evolve Stage 2,2018-07,1699,238.74
273350,Evolve Stage 2,2018-06,431,195.28
273350,Evolve Stage 2,2018-05,582,270.58
273350,Evolve Stage 2,2018-04,825,283.95
273350,Evolve Stage 2,2018-03,577,264.59
273350,Evolve Stage 2,2018-02,608,315.38
273350,Evolve Stage 2,2018-01,551,274.42
273350,Evolve Stage 2,2017-12,461,236.31
273350,Evolve Stage 2,2017-11,469,207.56
273350,Evolve Stage 2,2017-10,650,270.14
273350,Evolve Stage 2,2017-09,772,341.06
273350,Evolve Stage 2,2017-08,708,404.35
273350,Evolve Stage 2,2017-07,848,467.85
273350,Evolve Stage 2,2017-06,764,430.79
273350,Evolve Stage 2,2017-05,772,383.38
273350,Evolve Stage 2,2017-04,887,438.76
273350,Evolve Stage 2,2017-03,939,459.76
273350,Evolve Stage 2,2017-02,863,436.62
273350,Evolve Stage 2,2017-01,699,380.72
273350,Evolve Stage 2,2016-12,925,473.36
273350,Evolve Stage 2,2016-11,1474,685.97
273350,Evolve Stage 2,2016-10,3509,1509.27
273350,Evolve Stage 2,2016-09,4985,2499.46
273350,Evolve Stage 2,2016-08,13897,6297.98
273350,Evolve Stage 2,2016-07,51099,15378.48
273350,Evolve Stage 2,2016-06,234,106.2
273350,Evolve Stage 2,2016-05,360,120.42
273350,Evolve Stage 2,2016-04,480,184.45
273350,Evolve Stage 2,2016-03,878,267.78
273350,Evolve Stage 2,2016-02,663,305.42
273350,Evolve Stage 2,2016-01,1338,495.47
273350,Evolve Stage 2,2015-12,1515,504.22
273350,Evolve Stage 2,2015-11,886,379.8
273350,Evolve Stage 2,2015-10,811,339.75
273350,Evolve Stage 2,2015-09,9084,1246.45
273350,Evolve Stage 2,2015-08,1011,447.31
273350,Evolve Stage 2,2015-07,808,420.51
273350,Evolve Stage 2,2015-06,1405,625.23
273350,Evolve Stage 2,2015-05,1694,709.43
273350,Evolve Stage 2,2015-04,4044,1507.87
273350,Evolve Stage 2,2015-03,6992,2759.4
273350,Evolve Stage 2,2015-02,27403,9030.57
308600,Gene Shift Auto,2026-04,392,136.87
308600,Gene Shift Auto,2026-03,203,69.19
308600,Gene Shift Auto,2026-02,79,30.52
308600,Gene Shift Auto,2026-01,61,15.14
308600,Gene Shift Auto,2025-12,29,12.98
308600,Gene Shift Auto,2025-11,49,13.23
308600,Gene Shift Auto,2025-10,24,10.83
308600,Gene Shift Auto,2025-09,42,10.97
308600,Gene Shift Auto,2025-08,28,11.7
308600,Gene Shift Auto,2025-07,30,10.96
308600,Gene Shift Auto,2025-06,38,11.06
308600,Gene Shift Auto,2025-05,40,13.99
308600,Gene Shift Auto,2025-04,40,13.09
308600,Gene Shift Auto,2025-03,24,8.53
308600,Gene Shift Auto,2025-02,25,8.49
308600,Gene Shift Auto,2025-01,24,7.3
308600,Gene Shift Auto,2024-12,37,8.43
308600,Gene Shift Auto,2024-11,21,8.62
308600,Gene Shift Auto,2024-10,24,8.86
308600,Gene Shift Auto,2024-09,23,9.53
308600,Gene Shift Auto,2024-08,24,9.67
308600,Gene Shift Auto,2024-07,24,9.71
308600,Gene Shift Auto,2024-06,28,10.53
308600,Gene Shift Auto,2024-05,27,9.54
308600,Gene Shift Auto,2024-04,25,8.58
308600,Gene Shift Auto,2024-03,35,9.32
308600,Gene Shift Auto,2024-02,26,8.72
308600,Gene Shift Auto,2024-01,21,8.01
308600,Gene Shift Auto,2023-12,28,8.37
308600,Gene Shift Auto,2023-11,33,10.22
308600,Gene Shift Auto,2023-10,48,13.82
308600,Gene Shift Auto,2023-09,90,13.5
308600,Gene Shift Auto,2023-08,36,11.96
308600,Gene Shift Auto,2023-07,35,11.55
308600,Gene Shift Auto,2023-06,35,11.75
308600,Gene Shift Auto,2023-05,38,10.05
308600,Gene Shift Auto,2023-04,36,9.93
308600,Gene Shift Auto,2023-03,59,13.95
308600,Gene Shift Auto,2023-02,58,19.01
308600,Gene Shift Auto,2023-01,86,24.3
308600,Gene Shift Auto,2022-12,861,59.06
308600,Gene Shift Auto,2022-11,546,31.33
308600,Gene Shift Auto,2022-10,94,6.84
308600,Gene Shift Auto,2022-09,320,26.58
308600,Gene Shift Auto,2022-08,1165,31.8
308600,Gene Shift Auto,2022-07,321,31.22
308600,Gene Shift Auto,2022-06,255,34.15
308600,Gene Shift Auto,2022-05,259,31.13
308600,Gene Shift Auto,2022-04,338,28.21
308600,Gene Shift Auto,2022-03,218,25.07
308600,Gene Shift Auto,2022-02,1883,17.95
308600,Gene Shift Auto,2022-01,349,37.34
308600,Gene Shift Auto,2021-12,517,27.33
308600,Gene Shift Auto,2021-11,403,18.61
308600,Gene Shift Auto,2021-10,89,8.62
308600,Gene Shift Auto,2021-09,75,8.71
308600,Gene Shift Auto,2021-08,78,12.08
308600,Gene Shift Auto,2021-07,943,23.15
308600,Gene Shift Auto,2021-06,164,24.97
308600,Gene Shift Auto,2021-05,139,18.72
308600,Gene Shift Auto,2021-04,133,21.56
308600,Gene Shift Auto,2021-03,151,39.28
308600,Gene Shift Auto,2021-02,165,37.5
308600,Gene Shift Auto,2021-01,325,42.78
308600,Gene Shift Auto,2020-12,372,57.1
308600,Gene Shift Auto,2020-11,255,32.07
308600,Gene Shift Auto,2020-10,393,43.7
308600,Gene Shift Auto,2020-09,559,70.52
308600,Gene Shift Auto,2020-08,400,59.14
308600,Gene Shift Auto,2020-07,675,82.35
308600,Gene Shift Auto,2020-06,2707,216.58
308600,Gene Shift Auto,2020-05,1247,121.21
308600,Gene Shift Auto,2020-04,374,30.03
308600,Gene Shift Auto,2020-03,408,14.33
308600,Gene Shift Auto,2020-02,234,11.71
308600,Gene Shift Auto,2020-01,199,23.85
308600,Gene Shift Auto,2019-12,586,51.34
308600,Gene Shift Auto,2019-11,510,27.59
308600,Gene Shift Auto,2019-10,424,23.36
308600,Gene Shift Auto,2019-09,109,12.7
308600,Gene Shift Auto,2019-08,2966,304.11
308600,Gene Shift Auto,2019-07,528,47.37
308600,Gene Shift Auto,2019-06,2053,115.59
308600,Gene Shift Auto,2019-05,1337,126.64
308600,Gene Shift Auto,2019-04,957,89.21
308600,Gene Shift Auto,2019-03,973,73.13
308600,Gene Shift Auto,2019-02,7341,326.67
308600,Gene Shift Auto,2019-01,114920,2242.47
308600,Gene Shift Auto,2018-12,213183,2016.47
308600,Gene Shift Auto,2018-11,4,0.41
308600,Gene Shift Auto,2018-10,8,0.6
308600,Gene Shift Auto,2018-09,13,0.65
308600,Gene Shift Auto,2018-08,9,1.13
308600,Gene Shift Auto,2018-07,4,0.22
308600,Gene Shift Auto,2018-06,3,0.11
308600,Gene Shift Auto,2018-05,3,0.24
308600,Gene Shift Auto,2018-04,4,0.4
308600,Gene Shift Auto,2018-03,6,0.21
308600,Gene Shift Auto,2018-02,3,0.15
308600,Gene Shift Auto,2018-01,5,0.15
308600,Gene Shift Auto,2017-12,3,0.27
308600,Gene Shift Auto,2017-11,6,0.22
308600,Gene Shift Auto,2017-10,5,0.4
308600,Gene Shift Auto,2017-09,5,0.49
308600,Gene Shift Auto,2017-08,7,0.74
308600,Gene Shift Auto,2017-07,6,0.55
308600,Gene Shift Auto,2017-06,15,2.72
308600,Gene Shift Auto,2017-05,81,5.57
308600,Gene Shift Auto,2017-04,2,0.09
308600,Gene Shift Auto,2017-03,1,0.1
308600,Gene Shift Auto,2017-02,1,0.02
308600,Gene Shift Auto,2017-01,1,0.01
253710,theHunter Classic,2026-04,751,406.13
253710,theHunter Classic,2026-03,905,448.84
253710,theHunter Classic,2026-02,1283,597.09
253710,theHunter Classic,2026-01,1042,555.08
253710,theHunter Classic,2025-12,1297,639.07
253710,theHunter Classic,2025-11,1405,621.97
253710,theHunter Classic,2025-10,1447,536.19
253710,theHunter Classic,2025-09,874,459.16
253710,theHunter Classic,2025-08,760,454.1
253710,theHunter Classic,2025-07,846,433.76
253710,theHunter Classic,2025-06,926,461.28
253710,theHunter Classic,2025-05,1040,464.79
253710,theHunter Classic,2025-04,1133,538.89
253710,theHunter Classic,2025-03,1082,553.22
253710,theHunter Classic,2025-02,1383,654.5
253710,theHunter Classic,2025-01,1240,666.36
253710,theHunter Classic,2024-12,1478,734.35
253710,theHunter Classic,2024-11,1619,753.83
253710,theHunter Classic,2024-10,1160,609.06
253710,theHunter Classic,2024-09,1012,554.36
253710,theHunter Classic,2024-08,956,558.83
253710,theHunter Classic,2024-07,845,494.49
253710,theHunter Classic,2024-06,945,521.87
253710,theHunter Classic,2024-05,1136,565.3
253710,theHunter Classic,2024-04,1296,635.67
253710,theHunter Classic,2024-03,1379,706.47
253710,theHunter Classic,2024-02,1582,763.74
253710,theHunter Classic,2024-01,1450,763.97
253710,theHunter Classic,2023-12,1822,843.9
253710,theHunter Classic,2023-11,1545,772.0
253710,theHunter Classic,2023-10,1912,766.45
253710,theHunter Classic,2023-09,1076,601.39
253710,theHunter Classic,2023-08,1140,644.29
253710,theHunter Classic,2023-07,1179,595.84
253710,theHunter Classic,2023-06,1211,631.11
253710,theHunter Classic,2023-05,1288,656.15
253710,theHunter Classic,2023-04,1578,762.42
253710,theHunter Classic,2023-03,1585,765.03
253710,theHunter Classic,2023-02,1750,881.11
253710,theHunter Classic,2023-01,1682,853.98
253710,theHunter Classic,2022-12,1884,901.53
253710,theHunter Classic,2022-11,1671,833.51
253710,theHunter Classic,2022-10,1925,774.9
253710,theHunter Classic,2022-09,1485,698.54
253710,theHunter Classic,2022-08,1314,787.44
253710,theHunter Classic,2022-07,1379,672.24
253710,theHunter Classic,2022-06,1215,696.95
253710,theHunter Classic,2022-05,1296,690.08
253710,theHunter Classic,2022-04,1734,891.39
253710,theHunter Classic,2022-03,1833,883.45
253710,theHunter Classic,2022-02,1750,905.0
253710,theHunter Classic,2022-01,2075,1018.63
253710,theHunter Classic,2021-12,2034,1052.82
253710,theHunter Classic,2021-11,1987,1033.02
253710,theHunter Classic,2021-10,2241,953.45
253710,theHunter Classic,2021-09,1801,885.82
253710,theHunter Classic,2021-08,1377,845.73
253710,theHunter Classic,2021-07,1350,777.87
253710,theHunter Classic,2021-06,1473,799.34
253710,theHunter Classic,2021-05,1742,913.98
253710,theHunter Classic,2021-04,1897,1016.29
253710,theHunter Classic,2021-03,2279,1125.82
253710,theHunter Classic,2021-02,2382,1286.52
253710,theHunter Classic,2021-01,2573,1281.06
253710,theHunter Classic,2020-12,2553,1322.99
253710,theHunter Classic,2020-11,2372,1218.04
253710,theHunter Classic,2020-10,2369,999.71
253710,theHunter Classic,2020-09,1488,799.75
253710,theHunter Classic,2020-08,1391,785.21
253710,theHunter Classic,2020-07,1254,750.06
253710,theHunter Classic,2020-06,1542,850.06
253710,theHunter Classic,2020-05,2484,1184.85
253710,theHunter Classic,2020-04,2703,1459.03
253710,theHunter Classic,2020-03,2676,1154.68
253710,theHunter Classic,2020-02,1617,843.38
253710,theHunter Classic,2020-01,1739,888.97
253710,theHunter Classic,2019-12,1733,872.44
253710,theHunter Classic,2019-11,1790,908.78
253710,theHunter Classic,2019-10,1440,646.1
253710,theHunter Classic,2019-09,1110,574.24
253710,theHunter Classic,2019-08,2646,620.57
253710,theHunter Classic,2019-07,1033,599.38
253710,theHunter Classic,2019-06,1220,689.18
253710,theHunter Classic,2019-05,2131,840.79
253710,theHunter Classic,2019-04,576,294.87
253710,theHunter Classic,2019-03,733,350.52
253710,theHunter Classic,2019-02,935,436.63
253710,theHunter Classic,2019-01,819,415.43
253710,theHunter Classic,2018-12,1094,530.98
253710,theHunter Classic,2018-11,867,444.13
253710,theHunter Classic,2018-10,1023,415.65
253710,theHunter Classic,2018-09,920,403.04
253710,theHunter Classic,2018-08,785,425.14
253710,theHunter Classic,2018-07,696,402.34
253710,theHunter Classic,2018-06,758,400.3
253710,theHunter Classic,2018-05,801,419.07
253710,theHunter Classic,2018-04,1079,492.51
253710,theHunter Classic,2018-03,1185,579.37
253710,theHunter Classic,2018-02,1291,652.97
253710,theHunter Classic,2018-01,1410,715.76
253710,theHunter Classic,2017-12,1635,849.64
253710,theHunter Classic,2017-11,1436,693.5
253710,theHunter Classic,2017-10,1507,664.65
253710,theHunter Classic,2017-09,1320,614.33
253710,theHunter Classic,2017-08,1024,598.39
253710,theHunter Classic,2017-07,1055,608.53
253710,theHunter Classic,2017-06,1126,623.51
253710,theHunter Classic,2017-05,1243,644.71
253710,theHunter Classic,2017-04,1582,763.65
253710,theHunter Classic,2017-03,1978,902.27
253710,theHunter Classic,2017-02,2201,1082.25
253710,theHunter Classic,2017-01,2001,994.5
253710,theHunter Classic,2016-12,2311,1095.4
253710,theHunter Classic,2016-11,1795,858.03
253710,theHunter Classic,2016-10,1891,796.3
253710,theHunter Classic,2016-09,1374,639.89
253710,theHunter Classic,2016-08,1227,687.0
253710,theHunter Classic,2016-07,1138,611.94
253710,theHunter Classic,2016-06,1912,696.26
253710,theHunter Classic,2016-05,1125,564.97
253710,theHunter Classic,2016-04,1284,615.33
253710,theHunter Classic,2016-03,1525,708.69
253710,theHunter Classic,2016-02,1587,822.99
253710,theHunter Classic,2016-01,1786,673.21
253710,theHunter Classic,2015-12,1254,643.69
253710,theHunter Classic,2015-11,1254,614.6
253710,theHunter Classic,2015-10,1422,675.86
253710,theHunter Classic,2015-09,1061,517.5
253710,theHunter Classic,2015-08,938,557.14
253710,theHunter Classic,2015-07,1011,557.44
253710,theHunter Classic,2015-06,1083,562.64
253710,theHunter Classic,2015-05,1010,513.62
253710,theHunter Classic,2015-04,1235,583.16
253710,theHunter Classic,2015-03,1596,684.29
253710,theHunter Classic,2015-02,1528,750.21
253710,theHunter Classic,2015-01,1665,750.67
253710,theHunter Classic,2014-12,1436,759.45
253710,theHunter Classic,2014-11,1683,844.43
253710,theHunter Classic,2014-10,2293,909.46
253710,theHunter Classic,2014-09,1717,650.69
253710,theHunter Classic,2014-08,1181,714.29
253710,theHunter Classic,2014-07,2059,1051.96
253710,theHunter Classic,2014-06,2648,1162.48
397900,Business Tour,2026-04,1401,514.77
397900,Business Tour,2026-03,1528,561.17
397900,Business Tour,2026-02,1677,606.0
397900,Business Tour,2026-01,2281,704.93
397900,Business Tour,2025-12,1693,548.28
397900,Business Tour,2025-11,1486,522.22
397900,Business Tour,2025-10,1400,498.81
397900,Business Tour,2025-09,1269,477.45
397900,Business Tour,2025-08,1272,509.08
397900,Business Tour,2025-07,1268,510.42
397900,Business Tour,2025-06,1418,566.9
397900,Business Tour,2025-05,1404,557.81
397900,Business Tour,2025-04,1591,586.59
397900,Business Tour,2025-03,1718,621.83
397900,Business Tour,2025-02,1647,635.73
397900,Business Tour,2025-01,2117,750.11
397900,Business Tour,2024-12,1820,630.81
397900,Business Tour,2024-11,1707,612.19
397900,Business Tour,2024-10,1719,617.57
397900,Business Tour,2024-09,1855,686.1
397900,Business Tour,2024-08,1793,701.95
397900,Business Tour,2024-07,1463,641.42
397900,Business Tour,2024-06,1706,684.73
397900,Business Tour,2024-05,1762,693.97
397900,Business Tour,2024-04,1821,721.08
397900,Business Tour,2024-03,1905,761.27
397900,Business Tour,2024-02,1969,771.26
397900,Business Tour,2024-01,2393,909.13
397900,Business Tour,2023-12,2925,794.97
397900,Business Tour,2023-11,1860,723.98
397900,Business Tour,2023-10,1953,755.22
397900,Business Tour,2023-09,2165,749.03
397900,Business Tour,2023-08,2547,867.73
397900,Business Tour,2023-07,1883,877.27
397900,Business Tour,2023-06,2103,923.79
397900,Business Tour,2023-05,2209,931.63
397900,Business Tour,2023-04,2372,1033.53
397900,Business Tour,2023-03,2481,1004.17
397900,Business Tour,2023-02,3036,1128.63
397900,Business Tour,2023-01,2906,1117.27
397900,Business Tour,2022-12,2680,959.09
397900,Business Tour,2022-11,2090,788.13
397900,Business Tour,2022-10,1908,702.55
397900,Business Tour,2022-09,2015,766.1
397900,Business Tour,2022-08,1950,784.96
397900,Business Tour,2022-07,1628,721.96
397900,Business Tour,2022-06,2096,837.64
397900,Business Tour,2022-05,1943,775.94
397900,Business Tour,2022-04,2598,969.79
397900,Business Tour,2022-03,2488,952.35
397900,Business Tour,2022-02,2689,1135.44
397900,Business Tour,2022-01,3010,1276.26
397900,Business Tour,2021-12,3018,969.98
397900,Business Tour,2021-11,2141,856.77
397900,Business Tour,2021-10,1999,783.02
397900,Business Tour,2021-09,2192,979.44
397900,Business Tour,2021-08,2430,1188.77
397900,Business Tour,2021-07,3449,1167.69
397900,Business Tour,2021-06,3436,1384.31
397900,Business Tour,2021-05,6543,2087.08
397900,Business Tour,2021-04,5276,1724.21
397900,Business Tour,2021-03,3113,1234.81
397900,Business Tour,2021-02,2894,1201.63
397900,Business Tour,2021-01,3923,1245.31
397900,Business Tour,2020-12,2844,1025.45
397900,Business Tour,2020-11,2619,987.04
397900,Business Tour,2020-10,1868,690.38
397900,Business Tour,2020-09,1655,694.73
397900,Business Tour,2020-08,1991,873.18
397900,Business Tour,2020-07,1902,833.54
397900,Business Tour,2020-06,2209,926.89
397900,Business Tour,2020-05,3999,1343.24
397900,Business Tour,2020-04,7258,2467.95
397900,Business Tour,2020-03,7019,1907.49
397900,Business Tour,2020-02,3286,1035.42
397900,Business Tour,2020-01,3315,1231.76
397900,Business Tour,2019-12,3171,1057.8
397900,Business Tour,2019-11,2688,864.77
397900,Business Tour,2019-10,1966,648.83
397900,Business Tour,2019-09,2175,765.57
397900,Business Tour,2019-08,2301,1002.04
397900,Business Tour,2019-07,2993,1063.95
397900,Business Tour,2019-06,3630,1161.88
397900,Business Tour,2019-05,2670,929.82
397900,Business Tour,2019-04,3153,986.29
397900,Business Tour,2019-03,2732,901.48
397900,Business Tour,2019-02,2573,911.67
397900,Business Tour,2019-01,3335,1154.04
397900,Business Tour,2018-12,3090,1048.06
397900,Business Tour,2018-11,2833,1011.7
397900,Business Tour,2018-10,2567,890.97
397900,Business Tour,2018-09,3779,1283.02
397900,Business Tour,2018-08,4552,1687.99
397900,Business Tour,2018-07,5332,1566.35
397900,Business Tour,2018-06,2254,910.16
397900,Business Tour,2018-05,2341,874.04
397900,Business Tour,2018-04,3081,971.99
397900,Business Tour,2018-03,4837,1367.9
397900,Business Tour,2018-02,4182,1516.46
397900,Business Tour,2018-01,5753,1640.72
397900,Business Tour,2017-12,2424,741.17
397900,Business Tour,2017-11,2146,574.74
397900,Business Tour,2017-10,2493,773.98
397900,Business Tour,2017-09,7614,1612.69
397900,Business Tour,2017-08,1813,657.29
397900,Business Tour,2017-07,1007,88.59
397900,Business Tour,2017-06,10,1.43
397900,Business Tour,2017-05,10,1.6
397900,Business Tour,2017-04,16,2.51
397900,Business Tour,2017-03,24,2.26
397900,Business Tour,2017-02,40,4.99
397900,Business Tour,2017-01,7,0.74
397900,Business Tour,2016-12,6,0.68
397900,Business Tour,2016-11,20,1.41
397900,Business Tour,2016-10,4,0.09
224260,No More Room in Hell,2026-04,815,388.11
224260,No More Room in Hell,2026-03,781,373.12
224260,No More Room in Hell,2026-02,746,424.31
224260,No More Room in Hell,2026-01,763,395.29
224260,No More Room in Hell,2025-12,786,370.2
224260,No More Room in Hell,2025-11,738,355.2
224260,No More Room in Hell,2025-10,734,356.31
224260,No More Room in Hell,2025-09,792,373.64
224260,No More Room in Hell,2025-08,901,488.18
224260,No More Room in Hell,2025-07,876,464.03
224260,No More Room in Hell,2025-06,858,463.64
224260,No More Room in Hell,2025-05,939,471.19
224260,No More Room in Hell,2025-04,1151,481.33
224260,No More Room in Hell,2025-03,1082,455.59
224260,No More Room in Hell,2025-02,943,483.09
224260,No More Room in Hell,2025-01,916,506.29
224260,No More Room in Hell,2024-12,913,482.38
224260,No More Room in Hell,2024-11,1565,658.72
224260,No More Room in Hell,2024-10,2499,825.22
224260,No More Room in Hell,2024-09,1548,620.36
224260,No More Room in Hell,2024-08,1418,741.41
224260,No More Room in Hell,2024-07,1248,674.72
224260,No More Room in Hell,2024-06,1077,600.56
224260,No More Room in Hell,2024-05,826,427.04
224260,No More Room in Hell,2024-04,771,414.03
224260,No More Room in Hell,2024-03,822,455.94
224260,No More Room in Hell,2024-02,910,521.88
224260,No More Room in Hell,2024-01,836,452.28
224260,No More Room in Hell,2023-12,783,409.17
224260,No More Room in Hell,2023-11,1177,468.36
224260,No More Room in Hell,2023-10,992,476.37
224260,No More Room in Hell,2023-09,866,440.74
224260,No More Room in Hell,2023-08,937,564.86
224260,No More Room in Hell,2023-07,941,573.35
224260,No More Room in Hell,2023-06,955,534.15
224260,No More Room in Hell,2023-05,952,493.39
224260,No More Room in Hell,2023-04,910,455.89
224260,No More Room in Hell,2023-03,879,434.15
224260,No More Room in Hell,2023-02,1086,549.17
224260,No More Room in Hell,2023-01,1079,639.36
224260,No More Room in Hell,2022-12,900,532.46
224260,No More Room in Hell,2022-11,1085,515.82
224260,No More Room in Hell,2022-10,874,445.81
224260,No More Room in Hell,2022-09,919,461.87
224260,No More Room in Hell,2022-08,1160,628.24
224260,No More Room in Hell,2022-07,987,550.13
224260,No More Room in Hell,2022-06,820,466.95
224260,No More Room in Hell,2022-05,843,462.01
224260,No More Room in Hell,2022-04,878,464.12
224260,No More Room in Hell,2022-03,832,424.54
224260,No More Room in Hell,2022-02,896,505.31
224260,No More Room in Hell,2022-01,956,505.59
224260,No More Room in Hell,2021-12,750,400.93
224260,No More Room in Hell,2021-11,1143,510.71
224260,No More Room in Hell,2021-10,824,435.37
224260,No More Room in Hell,2021-09,818,459.23
224260,No More Room in Hell,2021-08,900,580.05
224260,No More Room in Hell,2021-07,845,546.03
224260,No More Room in Hell,2021-06,863,513.61
224260,No More Room in Hell,2021-05,848,486.5
224260,No More Room in Hell,2021-04,955,497.06
224260,No More Room in Hell,2021-03,892,520.51
224260,No More Room in Hell,2021-02,956,640.46
224260,No More Room in Hell,2021-01,1005,555.39
224260,No More Room in Hell,2020-12,716,412.23
224260,No More Room in Hell,2020-11,706,419.48
224260,No More Room in Hell,2020-10,760,409.61
224260,No More Room in Hell,2020-09,658,360.65
224260,No More Room in Hell,2020-08,711,462.38
224260,No More Room in Hell,2020-07,629,400.97
224260,No More Room in Hell,2020-06,609,394.55
224260,No More Room in Hell,2020-05,883,494.51
224260,No More Room in Hell,2020-04,1019,634.15
224260,No More Room in Hell,2020-03,952,586.15
224260,No More Room in Hell,2020-02,741,421.78
224260,No More Room in Hell,2020-01,607,366.28
224260,No More Room in Hell,2019-12,632,325.92
224260,No More Room in Hell,2019-11,695,363.87
224260,No More Room in Hell,2019-10,509,254.0
224260,No More Room in Hell,2019-09,508,261.36
224260,No More Room in Hell,2019-08,561,352.45
224260,No More Room in Hell,2019-07,544,341.43
224260,No More Room in Hell,2019-06,506,320.94
224260,No More Room in Hell,2019-05,542,301.26
224260,No More Room in Hell,2019-04,650,326.36
224260,No More Room in Hell,2019-03,629,345.83
224260,No More Room in Hell,2019-02,762,368.04
224260,No More Room in Hell,2019-01,716,395.77
224260,No More Room in Hell,2018-12,646,348.21
224260,No More Room in Hell,2018-11,746,368.41
224260,No More Room in Hell,2018-10,860,447.12
224260,No More Room in Hell,2018-09,666,358.64
224260,No More Room in Hell,2018-08,722,477.15
224260,No More Room in Hell,2018-07,750,478.49
224260,No More Room in Hell,2018-06,815,471.73
224260,No More Room in Hell,2018-05,831,451.89
224260,No More Room in Hell,2018-04,866,470.42
224260,No More Room in Hell,2018-03,1026,545.88
224260,No More Room in Hell,2018-02,1209,670.27
224260,No More Room in Hell,2018-01,1180,675.97
224260,No More Room in Hell,2017-12,1012,564.04
224260,No More Room in Hell,2017-11,1143,554.18
224260,No More Room in Hell,2017-10,1186,623.1
224260,No More Room in Hell,2017-09,1157,594.36
224260,No More Room in Hell,2017-08,1081,738.1
224260,No More Room in Hell,2017-07,1033,719.98
224260,No More Room in Hell,2017-06,1363,736.35
224260,No More Room in Hell,2017-05,1291,713.99
224260,No More Room in Hell,2017-04,1510,809.52
224260,No More Room in Hell,2017-03,1421,770.08
224260,No More Room in Hell,2017-02,1584,896.1
224260,No More Room in Hell,2017-01,1539,912.54
224260,No More Room in Hell,2016-12,1387,803.43
224260,No More Room in Hell,2016-11,1391,710.95
224260,No More Room in Hell,2016-10,1384,727.6
224260,No More Room in Hell,2016-09,1377,729.51
224260,No More Room in Hell,2016-08,1432,937.92
224260,No More Room in Hell,2016-07,1356,955.53
224260,No More Room in Hell,2016-06,1401,879.6
224260,No More Room in Hell,2016-05,1429,765.26
224260,No More Room in Hell,2016-04,1393,741.27
224260,No More Room in Hell,2016-03,1559,824.07
224260,No More Room in Hell,2016-02,1545,878.17
224260,No More Room in Hell,2016-01,1635,967.65
224260,No More Room in Hell,2015-12,1593,901.71
224260,No More Room in Hell,2015-11,1704,855.87
224260,No More Room in Hell,2015-10,1573,848.24
224260,No More Room in Hell,2015-09,1623,844.9
224260,No More Room in Hell,2015-08,1751,1216.76
224260,No More Room in Hell,2015-07,1646,1177.07
224260,No More Room in Hell,2015-06,1696,994.2
224260,No More Room in Hell,2015-05,1849,993.78
224260,No More Room in Hell,2015-04,1907,1027.3
224260,No More Room in Hell,2015-03,2336,1135.6
224260,No More Room in Hell,2015-02,2435,1404.98
224260,No More Room in Hell,2015-01,2393,1258.78
224260,No More Room in Hell,2014-12,2003,1085.7
224260,No More Room in Hell,2014-11,2973,1278.72
224260,No More Room in Hell,2014-10,2123,1095.76
224260,No More Room in Hell,2014-09,2006,1018.25
224260,No More Room in Hell,2014-08,2200,1318.83
224260,No More Room in Hell,2014-07,1812,1271.49
224260,No More Room in Hell,2014-06,2074,1287.11
224260,No More Room in Hell,2014-05,2359,1234.97
224260,No More Room in Hell,2014-04,2736,1454.67
224260,No More Room in Hell,2014-03,2977,1616.12
224260,No More Room in Hell,2014-02,3685,1799.08
224260,No More Room in Hell,2014-01,4120,2348.4
224260,No More Room in Hell,2013-12,5389,2848.39
224260,No More Room in Hell,2013-11,10869,4105.84
766570,Russian Fishing 4,2026-04,20746,10889.98
766570,Russian Fishing 4,2026-03,21982,11417.57
766570,Russian Fishing 4,2026-02,24939,12121.7
766570,Russian Fishing 4,2026-01,27906,14415.59
766570,Russian Fishing 4,2025-12,26665,12319.14
766570,Russian Fishing 4,2025-11,20610,11182.21
766570,Russian Fishing 4,2025-10,20092,10411.43
766570,Russian Fishing 4,2025-09,18927,10339.35
766570,Russian Fishing 4,2025-08,19907,11290.22
766570,Russian Fishing 4,2025-07,20596,11317.6
766570,Russian Fishing 4,2025-06,26097,13509.97
766570,Russian Fishing 4,2025-05,25212,11310.32
766570,Russian Fishing 4,2025-04,20738,10089.63
766570,Russian Fishing 4,2025-03,20487,10658.79
766570,Russian Fishing 4,2025-02,20699,11050.03
766570,Russian Fishing 4,2025-01,22277,11383.61
766570,Russian Fishing 4,2024-12,23201,11001.49
766570,Russian Fishing 4,2024-11,19528,10285.48
766570,Russian Fishing 4,2024-10,18863,10124.19
766570,Russian Fishing 4,2024-09,18423,9712.38
766570,Russian Fishing 4,2024-08,17446,9926.12
766570,Russian Fishing 4,2024-07,18132,10057.45
766570,Russian Fishing 4,2024-06,23174,11839.73
766570,Russian Fishing 4,2024-05,24294,12088.96
766570,Russian Fishing 4,2024-04,23055,11736.99
766570,Russian Fishing 4,2024-03,21480,11345.73
766570,Russian Fishing 4,2024-02,20782,10709.69
766570,Russian Fishing 4,2024-01,23159,12089.76
766570,Russian Fishing 4,2023-12,22557,10421.11
766570,Russian Fishing 4,2023-11,15914,7990.68
766570,Russian Fishing 4,2023-10,15446,7873.37
766570,Russian Fishing 4,2023-09,13013,7132.48
766570,Russian Fishing 4,2023-08,12477,7150.41
766570,Russian Fishing 4,2023-07,12796,7270.19
766570,Russian Fishing 4,2023-06,13504,7143.1
766570,Russian Fishing 4,2023-05,14556,7089.26
766570,Russian Fishing 4,2023-04,14272,7080.21
766570,Russian Fishing 4,2023-03,11220,5645.4
766570,Russian Fishing 4,2023-02,9564,4942.27
766570,Russian Fishing 4,2023-01,10970,5031.43
766570,Russian Fishing 4,2022-12,12914,5532.58
766570,Russian Fishing 4,2022-11,10698,5590.71
766570,Russian Fishing 4,2022-10,10242,5319.48
766570,Russian Fishing 4,2022-09,9037,4883.81
766570,Russian Fishing 4,2022-08,7609,4139.26
766570,Russian Fishing 4,2022-07,7186,4061.58
766570,Russian Fishing 4,2022-06,8149,4410.94
766570,Russian Fishing 4,2022-05,8764,4569.58
766570,Russian Fishing 4,2022-04,7974,4352.26
766570,Russian Fishing 4,2022-03,8029,3956.44
766570,Russian Fishing 4,2022-02,7421,4030.51
766570,Russian Fishing 4,2022-01,9144,4781.51
766570,Russian Fishing 4,2021-12,10937,4373.7
766570,Russian Fishing 4,2021-11,7445,3707.73
766570,Russian Fishing 4,2021-10,6497,3463.65
766570,Russian Fishing 4,2021-09,6564,3627.32
766570,Russian Fishing 4,2021-08,6620,3837.5
766570,Russian Fishing 4,2021-07,6471,3631.25
766570,Russian Fishing 4,2021-06,7794,4054.95
766570,Russian Fishing 4,2021-05,7538,4127.26
766570,Russian Fishing 4,2021-04,7360,3950.11
766570,Russian Fishing 4,2021-03,7506,3958.53
766570,Russian Fishing 4,2021-02,7459,4087.76
766570,Russian Fishing 4,2021-01,7724,4303.58
766570,Russian Fishing 4,2020-12,7659,3771.99
766570,Russian Fishing 4,2020-11,6765,3373.95
766570,Russian Fishing 4,2020-10,5992,3142.98
766570,Russian Fishing 4,2020-09,5969,3156.06
766570,Russian Fishing 4,2020-08,5758,3261.5
766570,Russian Fishing 4,2020-07,6177,3245.5
766570,Russian Fishing 4,2020-06,6487,3555.51
766570,Russian Fishing 4,2020-05,8124,4268.86
766570,Russian Fishing 4,2020-04,8635,4772.63
766570,Russian Fishing 4,2020-03,7743,4222.39
766570,Russian Fishing 4,2020-02,7650,3651.77
766570,Russian Fishing 4,2020-01,4478,2433.59
766570,Russian Fishing 4,2019-12,4978,2468.91
766570,Russian Fishing 4,2019-11,4746,2528.39
766570,Russian Fishing 4,2019-10,4366,2444.36
766570,Russian Fishing 4,2019-09,4193,2201.39
766570,Russian Fishing 4,2019-08,3408,1952.27
766570,Russian Fishing 4,2019-07,3201,1810.13
766570,Russian Fishing 4,2019-06,2976,1707.68
766570,Russian Fishing 4,2019-05,3755,2039.61
766570,Russian Fishing 4,2019-04,3824,2240.13
766570,Russian Fishing 4,2019-03,3872,2462.22
766570,Russian Fishing 4,2019-02,3949,2521.12
766570,Russian Fishing 4,2019-01,4358,2998.19
766570,Russian Fishing 4,2018-12,4197,2840.89
766570,Russian Fishing 4,2018-11,4094,2682.43
766570,Russian Fishing 4,2018-10,4246,2644.67
766570,Russian Fishing 4,2018-09,4076,2231.65
766570,Russian Fishing 4,2018-08,3605,2056.71
766570,Russian Fishing 4,2018-07,2907,1475.54
766570,Russian Fishing 4,2018-06,2760,1481.92
1286830,STAR WARS: The Old Republic,2026-04,7219,3985.7
1286830,STAR WARS: The Old Republic,2026-03,6917,3688.81
1286830,STAR WARS: The Old Republic,2026-02,7223,4041.46
1286830,STAR WARS: The Old Republic,2026-01,7441,4219.0
1286830,STAR WARS: The Old Republic,2025-12,6911,3738.06
1286830,STAR WARS: The Old Republic,2025-11,5878,3274.09
1286830,STAR WARS: The Old Republic,2025-10,5382,3055.64
1286830,STAR WARS: The Old Republic,2025-09,5683,3216.0
1286830,STAR WARS: The Old Republic,2025-08,6303,3646.49
1286830,STAR WARS: The Old Republic,2025-07,7186,4232.04
1286830,STAR WARS: The Old Republic,2025-06,9626,5498.79
1286830,STAR WARS: The Old Republic,2025-05,9037,4853.57
1286830,STAR WARS: The Old Republic,2025-04,6425,3624.72
1286830,STAR WARS: The Old Republic,2025-03,6594,3702.0
1286830,STAR WARS: The Old Republic,2025-02,7426,3983.3
1286830,STAR WARS: The Old Republic,2025-01,7422,4308.56
1286830,STAR WARS: The Old Republic,2024-12,6917,3905.37
1286830,STAR WARS: The Old Republic,2024-11,6167,3292.48
1286830,STAR WARS: The Old Republic,2024-10,5403,3076.08
1286830,STAR WARS: The Old Republic,2024-09,6179,3446.5
1286830,STAR WARS: The Old Republic,2024-08,6426,3812.11
1286830,STAR WARS: The Old Republic,2024-07,6462,3855.36
1286830,STAR WARS: The Old Republic,2024-06,7480,4399.53
1286830,STAR WARS: The Old Republic,2024-05,8237,4450.69
1286830,STAR WARS: The Old Republic,2024-04,7390,4178.03
1286830,STAR WARS: The Old Republic,2024-03,7560,4253.11
1286830,STAR WARS: The Old Republic,2024-02,7843,4196.19
1286830,STAR WARS: The Old Republic,2024-01,7744,4456.84
1286830,STAR WARS: The Old Republic,2023-12,7832,4518.04
1286830,STAR WARS: The Old Republic,2023-11,6752,3941.14
1286830,STAR WARS: The Old Republic,2023-10,6788,3965.49
1286830,STAR WARS: The Old Republic,2023-09,6510,3601.59
1286830,STAR WARS: The Old Republic,2023-08,5946,3488.32
1286830,STAR WARS: The Old Republic,2023-07,7021,4185.07
1286830,STAR WARS: The Old Republic,2023-06,9161,4973.69
1286830,STAR WARS: The Old Republic,2023-05,12172,6938.59
1286830,STAR WARS: The Old Republic,2023-04,10367,5767.93
1286830,STAR WARS: The Old Republic,2023-03,7428,4264.1
1286830,STAR WARS: The Old Republic,2023-02,8568,4431.57
1286830,STAR WARS: The Old Republic,2023-01,8498,4909.68
1286830,STAR WARS: The Old Republic,2022-12,7168,4194.92
1286830,STAR WARS: The Old Republic,2022-11,6716,3808.93
1286830,STAR WARS: The Old Republic,2022-10,6277,3467.08
1286830,STAR WARS: The Old Republic,2022-09,6336,3531.12
1286830,STAR WARS: The Old Republic,2022-08,8567,4672.92
1286830,STAR WARS: The Old Republic,2022-07,10045,5701.34
1286830,STAR WARS: The Old Republic,2022-06,10069,5964.09
1286830,STAR WARS: The Old Republic,2022-05,9067,5289.06
1286830,STAR WARS: The Old Republic,2022-04,9035,5289.54
1286830,STAR WARS: The Old Republic,2022-03,11568,6308.59
1286830,STAR WARS: The Old Republic,2022-02,19054,8088.93
1286830,STAR WARS: The Old Republic,2022-01,10602,6267.87
1286830,STAR WARS: The Old Republic,2021-12,9636,5867.1
1286830,STAR WARS: The Old Republic,2021-11,9787,5724.95
1286830,STAR WARS: The Old Republic,2021-10,9783,5771.94
1286830,STAR WARS: The Old Republic,2021-09,10986,6465.26
1286830,STAR WARS: The Old Republic,2021-08,12525,7363.62
1286830,STAR WARS: The Old Republic,2021-07,10388,6281.13
1286830,STAR WARS: The Old Republic,2021-06,8996,5070.41
1286830,STAR WARS: The Old Republic,2021-05,10021,5872.06
1286830,STAR WARS: The Old Republic,2021-04,8465,4940.01
1286830,STAR WARS: The Old Republic,2021-03,9667,5468.12
1286830,STAR WARS: The Old Republic,2021-02,12236,6727.9
1286830,STAR WARS: The Old Republic,2021-01,13143,7806.55
1286830,STAR WARS: The Old Republic,2020-12,10745,6066.28
1286830,STAR WARS: The Old Republic,2020-11,10369,6375.02
1286830,STAR WARS: The Old Republic,2020-10,10331,6210.14
1286830,STAR WARS: The Old Republic,2020-09,11800,7541.34
1286830,STAR WARS: The Old Republic,2020-08,21283,10521.42
1286830,STAR WARS: The Old Republic,2020-07,27416,18449.73
489520,Minion Masters,2026-04,408,253.58
489520,Minion Masters,2026-03,466,265.69
489520,Minion Masters,2026-02,424,282.67
489520,Minion Masters,2026-01,429,274.56
489520,Minion Masters,2025-12,386,259.8
489520,Minion Masters,2025-11,396,264.54
489520,Minion Masters,2025-10,418,271.16
489520,Minion Masters,2025-09,463,295.53
489520,Minion Masters,2025-08,489,303.57
489520,Minion Masters,2025-07,438,289.01
489520,Minion Masters,2025-06,463,310.99
489520,Minion Masters,2025-05,511,317.22
489520,Minion Masters,2025-04,460,290.95
489520,Minion Masters,2025-03,455,300.76
489520,Minion Masters,2025-02,487,306.33
489520,Minion Masters,2025-01,610,314.66
489520,Minion Masters,2024-12,465,311.09
489520,Minion Masters,2024-11,922,357.75
489520,Minion Masters,2024-10,551,356.7
489520,Minion Masters,2024-09,687,401.44
489520,Minion Masters,2024-08,1234,451.41
489520,Minion Masters,2024-07,1956,449.27
489520,Minion Masters,2024-06,713,437.91
489520,Minion Masters,2024-05,930,538.5
489520,Minion Masters,2024-04,2317,734.53
489520,Minion Masters,2024-03,660,434.06
489520,Minion Masters,2024-02,707,434.0
489520,Minion Masters,2024-01,707,460.91
489520,Minion Masters,2023-12,1113,627.09
489520,Minion Masters,2023-11,897,602.89
489520,Minion Masters,2023-10,1100,668.27
489520,Minion Masters,2023-09,1088,659.45
489520,Minion Masters,2023-08,1163,709.6
489520,Minion Masters,2023-07,1008,659.3
489520,Minion Masters,2023-06,1249,730.57
489520,Minion Masters,2023-05,1424,890.65
489520,Minion Masters,2023-04,2195,922.62
489520,Minion Masters,2023-03,1221,733.18
489520,Minion Masters,2023-02,1232,780.97
489520,Minion Masters,2023-01,1892,882.13
489520,Minion Masters,2022-12,1030,684.11
489520,Minion Masters,2022-11,1121,745.63
489520,Minion Masters,2022-10,1714,780.8
489520,Minion Masters,2022-09,1167,742.37
489520,Minion Masters,2022-08,1140,761.55
489520,Minion Masters,2022-07,1499,827.92
489520,Minion Masters,2022-06,1200,742.53
489520,Minion Masters,2022-05,1293,821.45
489520,Minion Masters,2022-04,1957,975.68
489520,Minion Masters,2022-03,995,684.34
489520,Minion Masters,2022-02,1153,699.2
489520,Minion Masters,2022-01,1539,850.73
489520,Minion Masters,2021-12,1043,685.65
489520,Minion Masters,2021-11,1152,754.3
489520,Minion Masters,2021-10,1469,880.8
489520,Minion Masters,2021-09,3110,990.88
489520,Minion Masters,2021-08,1251,791.03
489520,Minion Masters,2021-07,1459,878.6
489520,Minion Masters,2021-06,2132,1119.29
489520,Minion Masters,2021-05,1507,957.35
489520,Minion Masters,2021-04,1814,1028.21
489520,Minion Masters,2021-03,2367,1221.1
489520,Minion Masters,2021-02,1667,1100.81
489520,Minion Masters,2021-01,1392,915.34
489520,Minion Masters,2020-12,1938,1021.44
489520,Minion Masters,2020-11,1544,990.9
489520,Minion Masters,2020-10,1757,1059.69
489520,Minion Masters,2020-09,2015,1287.15
489520,Minion Masters,2020-08,4041,1459.26
489520,Minion Masters,2020-07,1469,930.71
489520,Minion Masters,2020-06,2177,1192.97
489520,Minion Masters,2020-05,2321,1118.82
489520,Minion Masters,2020-04,2259,1247.2
489520,Minion Masters,2020-03,6118,2048.47
489520,Minion Masters,2020-02,1361,875.82
489520,Minion Masters,2020-01,1746,1117.26
489520,Minion Masters,2019-12,5526,1737.33
489520,Minion Masters,2019-11,1420,845.67
489520,Minion Masters,2019-10,1695,1063.53
489520,Minion Masters,2019-09,2972,1541.38
489520,Minion Masters,2019-08,9659,2795.05
489520,Minion Masters,2019-07,1880,1092.82
489520,Minion Masters,2019-06,3449,1847.02
489520,Minion Masters,2019-05,5313,1279.06
489520,Minion Masters,2019-04,1474,770.32
489520,Minion Masters,2019-03,5516,1548.27
489520,Minion Masters,2019-02,1239,646.96
489520,Minion Masters,2019-01,1369,780.25
489520,Minion Masters,2018-12,3314,967.46
489520,Minion Masters,2018-11,1295,346.54
489520,Minion Masters,2018-10,596,311.18
489520,Minion Masters,2018-09,668,292.03
489520,Minion Masters,2018-08,364,168.31
489520,Minion Masters,2018-07,1135,196.19
489520,Minion Masters,2018-06,409,187.16
489520,Minion Masters,2018-05,1120,188.92
489520,Minion Masters,2018-04,2409,227.71
489520,Minion Masters,2018-03,360,180.4
489520,Minion Masters,2018-02,398,187.89
489520,Minion Masters,2018-01,470,223.14
489520,Minion Masters,2017-12,1002,249.63
489520,Minion Masters,2017-11,576,271.22
489520,Minion Masters,2017-10,798,368.63
489520,Minion Masters,2017-09,3260,272.52
489520,Minion Masters,2017-08,343,170.9
489520,Minion Masters,2017-07,1300,227.68
489520,Minion Masters,2017-06,483,162.61
489520,Minion Masters,2017-05,536,235.82
489520,Minion Masters,2017-04,1961,526.52
489520,Minion Masters,2017-03,10160,569.86
489520,Minion Masters,2017-02,938,236.11
489520,Minion Masters,2017-01,1054,332.78
489520,Minion Masters,2016-12,4667,364.01
489520,Minion Masters,2016-11,402,12.02
489520,Minion Masters,2016-10,23,2.02
1049590,Eternal Return,2026-04,22479,8443.84
1049590,Eternal Return,2026-03,20830,8177.21
1049590,Eternal Return,2026-02,23046,9020.67
1049590,Eternal Return,2026-01,23741,8731.26
1049590,Eternal Return,2025-12,21049,8079.76
1049590,Eternal Return,2025-11,22032,8651.15
1049590,Eternal Return,2025-10,23152,8419.74
1049590,Eternal Return,2025-09,19081,6982.93
1049590,Eternal Return,2025-08,21857,8189.12
1049590,Eternal Return,2025-07,23039,7968.01
1049590,Eternal Return,2025-06,22669,7634.44
1049590,Eternal Return,2025-05,23395,8955.52
1049590,Eternal Return,2025-04,23365,8938.74
1049590,Eternal Return,2025-03,24925,8882.79
1049590,Eternal Return,2025-02,23263,9428.18
1049590,Eternal Return,2025-01,23481,9621.26
1049590,Eternal Return,2024-12,27837,10380.28
1049590,Eternal Return,2024-11,25240,10409.2
1049590,Eternal Return,2024-10,26917,11346.88
1049590,Eternal Return,2024-09,30156,12195.85
1049590,Eternal Return,2024-08,28016,9495.46
1049590,Eternal Return,2024-07,23184,9089.04
1049590,Eternal Return,2024-06,24106,10263.61
1049590,Eternal Return,2024-05,21547,6743.43
1049590,Eternal Return,2024-04,16104,6236.75
1049590,Eternal Return,2024-03,17466,7266.38
1049590,Eternal Return,2024-02,17310,5147.2
1049590,Eternal Return,2024-01,11774,4395.23
1049590,Eternal Return,2023-12,18937,6560.18
1049590,Eternal Return,2023-11,24577,8857.92
1049590,Eternal Return,2023-10,29376,11748.68
1049590,Eternal Return,2023-09,34082,13441.31
1049590,Eternal Return,2023-08,28624,11162.31
1049590,Eternal Return,2023-07,20452,5240.85
1049590,Eternal Return,2023-06,5813,2321.97
1049590,Eternal Return,2023-05,5795,2401.15
1049590,Eternal Return,2023-04,6725,2348.18
1049590,Eternal Return,2023-03,5652,2163.56
1049590,Eternal Return,2023-02,6188,2391.69
1049590,Eternal Return,2023-01,7918,2758.39
1049590,Eternal Return,2022-12,6585,2457.56
1049590,Eternal Return,2022-11,4857,1908.75
1049590,Eternal Return,2022-10,7230,2331.66
1049590,Eternal Return,2022-09,9727,3166.25
1049590,Eternal Return,2022-08,10400,3776.73
1049590,Eternal Return,2022-07,10104,4245.61
1049590,Eternal Return,2022-06,19230,6693.07
1049590,Eternal Return,2022-05,15490,5421.15
1049590,Eternal Return,2022-04,10270,4010.11
1049590,Eternal Return,2022-03,10825,4361.89
1049590,Eternal Return,2022-02,10967,4193.35
1049590,Eternal Return,2022-01,10626,4542.32
1049590,Eternal Return,2021-12,10652,4818.92
1049590,Eternal Return,2021-11,14620,5752.59
1049590,Eternal Return,2021-10,15145,5513.7
1049590,Eternal Return,2021-09,11942,5802.66
1049590,Eternal Return,2021-08,13447,6328.53
1049590,Eternal Return,2021-07,12393,5509.71
1049590,Eternal Return,2021-06,12520,5565.38
1049590,Eternal Return,2021-05,13917,6144.14
1049590,Eternal Return,2021-04,15468,6839.98
1049590,Eternal Return,2021-03,21070,9950.88
1049590,Eternal Return,2021-02,26906,12017.7
1049590,Eternal Return,2021-01,41304,16930.79
1049590,Eternal Return,2020-12,52288,20732.17
1049590,Eternal Return,2020-11,38117,10368.4
1049590,Eternal Return,2020-10,11163,3770.08
363970,Clicker Heroes,2026-04,2381,1886.05
363970,Clicker Heroes,2026-03,2398,1889.17
363970,Clicker Heroes,2026-02,2406,1928.84
363970,Clicker Heroes,2026-01,2437,1884.76
363970,Clicker Heroes,2025-12,2339,1823.63
363970,Clicker Heroes,2025-11,2516,2025.2
363970,Clicker Heroes,2025-10,2577,1991.9
363970,Clicker Heroes,2025-09,2498,1981.86
363970,Clicker Heroes,2025-08,2636,2000.37
363970,Clicker Heroes,2025-07,2389,1931.6
363970,Clicker Heroes,2025-06,2668,2088.56
363970,Clicker Heroes,2025-05,2685,2092.01
363970,Clicker Heroes,2025-04,2814,2165.14
363970,Clicker Heroes,2025-03,2859,2233.7
363970,Clicker Heroes,2025-02,3019,2322.9
363970,Clicker Heroes,2025-01,2674,2080.5
363970,Clicker Heroes,2024-12,2673,2003.71
363970,Clicker Heroes,2024-11,2775,2133.14
363970,Clicker Heroes,2024-10,2599,2023.45
363970,Clicker Heroes,2024-09,2661,2060.9
363970,Clicker Heroes,2024-08,2466,2008.13
363970,Clicker Heroes,2024-07,2507,2029.22
363970,Clicker Heroes,2024-06,2730,2115.59
363970,Clicker Heroes,2024-05,2677,2131.13
363970,Clicker Heroes,2024-04,2847,2246.98
363970,Clicker Heroes,2024-03,3015,2360.51
363970,Clicker Heroes,2024-02,3029,2394.92
363970,Clicker Heroes,2024-01,3396,2674.53
363970,Clicker Heroes,2023-12,3865,2761.82
363970,Clicker Heroes,2023-11,3292,2418.11
363970,Clicker Heroes,2023-10,2928,2324.31
363970,Clicker Heroes,2023-09,2861,2200.0
363970,Clicker Heroes,2023-08,2772,2220.4
363970,Clicker Heroes,2023-07,2918,2317.43
363970,Clicker Heroes,2023-06,3165,2375.08
363970,Clicker Heroes,2023-05,2968,2361.5
363970,Clicker Heroes,2023-04,3123,2396.76
363970,Clicker Heroes,2023-03,2848,2247.18
363970,Clicker Heroes,2023-02,2902,2246.39
363970,Clicker Heroes,2023-01,2872,2243.11
363970,Clicker Heroes,2022-12,3066,2283.8
363970,Clicker Heroes,2022-11,3069,2423.62
363970,Clicker Heroes,2022-10,3365,2602.47
363970,Clicker Heroes,2022-09,3357,2577.87
363970,Clicker Heroes,2022-08,3172,2560.45
363970,Clicker Heroes,2022-07,3083,2535.91
363970,Clicker Heroes,2022-06,3335,2679.28
363970,Clicker Heroes,2022-05,3487,2771.33
363970,Clicker Heroes,2022-04,3449,2759.56
363970,Clicker Heroes,2022-03,3403,2755.9
363970,Clicker Heroes,2022-02,3960,2992.79
363970,Clicker Heroes,2022-01,4581,3090.66
363970,Clicker Heroes,2021-12,3540,2815.16
363970,Clicker Heroes,2021-11,3691,2965.97
363970,Clicker Heroes,2021-10,4032,3099.61
363970,Clicker Heroes,2021-09,4306,3332.63
363970,Clicker Heroes,2021-08,3692,2915.22
363970,Clicker Heroes,2021-07,3422,2770.91
363970,Clicker Heroes,2021-06,3786,2889.71
363970,Clicker Heroes,2021-05,3907,3097.81
363970,Clicker Heroes,2021-04,3897,3100.38
363970,Clicker Heroes,2021-03,4215,3297.91
363970,Clicker Heroes,2021-02,4808,3475.86
363970,Clicker Heroes,2021-01,4766,3367.92
363970,Clicker Heroes,2020-12,3548,2683.88
363970,Clicker Heroes,2020-11,3725,2905.24
363970,Clicker Heroes,2020-10,4302,2832.89
363970,Clicker Heroes,2020-09,3940,2924.2
363970,Clicker Heroes,2020-08,3651,2880.13
363970,Clicker Heroes,2020-07,3762,2931.1
363970,Clicker Heroes,2020-06,4887,3466.41
363970,Clicker Heroes,2020-05,5012,3240.2
363970,Clicker Heroes,2020-04,3818,3050.64
363970,Clicker Heroes,2020-03,3690,2705.61
363970,Clicker Heroes,2020-02,3377,2573.13
363970,Clicker Heroes,2020-01,3354,2535.79
363970,Clicker Heroes,2019-12,3535,2576.39
363970,Clicker Heroes,2019-11,3463,2611.58
363970,Clicker Heroes,2019-10,2748,2112.53
363970,Clicker Heroes,2019-09,2854,2145.11
363970,Clicker Heroes,2019-08,2801,2223.36
363970,Clicker Heroes,2019-07,2853,2246.88
363970,Clicker Heroes,2019-06,3185,2443.07
363970,Clicker Heroes,2019-05,3516,2652.03
363970,Clicker Heroes,2019-04,3697,2725.54
363970,Clicker Heroes,2019-03,3746,2692.86
363970,Clicker Heroes,2019-02,3470,2630.64
363970,Clicker Heroes,2019-01,3600,2741.02
363970,Clicker Heroes,2018-12,3865,2879.21
363970,Clicker Heroes,2018-11,3890,3024.38
363970,Clicker Heroes,2018-10,4282,3239.98
363970,Clicker Heroes,2018-09,4968,3677.12
363970,Clicker Heroes,2018-08,5855,4395.64
363970,Clicker Heroes,2018-07,6710,4870.24
363970,Clicker Heroes,2018-06,6307,4884.08
363970,Clicker Heroes,2018-05,6770,5287.2
363970,Clicker Heroes,2018-04,7556,5736.07
363970,Clicker Heroes,2018-03,8210,6157.24
363970,Clicker Heroes,2018-02,9193,6819.02
363970,Clicker Heroes,2018-01,10170,7777.72
363970,Clicker Heroes,2017-12,15109,10126.71
363970,Clicker Heroes,2017-11,9188,7224.9
363970,Clicker Heroes,2017-10,9411,7319.99
363970,Clicker Heroes,2017-09,9237,7197.67
363970,Clicker Heroes,2017-08,9026,7309.55
363970,Clicker Heroes,2017-07,9833,7672.17
363970,Clicker Heroes,2017-06,10991,8558.09
363970,Clicker Heroes,2017-05,12454,9639.54
363970,Clicker Heroes,2017-04,12969,10014.19
363970,Clicker Heroes,2017-03,13499,10517.76
363970,Clicker Heroes,2017-02,14635,11153.0
363970,Clicker Heroes,2017-01,15878,12338.48
363970,Clicker Heroes,2016-12,19200,14016.1
363970,Clicker Heroes,2016-11,17263,13004.79
363970,Clicker Heroes,2016-10,16189,12006.47
363970,Clicker Heroes,2016-09,16691,12130.35
363970,Clicker Heroes,2016-08,19498,14941.01
363970,Clicker Heroes,2016-07,24911,17928.42
363970,Clicker Heroes,2016-06,27153,17010.82
363970,Clicker Heroes,2016-05,16964,11992.54
363970,Clicker Heroes,2016-04,20124,13986.99
363970,Clicker Heroes,2016-03,24643,16909.78
363970,Clicker Heroes,2016-02,28811,20100.64
363970,Clicker Heroes,2016-01,34433,23599.96
363970,Clicker Heroes,2015-12,35716,24804.54
363970,Clicker Heroes,2015-11,32588,21694.79
363970,Clicker Heroes,2015-10,35671,24495.31
363970,Clicker Heroes,2015-09,41779,29039.52
363970,Clicker Heroes,2015-08,42975,31579.34
363970,Clicker Heroes,2015-07,58967,39924.88
363970,Clicker Heroes,2015-06,65560,42720.73
363970,Clicker Heroes,2015-05,58173,36268.32
346900,AdVenture Capitalist,2026-04,1492,1046.73
346900,AdVenture Capitalist,2026-03,1715,1168.34
346900,AdVenture Capitalist,2026-02,1623,1121.65
346900,AdVenture Capitalist,2026-01,1715,1145.23
346900,AdVenture Capitalist,2025-12,1787,1195.15
346900,AdVenture Capitalist,2025-11,1737,1154.28
346900,AdVenture Capitalist,2025-10,1611,1070.87
346900,AdVenture Capitalist,2025-09,1708,1141.09
346900,AdVenture Capitalist,2025-08,1553,1088.69
346900,AdVenture Capitalist,2025-07,1672,1112.37
346900,AdVenture Capitalist,2025-06,1727,1102.51
346900,AdVenture Capitalist,2025-05,1880,1301.06
346900,AdVenture Capitalist,2025-04,1782,1233.54
346900,AdVenture Capitalist,2025-03,2375,1447.61
346900,AdVenture Capitalist,2025-02,2024,1354.79
346900,AdVenture Capitalist,2025-01,2202,1190.68
346900,AdVenture Capitalist,2024-12,1817,1182.69
346900,AdVenture Capitalist,2024-11,1782,1171.12
346900,AdVenture Capitalist,2024-10,1754,1083.98
346900,AdVenture Capitalist,2024-09,1768,1185.63
346900,AdVenture Capitalist,2024-08,1714,1114.64
346900,AdVenture Capitalist,2024-07,2663,1164.67
346900,AdVenture Capitalist,2024-06,3249,1379.8
346900,AdVenture Capitalist,2024-05,1971,1246.75
346900,AdVenture Capitalist,2024-04,1991,1324.76
346900,AdVenture Capitalist,2024-03,1918,1279.42
346900,AdVenture Capitalist,2024-02,1956,1302.28
346900,AdVenture Capitalist,2024-01,2235,1427.92
346900,AdVenture Capitalist,2023-12,1826,1215.45
346900,AdVenture Capitalist,2023-11,1921,1243.51
346900,AdVenture Capitalist,2023-10,2394,1367.21
346900,AdVenture Capitalist,2023-09,2543,1776.11
346900,AdVenture Capitalist,2023-08,2849,1720.66
346900,AdVenture Capitalist,2023-07,2794,1352.07
346900,AdVenture Capitalist,2023-06,2556,1557.35
346900,AdVenture Capitalist,2023-05,2599,1889.03
346900,AdVenture Capitalist,2023-04,2599,1869.55
346900,AdVenture Capitalist,2023-03,2517,1803.12
346900,AdVenture Capitalist,2023-02,2888,1935.61
346900,AdVenture Capitalist,2023-01,2944,2174.53
346900,AdVenture Capitalist,2022-12,2943,2045.63
346900,AdVenture Capitalist,2022-11,3056,2223.86
346900,AdVenture Capitalist,2022-10,3285,2356.31
346900,AdVenture Capitalist,2022-09,3507,2433.68
346900,AdVenture Capitalist,2022-08,2949,2241.53
346900,AdVenture Capitalist,2022-07,3884,2729.32
346900,AdVenture Capitalist,2022-06,3078,1511.81
346900,AdVenture Capitalist,2022-05,2149,1394.75
346900,AdVenture Capitalist,2022-04,2263,1443.69
346900,AdVenture Capitalist,2022-03,2372,1498.02
346900,AdVenture Capitalist,2022-02,2189,1364.35
346900,AdVenture Capitalist,2022-01,2252,1428.67
346900,AdVenture Capitalist,2021-12,2232,1372.42
346900,AdVenture Capitalist,2021-11,2278,1505.52
346900,AdVenture Capitalist,2021-10,2483,1674.09
346900,AdVenture Capitalist,2021-09,2280,1466.61
346900,AdVenture Capitalist,2021-08,2283,1496.59
346900,AdVenture Capitalist,2021-07,2150,1415.84
346900,AdVenture Capitalist,2021-06,2343,1510.05
346900,AdVenture Capitalist,2021-05,2568,1613.26
346900,AdVenture Capitalist,2021-04,2621,1649.52
346900,AdVenture Capitalist,2021-03,2698,1757.12
346900,AdVenture Capitalist,2021-02,4546,2377.82
346900,AdVenture Capitalist,2021-01,4406,2610.78
346900,AdVenture Capitalist,2020-12,3901,1836.1
346900,AdVenture Capitalist,2020-11,2121,1310.24
346900,AdVenture Capitalist,2020-10,2286,1333.43
346900,AdVenture Capitalist,2020-09,1978,1209.43
346900,AdVenture Capitalist,2020-08,2047,1268.52
346900,AdVenture Capitalist,2020-07,1918,1200.84
346900,AdVenture Capitalist,2020-06,2025,1302.91
346900,AdVenture Capitalist,2020-05,2320,1425.41
346900,AdVenture Capitalist,2020-04,2276,1393.22
346900,AdVenture Capitalist,2020-03,2426,1484.93
346900,AdVenture Capitalist,2020-02,2089,1358.66
346900,AdVenture Capitalist,2020-01,2355,1387.18
346900,AdVenture Capitalist,2019-12,2416,1535.05
346900,AdVenture Capitalist,2019-11,2355,1482.03
346900,AdVenture Capitalist,2019-10,2000,1021.7
346900,AdVenture Capitalist,2019-09,1932,1087.69
346900,AdVenture Capitalist,2019-08,1910,1227.5
346900,AdVenture Capitalist,2019-07,1822,1128.02
346900,AdVenture Capitalist,2019-06,2192,1330.47
346900,AdVenture Capitalist,2019-05,1751,1042.93
346900,AdVenture Capitalist,2019-04,2033,1195.01
346900,AdVenture Capitalist,2019-03,2269,1324.9
346900,AdVenture Capitalist,2019-02,1854,1133.23
346900,AdVenture Capitalist,2019-01,2130,1173.99
346900,AdVenture Capitalist,2018-12,2250,1242.88
346900,AdVenture Capitalist,2018-11,2161,1124.15
346900,AdVenture Capitalist,2018-10,2295,1214.91
346900,AdVenture Capitalist,2018-09,2341,1250.74
346900,AdVenture Capitalist,2018-08,2336,1268.42
346900,AdVenture Capitalist,2018-07,2409,1411.6
346900,AdVenture Capitalist,2018-06,3008,1661.43
346900,AdVenture Capitalist,2018-05,3005,1717.56
346900,AdVenture Capitalist,2018-04,3457,1919.11
346900,AdVenture Capitalist,2018-03,3876,2049.11
346900,AdVenture Capitalist,2018-02,3693,2059.3
346900,AdVenture Capitalist,2018-01,4238,2145.05
346900,AdVenture Capitalist,2017-12,3759,2147.68
346900,AdVenture Capitalist,2017-11,3554,2024.85
346900,AdVenture Capitalist,2017-10,3962,1965.69
346900,AdVenture Capitalist,2017-09,3651,1903.23
346900,AdVenture Capitalist,2017-08,3332,1715.21
346900,AdVenture Capitalist,2017-07,3350,1662.09
346900,AdVenture Capitalist,2017-06,3836,1991.78
346900,AdVenture Capitalist,2017-05,4308,2060.65
346900,AdVenture Capitalist,2017-04,4244,2549.86
346900,AdVenture Capitalist,2017-03,5507,2919.2
346900,AdVenture Capitalist,2017-02,5088,2562.37
346900,AdVenture Capitalist,2017-01,5103,2833.06
346900,AdVenture Capitalist,2016-12,6851,3124.8
346900,AdVenture Capitalist,2016-11,7685,4108.58
346900,AdVenture Capitalist,2016-10,8507,3900.25
346900,AdVenture Capitalist,2016-09,9278,3500.78
346900,AdVenture Capitalist,2016-08,9151,3985.82
346900,AdVenture Capitalist,2016-07,10158,4534.75
346900,AdVenture Capitalist,2016-06,14391,5193.42
346900,AdVenture Capitalist,2016-05,16239,5759.6
346900,AdVenture Capitalist,2016-04,13869,6389.4
346900,AdVenture Capitalist,2016-03,13209,5376.7
346900,AdVenture Capitalist,2016-02,14544,6315.59
346900,AdVenture Capitalist,2016-01,13187,6381.49
346900,AdVenture Capitalist,2015-12,17900,7276.95
346900,AdVenture Capitalist,2015-11,16774,7769.84
346900,AdVenture Capitalist,2015-10,17112,9771.51
346900,AdVenture Capitalist,2015-09,20278,9665.67
346900,AdVenture Capitalist,2015-08,14884,10198.22
346900,AdVenture Capitalist,2015-07,15737,11210.43
346900,AdVenture Capitalist,2015-06,17062,11922.16
346900,AdVenture Capitalist,2015-05,22927,14188.96
346900,AdVenture Capitalist,2015-04,20641,11629.53
333930,Dirty Bomb,2026-04,115,42.8
333930,Dirty Bomb,2026-03,66,29.42
333930,Dirty Bomb,2026-02,80,32.81
333930,Dirty Bomb,2026-01,77,34.7
333930,Dirty Bomb,2025-12,79,32.07
333930,Dirty Bomb,2025-11,78,32.37
333930,Dirty Bomb,2025-10,75,29.1
333930,Dirty Bomb,2025-09,92,38.17
333930,Dirty Bomb,2025-08,94,44.09
333930,Dirty Bomb,2025-07,83,35.88
333930,Dirty Bomb,2025-06,83,36.74
333930,Dirty Bomb,2025-05,91,41.39
333930,Dirty Bomb,2025-04,92,38.91
333930,Dirty Bomb,2025-03,106,42.86
333930,Dirty Bomb,2025-02,93,45.96
333930,Dirty Bomb,2025-01,136,51.48
333930,Dirty Bomb,2024-12,101,46.62
333930,Dirty Bomb,2024-11,98,48.45
333930,Dirty Bomb,2024-10,109,45.5
333930,Dirty Bomb,2024-09,113,44.65
333930,Dirty Bomb,2024-08,114,55.02
333930,Dirty Bomb,2024-07,370,149.29
333930,Dirty Bomb,2024-06,692,399.51
333930,Dirty Bomb,2024-05,709,497.34
333930,Dirty Bomb,2024-04,633,427.77
333930,Dirty Bomb,2024-03,585,425.49
333930,Dirty Bomb,2024-02,655,403.41
333930,Dirty Bomb,2024-01,812,529.44
333930,Dirty Bomb,2023-12,790,486.14
333930,Dirty Bomb,2023-11,414,208.07
333930,Dirty Bomb,2023-10,140,64.76
333930,Dirty Bomb,2023-09,126,63.67
333930,Dirty Bomb,2023-08,139,68.44
333930,Dirty Bomb,2023-07,145,71.28
333930,Dirty Bomb,2023-06,135,65.65
333930,Dirty Bomb,2023-05,146,72.25
333930,Dirty Bomb,2023-04,164,71.59
333930,Dirty Bomb,2023-03,174,76.66
333930,Dirty Bomb,2023-02,169,80.52
333930,Dirty Bomb,2023-01,170,82.83
333930,Dirty Bomb,2022-12,138,73.43
333930,Dirty Bomb,2022-11,169,82.9
333930,Dirty Bomb,2022-10,174,87.13
333930,Dirty Bomb,2022-09,187,97.8
333930,Dirty Bomb,2022-08,208,106.61
333930,Dirty Bomb,2022-07,204,113.07
333930,Dirty Bomb,2022-06,227,116.73
333930,Dirty Bomb,2022-05,205,111.34
333930,Dirty Bomb,2022-04,229,123.29
333930,Dirty Bomb,2022-03,225,118.5
333930,Dirty Bomb,2022-02,226,122.9
333930,Dirty Bomb,2022-01,235,128.73
333930,Dirty Bomb,2021-12,216,124.44
333930,Dirty Bomb,2021-11,250,129.71
333930,Dirty Bomb,2021-10,260,122.44
333930,Dirty Bomb,2021-09,283,114.73
333930,Dirty Bomb,2021-08,258,127.33
333930,Dirty Bomb,2021-07,281,146.19
333930,Dirty Bomb,2021-06,281,151.37
333930,Dirty Bomb,2021-05,291,156.11
333930,Dirty Bomb,2021-04,322,162.95
333930,Dirty Bomb,2021-03,320,175.8
333930,Dirty Bomb,2021-02,318,187.3
333930,Dirty Bomb,2021-01,370,178.7
333930,Dirty Bomb,2020-12,341,171.57
333930,Dirty Bomb,2020-11,339,183.01
333930,Dirty Bomb,2020-10,361,184.37
333930,Dirty Bomb,2020-09,362,203.28
333930,Dirty Bomb,2020-08,363,222.11
333930,Dirty Bomb,2020-07,359,215.49
333930,Dirty Bomb,2020-06,518,258.39
333930,Dirty Bomb,2020-05,592,337.44
333930,Dirty Bomb,2020-04,716,413.81
333930,Dirty Bomb,2020-03,653,336.28
333930,Dirty Bomb,2020-02,517,281.12
333930,Dirty Bomb,2020-01,511,284.85
333930,Dirty Bomb,2019-12,510,282.56
333930,Dirty Bomb,2019-11,611,311.63
333930,Dirty Bomb,2019-10,432,220.76
333930,Dirty Bomb,2019-09,494,262.62
333930,Dirty Bomb,2019-08,530,307.35
333930,Dirty Bomb,2019-07,513,307.98
333930,Dirty Bomb,2019-06,575,332.08
333930,Dirty Bomb,2019-05,576,319.69
333930,Dirty Bomb,2019-04,668,338.06
333930,Dirty Bomb,2019-03,628,349.26
333930,Dirty Bomb,2019-02,804,378.21
333930,Dirty Bomb,2019-01,935,427.43
333930,Dirty Bomb,2018-12,690,348.85
333930,Dirty Bomb,2018-11,884,421.88
333930,Dirty Bomb,2018-10,1173,590.35
333930,Dirty Bomb,2018-09,2989,967.11
333930,Dirty Bomb,2018-08,4091,915.39
333930,Dirty Bomb,2018-07,1254,819.1
333930,Dirty Bomb,2018-06,1546,895.32
333930,Dirty Bomb,2018-05,1574,914.85
333930,Dirty Bomb,2018-04,1902,1078.45
333930,Dirty Bomb,2018-03,2391,1324.49
333930,Dirty Bomb,2018-02,2612,1421.85
333930,Dirty Bomb,2018-01,2604,1559.22
333930,Dirty Bomb,2017-12,3632,1954.55
333930,Dirty Bomb,2017-11,3065,1598.65
333930,Dirty Bomb,2017-10,3537,1986.98
333930,Dirty Bomb,2017-09,4683,2190.12
333930,Dirty Bomb,2017-08,5584,2630.61
333930,Dirty Bomb,2017-07,4524,2440.27
333930,Dirty Bomb,2017-06,3332,2099.76
333930,Dirty Bomb,2017-05,3720,2099.99
333930,Dirty Bomb,2017-04,3842,2108.97
333930,Dirty Bomb,2017-03,3930,2105.22
333930,Dirty Bomb,2017-02,3391,1883.17
333930,Dirty Bomb,2017-01,3587,2009.16
333930,Dirty Bomb,2016-12,4232,1909.2
333930,Dirty Bomb,2016-11,2649,1430.51
333930,Dirty Bomb,2016-10,2831,1499.57
333930,Dirty Bomb,2016-09,3285,1688.41
333930,Dirty Bomb,2016-08,3259,1899.83
333930,Dirty Bomb,2016-07,3724,2190.78
333930,Dirty Bomb,2016-06,4562,2446.56
333930,Dirty Bomb,2016-05,5863,2803.67
333930,Dirty Bomb,2016-04,6414,3133.96
333930,Dirty Bomb,2016-03,5115,2663.82
333930,Dirty Bomb,2016-02,5216,2559.38
333930,Dirty Bomb,2016-01,4670,2606.08
333930,Dirty Bomb,2015-12,5326,2794.61
333930,Dirty Bomb,2015-11,6680,3131.19
333930,Dirty Bomb,2015-10,6008,2561.14
333930,Dirty Bomb,2015-09,5304,2819.69
333930,Dirty Bomb,2015-08,7477,4088.92
333930,Dirty Bomb,2015-07,11302,7101.69
333930,Dirty Bomb,2015-06,12963,6376.14
333930,Dirty Bomb,2015-02,368,7.77
333930,Dirty Bomb,2015-01,312,59.37
2051620,Enlisted,2026-04,5411,3005.01
2051620,Enlisted,2026-03,5754,2937.49
2051620,Enlisted,2026-02,5632,3100.77
2051620,Enlisted,2026-01,5489,3133.51
2051620,Enlisted,2025-12,5293,3068.05
2051620,Enlisted,2025-11,5466,3106.02
2051620,Enlisted,2025-10,5397,2938.01
2051620,Enlisted,2025-09,6166,3128.49
2051620,Enlisted,2025-08,5772,3223.17
2051620,Enlisted,2025-07,5185,3013.61
2051620,Enlisted,2025-06,5550,3185.23
2051620,Enlisted,2025-05,6813,3909.33
2051620,Enlisted,2025-04,7303,3468.57
2051620,Enlisted,2025-03,6369,3406.64
2051620,Enlisted,2025-02,6978,3900.08
2051620,Enlisted,2025-01,7492,3951.75
2051620,Enlisted,2024-12,6279,3445.48
2051620,Enlisted,2024-11,7173,4075.3
2051620,Enlisted,2024-10,7266,4005.84
2051620,Enlisted,2024-09,6914,3806.36
2051620,Enlisted,2024-08,6790,3739.31
2051620,Enlisted,2024-07,4819,1604.02
2051620,Enlisted,2024-06,30,10.73
2051620,Enlisted,2024-05,41,15.59
2051620,Enlisted,2024-04,119,30.56
1335200,Action Taimanin,2026-04,2198,781.38
1335200,Action Taimanin,2026-03,2280,831.32
1335200,Action Taimanin,2026-02,2304,818.99
1335200,Action Taimanin,2026-01,2647,847.38
1335200,Action Taimanin,2025-12,2361,860.78
1335200,Action Taimanin,2025-11,2560,953.49
1335200,Action Taimanin,2025-10,2562,1071.03
1335200,Action Taimanin,2025-09,2608,896.12
1335200,Action Taimanin,2025-08,2295,885.94
1335200,Action Taimanin,2025-07,2492,987.47
1335200,Action Taimanin,2025-06,3400,1070.28
1335200,Action Taimanin,2025-05,2772,1095.16
1335200,Action Taimanin,2025-04,2897,1129.25
1335200,Action Taimanin,2025-03,2106,937.91
1335200,Action Taimanin,2025-02,2119,907.43
1335200,Action Taimanin,2025-01,2411,914.07
1335200,Action Taimanin,2024-12,2174,916.8
1335200,Action Taimanin,2024-11,2117,884.01
1335200,Action Taimanin,2024-10,2934,1086.14
1335200,Action Taimanin,2024-09,1979,974.71
1335200,Action Taimanin,2024-08,2324,902.4
1335200,Action Taimanin,2024-07,2187,863.41
1335200,Action Taimanin,2024-06,2006,884.9
1335200,Action Taimanin,2024-05,1914,854.3
1335200,Action Taimanin,2024-04,2103,936.31
1335200,Action Taimanin,2024-03,2212,946.27
1335200,Action Taimanin,2024-02,2070,864.18
1335200,Action Taimanin,2024-01,2333,938.82
1335200,Action Taimanin,2023-12,2005,886.37
1335200,Action Taimanin,2023-11,1720,900.7
1335200,Action Taimanin,2023-10,2350,1013.95
1335200,Action Taimanin,2023-09,1648,767.88
1335200,Action Taimanin,2023-08,2094,824.82
1335200,Action Taimanin,2023-07,2414,910.51
1335200,Action Taimanin,2023-06,1710,810.35
1335200,Action Taimanin,2023-05,2006,824.61
1335200,Action Taimanin,2023-04,2146,913.88
1335200,Action Taimanin,2023-03,1859,832.24
1335200,Action Taimanin,2023-02,1884,828.88
1335200,Action Taimanin,2023-01,2399,867.85
1335200,Action Taimanin,2022-12,2823,935.12
1335200,Action Taimanin,2022-11,2619,834.38
1335200,Action Taimanin,2022-10,2336,918.75
1335200,Action Taimanin,2022-09,1809,725.42
1335200,Action Taimanin,2022-08,1707,752.81
1335200,Action Taimanin,2022-07,2080,970.44
1335200,Action Taimanin,2022-06,1784,831.94
1335200,Action Taimanin,2022-05,1906,827.08
1335200,Action Taimanin,2022-04,2108,846.11
1335200,Action Taimanin,2022-03,1946,867.7
1335200,Action Taimanin,2022-02,1856,708.53
1335200,Action Taimanin,2022-01,1693,841.16
1335200,Action Taimanin,2021-12,2240,848.41
1335200,Action Taimanin,2021-11,1837,876.51
1335200,Action Taimanin,2021-10,2183,997.79
1335200,Action Taimanin,2021-09,1558,660.71
1335200,Action Taimanin,2021-08,1557,752.89
1335200,Action Taimanin,2021-07,2501,737.63
1335200,Action Taimanin,2021-06,1684,835.83
1335200,Action Taimanin,2021-05,2833,957.68
1335200,Action Taimanin,2021-04,1152,658.96
1335200,Action Taimanin,2021-03,1464,761.96
1335200,Action Taimanin,2021-02,1493,773.06
1335200,Action Taimanin,2021-01,2539,800.53
1335200,Action Taimanin,2020-12,1606,751.24
1335200,Action Taimanin,2020-11,1544,854.19
1335200,Action Taimanin,2020-10,1670,834.75
1397920,Mr.Mine,2026-04,847,648.17
1397920,Mr.Mine,2026-03,889,679.28
1397920,Mr.Mine,2026-02,941,702.74
1397920,Mr.Mine,2026-01,915,687.09
1397920,Mr.Mine,2025-12,950,726.07
1397920,Mr.Mine,2025-11,1018,779.16
1397920,Mr.Mine,2025-10,1113,848.6
1397920,Mr.Mine,2025-09,1353,991.19
1397920,Mr.Mine,2025-08,1349,1006.79
1397920,Mr.Mine,2025-07,1222,804.74
1397920,Mr.Mine,2025-06,1289,909.58
1397920,Mr.Mine,2025-05,1337,990.85
1397920,Mr.Mine,2025-04,1397,1040.71
1397920,Mr.Mine,2025-03,1535,1129.48
1397920,Mr.Mine,2025-02,1908,1312.65
1397920,Mr.Mine,2025-01,1461,1042.04
1397920,Mr.Mine,2024-12,1426,1006.96
1397920,Mr.Mine,2024-11,1400,951.74
1397920,Mr.Mine,2024-10,1240,913.33
1397920,Mr.Mine,2024-09,1219,892.87
1397920,Mr.Mine,2024-08,1128,827.4
1397920,Mr.Mine,2024-07,1085,817.93
1397920,Mr.Mine,2024-06,1261,940.74
1397920,Mr.Mine,2024-05,1314,988.42
1397920,Mr.Mine,2024-04,1361,1034.26
1397920,Mr.Mine,2024-03,1413,1088.69
1397920,Mr.Mine,2024-02,1353,1027.4
1397920,Mr.Mine,2024-01,1327,999.6
1397920,Mr.Mine,2023-12,1472,1039.93
1397920,Mr.Mine,2023-11,1357,1024.57
1397920,Mr.Mine,2023-10,1431,1075.88
1397920,Mr.Mine,2023-09,1430,1058.78
1397920,Mr.Mine,2023-08,1360,943.42
1397920,Mr.Mine,2023-07,1147,836.79
1397920,Mr.Mine,2023-06,1313,950.72
1397920,Mr.Mine,2023-05,1394,1034.81
1397920,Mr.Mine,2023-04,1291,899.9
1397920,Mr.Mine,2023-03,972,672.79
1397920,Mr.Mine,2023-02,1021,735.46
1397920,Mr.Mine,2023-01,1115,802.03
1397920,Mr.Mine,2022-12,1488,931.99
1397920,Mr.Mine,2022-11,1466,1011.52
1397920,Mr.Mine,2022-10,1376,833.47
1397920,Mr.Mine,2022-09,1373,910.91
1397920,Mr.Mine,2022-08,1484,1040.69
1397920,Mr.Mine,2022-07,1480,1060.0
1397920,Mr.Mine,2022-06,1428,1016.93
1397920,Mr.Mine,2022-05,1486,1045.62
1397920,Mr.Mine,2022-04,1573,1128.26
1397920,Mr.Mine,2022-03,1605,1126.86
1397920,Mr.Mine,2022-02,1501,1066.17
1397920,Mr.Mine,2022-01,1787,1148.96
1397920,Mr.Mine,2021-12,1543,950.3
1397920,Mr.Mine,2021-11,1299,913.01
1397920,Mr.Mine,2021-10,1520,1021.69
1397920,Mr.Mine,2021-09,1756,1227.8
1397920,Mr.Mine,2021-08,2085,1476.08
1397920,Mr.Mine,2021-07,1834,1365.27
1397920,Mr.Mine,2021-06,2429,1704.67
1397920,Mr.Mine,2021-05,2530,1771.64
1397920,Mr.Mine,2021-04,2582,1827.71
1397920,Mr.Mine,2021-03,2698,2004.37
1397920,Mr.Mine,2021-02,2804,2088.95
1397920,Mr.Mine,2021-01,3062,1988.76
1397920,Mr.Mine,2020-12,3024,2122.35
1397920,Mr.Mine,2020-11,3649,2499.07
1397920,Mr.Mine,2020-10,5093,3314.58
489940,BATTALION: Legacy,2026-04,13,2.13
489940,BATTALION: Legacy,2026-03,16,2.09
489940,BATTALION: Legacy,2026-02,48,7.78
489940,BATTALION: Legacy,2026-01,122,28.48
489940,BATTALION: Legacy,2025-12,61,16.53
489940,BATTALION: Legacy,2025-11,10,2.4
489940,BATTALION: Legacy,2025-10,9,1.9
489940,BATTALION: Legacy,2025-09,13,2.85
489940,BATTALION: Legacy,2025-08,9,2.84
489940,BATTALION: Legacy,2025-06,14,2.6
489940,BATTALION: Legacy,2025-04,22,2.74
489940,BATTALION: Legacy,2025-03,15,3.5
489940,BATTALION: Legacy,2025-02,23,3.23
489940,BATTALION: Legacy,2025-01,16,2.85
489940,BATTALION: Legacy,2024-12,14,2.6
489940,BATTALION: Legacy,2024-11,13,2.86
489940,BATTALION: Legacy,2024-10,16,2.92
489940,BATTALION: Legacy,2024-09,13,2.76
489940,BATTALION: Legacy,2024-08,31,3.31
489940,BATTALION: Legacy,2024-07,27,4.63
489940,BATTALION: Legacy,2024-06,16,3.79
489940,BATTALION: Legacy,2024-05,14,4.33
489940,BATTALION: Legacy,2024-04,18,4.72
489940,BATTALION: Legacy,2024-03,26,4.87
489940,BATTALION: Legacy,2024-02,18,4.32
489940,BATTALION: Legacy,2024-01,17,4.55
489940,BATTALION: Legacy,2023-12,23,4.0
489940,BATTALION: Legacy,2023-11,19,4.29
489940,BATTALION: Legacy,2023-10,24,4.03
489940,BATTALION: Legacy,2023-09,15,4.57
489940,BATTALION: Legacy,2023-08,17,4.3
489940,BATTALION: Legacy,2023-07,19,5.14
489940,BATTALION: Legacy,2023-06,18,5.48
489940,BATTALION: Legacy,2023-05,23,5.16
489940,BATTALION: Legacy,2023-04,22,4.7
489940,BATTALION: Legacy,2023-03,27,4.73
489940,BATTALION: Legacy,2023-02,18,6.33
489940,BATTALION: Legacy,2023-01,22,7.85
489940,BATTALION: Legacy,2022-12,23,8.03
489940,BATTALION: Legacy,2022-11,35,10.54
489940,BATTALION: Legacy,2022-10,51,17.21
489940,BATTALION: Legacy,2022-09,161,50.92
489940,BATTALION: Legacy,2022-08,1441,152.96
489940,BATTALION: Legacy,2022-07,17,2.36
489940,BATTALION: Legacy,2022-06,6,1.49
489940,BATTALION: Legacy,2022-05,5,1.74
489940,BATTALION: Legacy,2022-04,6,1.41
489940,BATTALION: Legacy,2022-03,18,1.61
489940,BATTALION: Legacy,2022-02,9,1.66
489940,BATTALION: Legacy,2022-01,9,2.05
489940,BATTALION: Legacy,2021-12,12,1.56
489940,BATTALION: Legacy,2021-11,15,1.81
489940,BATTALION: Legacy,2021-10,12,1.81
489940,BATTALION: Legacy,2021-09,8,2.22
489940,BATTALION: Legacy,2021-08,10,2.97
489940,BATTALION: Legacy,2021-07,16,3.29
489940,BATTALION: Legacy,2021-06,14,3.01
489940,BATTALION: Legacy,2021-05,15,2.74
489940,BATTALION: Legacy,2021-04,23,4.02
489940,BATTALION: Legacy,2021-03,21,4.7
489940,BATTALION: Legacy,2021-02,15,3.72
489940,BATTALION: Legacy,2021-01,24,5.04
489940,BATTALION: Legacy,2020-12,44,6.57
489940,BATTALION: Legacy,2020-11,16,4.94
489940,BATTALION: Legacy,2020-10,18,4.08
489940,BATTALION: Legacy,2020-09,23,4.73
489940,BATTALION: Legacy,2020-08,64,6.95
489940,BATTALION: Legacy,2020-07,81,7.76
489940,BATTALION: Legacy,2020-06,28,7.23
489940,BATTALION: Legacy,2020-05,94,19.46
489940,BATTALION: Legacy,2020-04,71,27.02
489940,BATTALION: Legacy,2020-03,89,24.71
489940,BATTALION: Legacy,2020-02,95,26.63
489940,BATTALION: Legacy,2020-01,139,41.04
489940,BATTALION: Legacy,2019-12,199,61.55
489940,BATTALION: Legacy,2019-11,254,90.45
489940,BATTALION: Legacy,2019-10,1784,278.02
489940,BATTALION: Legacy,2019-09,807,242.52
489940,BATTALION: Legacy,2019-08,2158,633.8
489940,BATTALION: Legacy,2019-07,5742,1647.59
489940,BATTALION: Legacy,2019-06,9228,4046.26
489940,BATTALION: Legacy,2019-05,4784,641.31
489940,BATTALION: Legacy,2019-04,102,22.18
489940,BATTALION: Legacy,2019-03,54,11.81
489940,BATTALION: Legacy,2019-02,73,12.25
489940,BATTALION: Legacy,2019-01,84,15.83
489940,BATTALION: Legacy,2018-12,103,12.31
489940,BATTALION: Legacy,2018-11,40,10.64
489940,BATTALION: Legacy,2018-10,97,22.1
489940,BATTALION: Legacy,2018-09,197,49.66
489940,BATTALION: Legacy,2018-08,300,87.96
489940,BATTALION: Legacy,2018-07,578,140.26
489940,BATTALION: Legacy,2018-06,307,53.87
489940,BATTALION: Legacy,2018-05,235,65.26
489940,BATTALION: Legacy,2018-04,451,116.58
489940,BATTALION: Legacy,2018-03,1235,346.47
489940,BATTALION: Legacy,2018-02,16341,2440.3
489940,BATTALION: Legacy,2018-01,25,4.67
489940,BATTALION: Legacy,2017-12,13,2.16
489940,BATTALION: Legacy,2017-11,15,4.11
489940,BATTALION: Legacy,2017-10,10,0.4
489940,BATTALION: Legacy,2017-09,10,0.84
489940,BATTALION: Legacy,2017-08,9,1.35
489940,BATTALION: Legacy,2017-07,11,1.15
489940,BATTALION: Legacy,2017-06,18,6.22
489940,BATTALION: Legacy,2017-05,13,1.05
489940,BATTALION: Legacy,2017-04,11,0.49
489940,BATTALION: Legacy,2017-03,10,0.47
489940,BATTALION: Legacy,2017-02,10,0.5
489940,BATTALION: Legacy,2017-01,10,1.24
489940,BATTALION: Legacy,2016-12,8,0.76
489940,BATTALION: Legacy,2016-11,10,0.82
1275670,Outcore: Desktop Adventure,2026-04,101,40.41
1275670,Outcore: Desktop Adventure,2026-03,83,38.79
1275670,Outcore: Desktop Adventure,2026-02,151,54.83
1275670,Outcore: Desktop Adventure,2026-01,96,44.41
1275670,Outcore: Desktop Adventure,2025-12,82,36.86
1275670,Outcore: Desktop Adventure,2025-11,83,30.08
1275670,Outcore: Desktop Adventure,2025-10,57,20.49
1275670,Outcore: Desktop Adventure,2025-09,52,21.93
1275670,Outcore: Desktop Adventure,2025-08,63,30.36
1275670,Outcore: Desktop Adventure,2025-07,57,29.21
1275670,Outcore: Desktop Adventure,2025-06,72,35.23
1275670,Outcore: Desktop Adventure,2025-05,77,30.7
1275670,Outcore: Desktop Adventure,2025-04,63,26.24
1275670,Outcore: Desktop Adventure,2025-03,70,29.65
1275670,Outcore: Desktop Adventure,2025-02,80,35.22
1275670,Outcore: Desktop Adventure,2025-01,134,45.57
1275670,Outcore: Desktop Adventure,2024-12,123,39.78
1275670,Outcore: Desktop Adventure,2024-11,88,34.64
1275670,Outcore: Desktop Adventure,2024-10,92,36.03
1275670,Outcore: Desktop Adventure,2024-09,102,48.35
1275670,Outcore: Desktop Adventure,2024-08,166,82.85
1275670,Outcore: Desktop Adventure,2024-07,89,50.76
1275670,Outcore: Desktop Adventure,2024-06,121,62.04
1275670,Outcore: Desktop Adventure,2024-05,111,51.58
1275670,Outcore: Desktop Adventure,2024-04,109,47.01
1275670,Outcore: Desktop Adventure,2024-03,142,61.57
1275670,Outcore: Desktop Adventure,2024-02,138,62.29
1275670,Outcore: Desktop Adventure,2024-01,157,68.01
1275670,Outcore: Desktop Adventure,2023-12,155,71.51
1275670,Outcore: Desktop Adventure,2023-11,331,103.96
1275670,Outcore: Desktop Adventure,2023-10,245,98.76
1275670,Outcore: Desktop Adventure,2023-09,253,46.13
1275670,Outcore: Desktop Adventure,2023-08,88,45.9
1275670,Outcore: Desktop Adventure,2023-07,90,50.08
1275670,Outcore: Desktop Adventure,2023-06,164,59.87
1275670,Outcore: Desktop Adventure,2023-05,86,37.44
1275670,Outcore: Desktop Adventure,2023-04,88,36.16
1275670,Outcore: Desktop Adventure,2023-03,76,31.02
1275670,Outcore: Desktop Adventure,2023-02,173,39.04
1275670,Outcore: Desktop Adventure,2023-01,231,60.58
1275670,Outcore: Desktop Adventure,2022-12,244,57.22
1275670,Outcore: Desktop Adventure,2022-11,453,71.16
1275670,Outcore: Desktop Adventure,2022-10,305,75.53
351640,Eternal Senia,2026-03,8,2.58
351640,Eternal Senia,2025-12,9,2.65
351640,Eternal Senia,2025-10,8,2.81
351640,Eternal Senia,2025-09,7,2.72
351640,Eternal Senia,2025-08,9,3.07
351640,Eternal Senia,2025-07,7,2.18
351640,Eternal Senia,2025-06,8,2.91
351640,Eternal Senia,2025-05,8,3.1
351640,Eternal Senia,2025-04,9,2.8
351640,Eternal Senia,2025-03,8,2.39
351640,Eternal Senia,2025-02,7,2.08
351640,Eternal Senia,2025-01,8,2.41
351640,Eternal Senia,2024-12,6,1.98
351640,Eternal Senia,2024-10,8,2.6
351640,Eternal Senia,2024-09,9,3.06
351640,Eternal Senia,2024-08,8,2.63
351640,Eternal Senia,2024-07,8,2.45
351640,Eternal Senia,2024-06,9,3.24
351640,Eternal Senia,2024-05,10,2.19
351640,Eternal Senia,2024-04,10,2.36
351640,Eternal Senia,2024-03,10,3.15
351640,Eternal Senia,2024-02,8,2.65
351640,Eternal Senia,2024-01,10,2.96
351640,Eternal Senia,2023-12,11,2.39
351640,Eternal Senia,2023-11,7,2.22
351640,Eternal Senia,2023-10,9,2.46
351640,Eternal Senia,2023-09,9,2.42
351640,Eternal Senia,2023-08,9,2.8
351640,Eternal Senia,2023-07,9,2.98
351640,Eternal Senia,2023-06,9,3.44
351640,Eternal Senia,2023-05,10,2.88
351640,Eternal Senia,2023-04,10,2.72
351640,Eternal Senia,2023-03,9,2.81
351640,Eternal Senia,2023-02,9,3.13
351640,Eternal Senia,2023-01,11,3.19
351640,Eternal Senia,2022-12,9,2.91
351640,Eternal Senia,2022-11,7,2.67
351640,Eternal Senia,2022-10,8,2.63
351640,Eternal Senia,2022-09,11,3.49
351640,Eternal Senia,2022-08,11,3.43
351640,Eternal Senia,2022-07,14,3.69
351640,Eternal Senia,2022-06,13,4.08
351640,Eternal Senia,2022-05,19,3.97
351640,Eternal Senia,2022-04,12,3.78
351640,Eternal Senia,2022-03,14,4.83
351640,Eternal Senia,2022-02,16,5.37
351640,Eternal Senia,2022-01,14,4.78
351640,Eternal Senia,2021-12,13,3.67
351640,Eternal Senia,2021-11,10,3.27
351640,Eternal Senia,2021-10,9,3.49
351640,Eternal Senia,2021-09,12,5.02
351640,Eternal Senia,2021-08,19,6.19
351640,Eternal Senia,2021-07,14,5.8
351640,Eternal Senia,2021-06,19,6.12
351640,Eternal Senia,2021-05,16,5.45
351640,Eternal Senia,2021-04,14,3.88
351640,Eternal Senia,2021-03,16,4.5
351640,Eternal Senia,2021-02,17,5.77
351640,Eternal Senia,2021-01,16,5.21
351640,Eternal Senia,2020-12,15,4.45
351640,Eternal Senia,2020-11,14,4.44
351640,Eternal Senia,2020-10,14,4.77
351640,Eternal Senia,2020-09,13,4.85
351640,Eternal Senia,2020-08,16,6.55
351640,Eternal Senia,2020-07,17,6.4
351640,Eternal Senia,2020-06,17,7.27
351640,Eternal Senia,2020-05,20,7.74
351640,Eternal Senia,2020-04,36,9.62
351640,Eternal Senia,2020-03,22,9.17
351640,Eternal Senia,2020-02,20,8.15
351640,Eternal Senia,2020-01,20,7.79
351640,Eternal Senia,2019-12,20,8.37
351640,Eternal Senia,2019-11,23,9.51
351640,Eternal Senia,2019-10,20,4.99
351640,Eternal Senia,2019-09,21,5.8
351640,Eternal Senia,2019-08,22,8.52
351640,Eternal Senia,2019-07,22,9.38
351640,Eternal Senia,2019-06,26,10.1
351640,Eternal Senia,2019-05,588,13.16
351640,Eternal Senia,2019-04,25,9.97
351640,Eternal Senia,2019-03,27,11.33
351640,Eternal Senia,2019-02,29,11.87
351640,Eternal Senia,2019-01,38,15.65
351640,Eternal Senia,2018-12,33,13.76
351640,Eternal Senia,2018-11,27,10.4
351640,Eternal Senia,2018-10,24,8.97
351640,Eternal Senia,2018-09,28,10.95
351640,Eternal Senia,2018-08,36,14.95
351640,Eternal Senia,2018-07,32,16.65
351640,Eternal Senia,2018-06,35,16.24
351640,Eternal Senia,2018-05,43,15.06
351640,Eternal Senia,2018-04,32,13.42
351640,Eternal Senia,2018-03,41,17.49
351640,Eternal Senia,2018-02,40,19.97
351640,Eternal Senia,2018-01,51,22.12
351640,Eternal Senia,2017-12,49,21.94
351640,Eternal Senia,2017-11,42,19.69
351640,Eternal Senia,2017-10,42,20.42
351640,Eternal Senia,2017-09,45,22.21
351640,Eternal Senia,2017-08,47,24.87
351640,Eternal Senia,2017-07,56,29.65
351640,Eternal Senia,2017-06,56,27.91
351640,Eternal Senia,2017-05,55,24.07
351640,Eternal Senia,2017-04,46,23.82
351640,Eternal Senia,2017-03,42,19.92
351640,Eternal Senia,2017-02,52,24.33
351640,Eternal Senia,2017-01,48,25.9
351640,Eternal Senia,2016-12,47,20.96
351640,Eternal Senia,2016-11,48,20.38
351640,Eternal Senia,2016-10,40,19.08
351640,Eternal Senia,2016-09,52,19.11
351640,Eternal Senia,2016-08,42,21.51
351640,Eternal Senia,2016-07,47,26.04
351640,Eternal Senia,2016-06,64,27.58
351640,Eternal Senia,2016-05,56,24.32
351640,Eternal Senia,2016-04,68,30.91
351640,Eternal Senia,2016-03,78,40.68
351640,Eternal Senia,2016-02,80,42.11
351640,Eternal Senia,2016-01,78,46.37
351640,Eternal Senia,2015-12,91,49.92
351640,Eternal Senia,2015-11,100,45.42
351640,Eternal Senia,2015-10,71,39.74
351640,Eternal Senia,2015-09,80,42.59
351640,Eternal Senia,2015-08,98,60.84
351640,Eternal Senia,2015-07,249,131.11
351640,Eternal Senia,2015-06,606,295.23
1147690,NGU IDLE,2026-04,3631,3147.56
1147690,NGU IDLE,2026-03,3842,3162.24
1147690,NGU IDLE,2026-02,3869,3271.57
1147690,NGU IDLE,2026-01,3919,3227.37
1147690,NGU IDLE,2025-12,3785,3187.87
1147690,NGU IDLE,2025-11,3920,3331.6
1147690,NGU IDLE,2025-10,3939,3374.69
1147690,NGU IDLE,2025-09,4027,3385.03
1147690,NGU IDLE,2025-08,3944,3304.86
1147690,NGU IDLE,2025-07,3810,3162.46
1147690,NGU IDLE,2025-06,3939,3259.79
1147690,NGU IDLE,2025-05,3915,3366.51
1147690,NGU IDLE,2025-04,3967,3405.3
1147690,NGU IDLE,2025-03,4091,3473.46
1147690,NGU IDLE,2025-02,4259,3568.87
1147690,NGU IDLE,2025-01,3752,3219.5
1147690,NGU IDLE,2024-12,3847,3168.74
1147690,NGU IDLE,2024-11,3969,3432.92
1147690,NGU IDLE,2024-10,3947,3417.84
1147690,NGU IDLE,2024-09,4072,3450.2
1147690,NGU IDLE,2024-08,3991,3467.29
1147690,NGU IDLE,2024-07,3925,3343.14
1147690,NGU IDLE,2024-06,4092,3476.79
1147690,NGU IDLE,2024-05,4051,3496.74
1147690,NGU IDLE,2024-04,4020,3449.13
1147690,NGU IDLE,2024-03,4038,3396.71
1147690,NGU IDLE,2024-02,4100,3408.5
1147690,NGU IDLE,2024-01,3920,3346.69
1147690,NGU IDLE,2023-12,4082,3326.79
1147690,NGU IDLE,2023-11,4078,3494.28
1147690,NGU IDLE,2023-10,3983,3441.12
1147690,NGU IDLE,2023-09,3848,3288.87
1147690,NGU IDLE,2023-08,3802,3223.61
1147690,NGU IDLE,2023-07,3811,3217.17
1147690,NGU IDLE,2023-06,3799,3275.82
1147690,NGU IDLE,2023-05,3881,3289.19
1147690,NGU IDLE,2023-04,3914,3275.79
1147690,NGU IDLE,2023-03,3885,3309.31
1147690,NGU IDLE,2023-02,3948,3369.6
1147690,NGU IDLE,2023-01,3983,3362.12
1147690,NGU IDLE,2022-12,4121,3372.12
1147690,NGU IDLE,2022-11,4219,3573.09
1147690,NGU IDLE,2022-10,4321,3710.77
1147690,NGU IDLE,2022-09,4527,3826.57
1147690,NGU IDLE,2022-08,4544,3919.56
1147690,NGU IDLE,2022-07,4582,3963.88
1147690,NGU IDLE,2022-06,4855,4171.39
1147690,NGU IDLE,2022-05,5145,4340.94
1147690,NGU IDLE,2022-04,5216,4462.12
1147690,NGU IDLE,2022-03,5101,4408.11
1147690,NGU IDLE,2022-02,5483,4590.86
1147690,NGU IDLE,2022-01,5614,4753.31
1147690,NGU IDLE,2021-12,5546,4647.12
1147690,NGU IDLE,2021-11,5731,4899.6
1147690,NGU IDLE,2021-10,5949,5126.08
1147690,NGU IDLE,2021-09,6199,5265.39
1147690,NGU IDLE,2021-08,6402,5275.31
1147690,NGU IDLE,2021-07,6029,5199.9
1147690,NGU IDLE,2021-06,6064,5148.12
1147690,NGU IDLE,2021-05,6317,5282.8
1147690,NGU IDLE,2021-04,7037,5535.2
1147690,NGU IDLE,2021-03,7889,6435.41
1147690,NGU IDLE,2021-02,7826,6561.37
1147690,NGU IDLE,2021-01,8012,6595.37
1147690,NGU IDLE,2020-12,7857,6409.11
1147690,NGU IDLE,2020-11,7649,6561.84
1147690,NGU IDLE,2020-10,7907,6585.83
1147690,NGU IDLE,2020-09,7470,6355.27
1147690,NGU IDLE,2020-08,7142,6162.09
1147690,NGU IDLE,2020-07,7312,6081.31
1147690,NGU IDLE,2020-06,7312,6104.26
1147690,NGU IDLE,2020-05,7599,6307.02
1147690,NGU IDLE,2020-04,7572,6381.77
1147690,NGU IDLE,2020-03,7198,5835.55
1147690,NGU IDLE,2020-02,6706,5572.42
1147690,NGU IDLE,2020-01,6279,5128.76
1147690,NGU IDLE,2019-12,5665,4790.91
1147690,NGU IDLE,2019-11,5561,4693.04
1147690,NGU IDLE,2019-10,5654,4488.14
2437170,SMITE 2,2026-04,8354,4520.99
2437170,SMITE 2,2026-03,8794,4688.55
2437170,SMITE 2,2026-02,9044,4874.53
2437170,SMITE 2,2026-01,8775,4449.18
2437170,SMITE 2,2025-12,6827,3749.19
2437170,SMITE 2,2025-11,6265,3602.26
2437170,SMITE 2,2025-10,6404,3482.27
2437170,SMITE 2,2025-09,6790,3682.53
2437170,SMITE 2,2025-08,7421,4120.8
2437170,SMITE 2,2025-07,7010,3837.36
2437170,SMITE 2,2025-06,6569,3719.34
2437170,SMITE 2,2025-05,6889,3890.01
2437170,SMITE 2,2025-04,7387,4067.6
2437170,SMITE 2,2025-03,10621,4993.9
2437170,SMITE 2,2025-02,15200,7216.47
2437170,SMITE 2,2025-01,21244,6203.17
2437170,SMITE 2,2024-12,2379,961.54
2437170,SMITE 2,2024-11,2504,1227.1
2437170,SMITE 2,2024-10,2333,1085.15
2437170,SMITE 2,2024-09,6473,2046.58
